FECHA;HORA;CANTON;PARROQUIA;ZONA;LATITUD_Y;LONGITUD_X;DIRECCION;TIPO_DE_SINIESTRO;CAUSA_PROBABLE;TIPO_DE_VEHICULO_1;LESIONADOS;FALLECIDOS;FERIADO;ANIO;MES;DIA;DIA_SEMANA;NOMBRE_DIA;HORA_DECIMAL;HORA_NUM;RANGO_HORARIO;HORA_SIN;HORA_COS;DIA_SIN;DIA_COS;TOTAL_VICTIMAS
2024-02-06;15:00:00.086000;CUENCA;CUENCA;URBANA;-2,895053;-79,007609;GRAN COLOMBIA Y TARQUI;ATROPELLOS;NO CEDER EL DERECHO DE VÍA O PREFERENCIA DE PASO AL PEATÓN.;MOTOCICLETA;0;1;NO;2024;2;6;1;MARTES;15,0;15;TARDE;-0,7071067811865471;-0,7071067811865479;0,7818314824680298;0,6234898018587336;1
2024-02-06;16:37:59.952000;CUENCA;CUENCA;URBANA;-2,881957;-79,003371;YAUPI Y BENJAMIN FRANKLIN;CHOQUE LATERAL;NO CEDER EL DERECHO DE VÍA O PREFERENCIA DE PASO A VEHÍCULOS.;MOTOCICLETA;1;0;NO;2024;2;6;1;MARTES;16,633055555555558;16;TARDE;-0,8660254037844385;-0,5000000000000004;0,7818314824680298;0,6234898018587336;1
2024-02-06;19:46:59.952000;CUENCA;CUENCA;URBANA;-2,879914;-78,988207;BARRIAL BLANCO Y OBISPO ALBERTO ORDOÑEZ;CHOQUE LATERAL;NO RESPETAR LAS SEÑALES MANUALES DEL AGENTE DE TRÁNSITO.;MOTOCICLETA;2;0;NO;2024;2;6;1;MARTES;19,783055555555556;19;NOCHE;-0,9659258262890684;0,2588190451025203;0,7818314824680298;0,6234898018587336;2
2024-02-07;18:18:00.086000;CUENCA;NULTI;RURAL;-2,866752;-78,878143;VIA JADAN KM5 SECTOR PALMIRA Y SN;PÉRDIDA DE CARRIL;CONDUCE BAJO LA INFLUENCIA DE ALCOHOL, SUSTANCIAS ESTUPEFACIENTES O PSICOTRÓPICAS Y/O MEDICAMENTOS.;AUTOMÓVIL;1;0;NO;2024;2;7;2;MIERCOLES;18,3;18;NOCHE;-1,0;-1,8369701987210297e-16;0,9749279121818236;-0,22252093395631434;1
2024-02-07;18:48:59.933000;CUENCA;CUENCA;URBANA;-2,889076;-78,953982;RED ESTATAL E35 KM699 Y AV AMERICAS;CHOQUE POSTERIOR;CONDUCE BAJO LA INFLUENCIA DE ALCOHOL, SUSTANCIAS ESTUPEFACIENTES O PSICOTRÓPICAS Y/O MEDICAMENTOS.;VEHÍCULO DEPORTIVO UTILITARIO;0;0;NO;2024;2;7;2;MIERCOLES;18,81638888888889;18;NOCHE;-1,0;-1,8369701987210297e-16;0,9749279121818236;-0,22252093395631434;0
2024-02-08;19:01:59.952000;CUENCA;CUENCA;URBANA;-2,899531;-79,002331;PRESIDENTE CORDOVA Y HERMANO MIGUEL;CHOQUE LATERAL;CONDUCE BAJO LA INFLUENCIA DE ALCOHOL, SUSTANCIAS ESTUPEFACIENTES O PSICOTRÓPICAS Y/O MEDICAMENTOS.;AUTOMÓVIL;0;0;NO;2024;2;8;3;JUEVES;19,033055555555556;19;NOCHE;-0,9659258262890684;0,2588190451025203;0,43388373911755823;-0,900968867902419;0
2024-02-09;08:20:59.942000;CUENCA;CUENCA;URBANA;-2,900329;-78,971118;RED ESTATAL E35 KM 700 Y VIA  MONAY BAGUANCHI;CHOQUE LATERAL;CONDUCE BAJO LA INFLUENCIA DE ALCOHOL, SUSTANCIAS ESTUPEFACIENTES O PSICOTRÓPICAS Y/O MEDICAMENTOS.;BICICLETA;1;0;NO;2024;2;9;4;VIERNES;8,349722222222223;8;MANANA;0,8660254037844387;-0,4999999999999998;-0,433883739117558;-0,9009688679024191;1
2024-02-09;11:35:59.971000;CUENCA;CUENCA;URBANA;-2,886846;-78,986008;GIL RAMIREZ DAVALOS Y TURUHUAYCO;CHOQUE LATERAL;NO RESPETAR LAS SEÑALES MANUALES DEL AGENTE DE TRÁNSITO.;MOTOCICLETA;1;0;NO;2024;2;9;4;VIERNES;11,599722222222223;11;MANANA;0,258819045102521;-0,9659258262890682;-0,433883739117558;-0,9009688679024191;1
2024-02-09;15:09:59.962000;CUENCA;CUENCA;URBANA;-2,897433;-79,003791;RED ESTATAL E35 KM689 Y SN -  GUANGARCUCHO;ATROPELLOS;PEATÓN TRANSITA BAJO INFLUENCIA DE ALCOHOL, SUSTANCIAS ESTUPEFACIENTES O PSICOTRÓPICAS Y/O MEDICAMENTOS.;NO IDENTIFICADO;1;0;NO;2024;2;9;4;VIERNES;15,16638888888889;15;TARDE;-0,7071067811865471;-0,7071067811865479;-0,433883739117558;-0,9009688679024191;1
2024-02-09;16:00:59.990000;CUENCA;CUENCA;URBANA;-2,891947;-79,024604;AV AMERICAS Y DEL ARRAYAN;CHOQUE POSTERIOR;CONDUCE BAJO LA INFLUENCIA DE ALCOHOL, SUSTANCIAS ESTUPEFACIENTES O PSICOTRÓPICAS Y/O MEDICAMENTOS.;MOTOCICLETA;1;0;NO;2024;2;9;4;VIERNES;16,01638888888889;16;TARDE;-0,8660254037844385;-0,5000000000000004;-0,433883739117558;-0,9009688679024191;1
2024-02-09;18:51:59.990000;CUENCA;CUENCA;URBANA;-2,895371;-79,012937;MARISCAL SUCRE Y MIGUEL HEREDIA;ESTRELLAMIENTOS;CONDUCIR DESATENTO A LAS CONDICIONES DE TRÁNSITO (CELULAR, PANTALLAS DE VIDEO, COMIDA, MAQUILLAJE O CUALQUIER OTRO ELEMENTO DISTRACTOR).;MOTOCICLETA;1;0;NO;2024;2;9;4;VIERNES;18,866388888888892;18;NOCHE;-1,0;-1,8369701987210297e-16;-0,433883739117558;-0,9009688679024191;1
2024-02-09;18:52:59.952000;CUENCA;NULTI;RURAL;-2,845013;-78,884443;VIA A JADAN Y RED ESTATAL E35 KM 688;PÉRDIDA DE PISTA;CONDUCIR DESATENTO A LAS CONDICIONES DE TRÁNSITO (CELULAR, PANTALLAS DE VIDEO, COMIDA, MAQUILLAJE O CUALQUIER OTRO ELEMENTO DISTRACTOR).;MOTOCICLETA;0;1;NO;2024;2;9;4;VIERNES;18,883055555555558;18;NOCHE;-1,0;-1,8369701987210297e-16;-0,433883739117558;-0,9009688679024191;1
2024-02-09;23:31:59.952000;CUENCA;CUENCA;URBANA;-2,902575;-79,030046;AV AMERICAS Y PASAJE MEXICO;PÉRDIDA DE CARRIL;CONDUCIR DESATENTO A LAS CONDICIONES DE TRÁNSITO (CELULAR, PANTALLAS DE VIDEO, COMIDA, MAQUILLAJE O CUALQUIER OTRO ELEMENTO DISTRACTOR).;FURGONETA;0;0;NO;2024;2;9;4;VIERNES;23,533055555555556;23;NOCHE;-0,25881904510252157;0,9659258262890681;-0,433883739117558;-0,9009688679024191;0
2024-02-09;23:51:00.086000;CUENCA;CUENCA;URBANA;-2,901921;-78,979063;24 DE MAYO Y BUENOS AIRES;CHOQUE LATERAL;CONDUCE BAJO LA INFLUENCIA DE ALCOHOL, SUSTANCIAS ESTUPEFACIENTES O PSICOTRÓPICAS Y/O MEDICAMENTOS.;MOTOCICLETA;1;0;NO;2024;2;9;4;VIERNES;23,85;23;NOCHE;-0,25881904510252157;0,9659258262890681;-0,433883739117558;-0,9009688679024191;1
2024-02-10;05:56:59.942000;CUENCA;CUENCA;URBANA;-2,901564;-79,034701;DANIEL FERNANDEZ DE CORDOVA Y FRANCISCO CISNEROS;CHOQUE FRONTAL;CONDUCE BAJO LA INFLUENCIA DE ALCOHOL, SUSTANCIAS ESTUPEFACIENTES O PSICOTRÓPICAS Y/O MEDICAMENTOS.;AUTOMÓVIL;3;0;NO;2024;2;10;5;SABADO;5,949722222222222;5;MADRUGADA;0,9659258262890683;0,25881904510252074;-0,9749279121818236;-0,2225209339563146;3
2024-02-11;03:22:59.981000;CUENCA;CUENCA;URBANA;-2,900144;-78,986903;GONZALES SUAREZ Y PASEO HUAGRA HUMA;PÉRDIDA DE PISTA;CONDUCE BAJO LA INFLUENCIA DE ALCOHOL, SUSTANCIAS ESTUPEFACIENTES O PSICOTRÓPICAS Y/O MEDICAMENTOS.;VEHÍCULO DEPORTIVO UTILITARIO;3;0;NO;2024;2;11;6;DOMINGO;3,3830555555555555;3;MADRUGADA;0,7071067811865476;0,7071067811865476;-0,7818314824680299;0,6234898018587334;3
2024-02-11;10:18:59.990000;CUENCA;CUENCA;URBANA;-2,889831;-79,008694;RAFAEL MARÍA ARIZAGA Y ESTEVEZ DE TORAL;CHOQUE LATERAL;NO RESPETAR LAS SEÑALES MANUALES DEL AGENTE DE TRÁNSITO.;AUTOMÓVIL;0;0;NO;2024;2;11;6;DOMINGO;10,31638888888889;10;MANANA;0,49999999999999994;-0,8660254037844387;-0,7818314824680299;0,6234898018587334;0
2024-02-11;18:23:59.942000;CUENCA;QUINGEO;RURAL;-3,032205;-78,927562;VIA A COCHAPAMBA CHICO Y SN;PÉRDIDA DE PISTA;CONDUCIR DESATENTO A LAS CONDICIONES DE TRÁNSITO (CELULAR, PANTALLAS DE VIDEO, COMIDA, MAQUILLAJE O CUALQUIER OTRO ELEMENTO DISTRACTOR).;AUTOMÓVIL;5;0;NO;2024;2;11;6;DOMINGO;18,399722222222223;18;NOCHE;-1,0;-1,8369701987210297e-16;-0,7818314824680299;0,6234898018587334;5
2024-02-11;23:39:59.990000;CUENCA;CUENCA;URBANA;-2,908737;-79,003431;MIGUEL CORDERO DAVILA Y LUIS SARMIENTO;PÉRDIDA DE PISTA;CONDUCIR DESATENTO A LAS CONDICIONES DE TRÁNSITO (CELULAR, PANTALLAS DE VIDEO, COMIDA, MAQUILLAJE O CUALQUIER OTRO ELEMENTO DISTRACTOR).;NO IDENTIFICADO;1;0;NO;2024;2;11;6;DOMINGO;23,66638888888889;23;NOCHE;-0,25881904510252157;0,9659258262890681;-0,7818314824680299;0,6234898018587334;1
2024-02-12;00:20:59.971000;CUENCA;CUENCA;URBANA;-2,889718;-78,963842;GONZALEZ SUÁREZ Y AV AMERICAS;ROZAMIENTOS;CONDUCE BAJO LA INFLUENCIA DE ALCOHOL, SUSTANCIAS ESTUPEFACIENTES O PSICOTRÓPICAS Y/O MEDICAMENTOS.;BICICLETA;1;0;NO;2024;2;12;0;LUNES;0,3497222222222222;0;MADRUGADA;0,0;1,0;0,0;1,0;1
2024-02-12;10:01:59.952000;CUENCA;CUENCA;URBANA;-2,851893;-78,904297;RED ESTATAL E35 KM 691 Y SN;ATROPELLOS;NO TRANSITAR POR LAS ACERAS O ZONAS DE SEGURIDAD DESTINADAS PARA EL EFECTO.;AUTOMÓVIL;1;0;NO;2024;2;12;0;LUNES;10,033055555555556;10;MANANA;0,49999999999999994;-0,8660254037844387;0,0;1,0;1
2024-02-12;16:27:59.990000;CUENCA;TURI;URBANA;-2,919783;-79,005094;RED ESTATAL E 35 KM 704 1/2 Y SUBIDA A TURI;CHOQUE POSTERIOR;CONDUCIR DESATENTO A LAS CONDICIONES DE TRÁNSITO (CELULAR, PANTALLAS DE VIDEO, COMIDA, MAQUILLAJE O CUALQUIER OTRO ELEMENTO DISTRACTOR).;NO IDENTIFICADO;3;0;NO;2024;2;12;0;LUNES;16,46638888888889;16;TARDE;-0,8660254037844385;-0,5000000000000004;0,0;1,0;3
2024-02-12;21:07:59.952000;CUENCA;CUENCA;RURAL;-2,878253;-79,059741;EL MATORRAL Y EL OREGANO;ROZAMIENTOS;CONDUCE BAJO LA INFLUENCIA DE ALCOHOL, SUSTANCIAS ESTUPEFACIENTES O PSICOTRÓPICAS Y/O MEDICAMENTOS.;CAMIONETA;0;0;NO;2024;2;12;0;LUNES;21,133055555555558;21;NOCHE;-0,7071067811865477;0,7071067811865474;0,0;1,0;0
2024-02-13;00:13:59.981000;CUENCA;VALLE;RURAL;-2,918858;-78,981045;VIA AL BARRIO VIRGEN DEL CISNE 2 Y SN;ESTRELLAMIENTOS;CONDUCIR DESATENTO A LAS CONDICIONES DE TRÁNSITO (CELULAR, PANTALLAS DE VIDEO, COMIDA, MAQUILLAJE O CUALQUIER OTRO ELEMENTO DISTRACTOR).;AUTOMÓVIL;0;0;NO;2024;2;13;1;MARTES;0,23305555555555557;0;MADRUGADA;0,0;1,0;0,7818314824680298;0,6234898018587336;0
2024-02-13;02:34:59.923000;CUENCA;SIDCAY;RURAL;-2,827059;-78,980788;DORA CANELOS Y SN;PÉRDIDA DE PISTA;CONDUCIR DESATENTO A LAS CONDICIONES DE TRÁNSITO (CELULAR, PANTALLAS DE VIDEO, COMIDA, MAQUILLAJE O CUALQUIER OTRO ELEMENTO DISTRACTOR).;AUTOMÓVIL;0;0;NO;2024;2;13;1;MARTES;2,583055555555555;2;MADRUGADA;0,49999999999999994;0,8660254037844387;0,7818314824680298;0,6234898018587336;0
2024-02-13;10:19:59.952000;CUENCA;RICAURTE (CUENCA);RURAL;-2,860374;-78,962736;FEDERICO SANCHEZ Y ALFONSO BERNAL;ATROPELLOS;NO CEDER EL DERECHO DE VÍA O PREFERENCIA DE PASO AL PEATÓN.;AUTOMÓVIL;1;0;NO;2024;2;13;1;MARTES;10,333055555555555;10;MANANA;0,49999999999999994;-0,8660254037844387;0,7818314824680298;0,6234898018587336;1
2024-02-13;20:09:59.933000;CUENCA;BAÑOS (CUENCA);RURAL;-2,921718;-79,079933;VIA A MINAS Y SN;CHOQUE FRONTAL;CONDUCE BAJO LA INFLUENCIA DE ALCOHOL, SUSTANCIAS ESTUPEFACIENTES O PSICOTRÓPICAS Y/O MEDICAMENTOS.;AUTOMÓVIL;1;0;NO;2024;2;13;1;MARTES;20,16638888888889;20;NOCHE;-0,8660254037844386;0,5000000000000001;0,7818314824680298;0,6234898018587336;1
2024-02-14;10:19:59.952000;CUENCA;CUENCA;URBANA;-2,910552;-79,020541;ISABEL LA CATÓLICA Y 12 DE OCTUBRE;CHOQUE LATERAL;REALIZAR CAMBIO BRUSCO O INDEBIDO DE CARRIL.;CAMIONETA;0;0;NO;2024;2;14;2;MIERCOLES;10,333055555555555;10;MANANA;0,49999999999999994;-0,8660254037844387;0,9749279121818236;-0,22252093395631434;0
2024-02-14;11:37:59.981000;CUENCA;CUENCA;URBANA;-2,894878;-78,999456;VARGAS MACHUCA Y SANGURIMA;ATROPELLOS;NO TRANSITAR POR LAS ACERAS O ZONAS DE SEGURIDAD DESTINADAS PARA EL EFECTO.;MOTOCICLETA;1;0;NO;2024;2;14;2;MIERCOLES;11,633055555555556;11;MANANA;0,258819045102521;-0,9659258262890682;0,9749279121818236;-0,22252093395631434;1
2024-02-14;19:09:59.990000;CUENCA;TURI;RURAL;-2,928684;-79,032404;VÍA AL CALVARIO Y SN;ATROPELLOS;NO CEDER EL DERECHO DE VÍA O PREFERENCIA DE PASO AL PEATÓN.;NO IDENTIFICADO;1;0;NO;2024;2;14;2;MIERCOLES;19,16638888888889;19;NOCHE;-0,9659258262890684;0,2588190451025203;0,9749279121818236;-0,22252093395631434;1
2024-02-15;13:44:59.942000;CUENCA;CUENCA;URBANA;-2,887004;-78,989226;ELIA LIUT Y CALLE VIEJA;ATROPELLOS;PEATÓN TRANSITA BAJO INFLUENCIA DE ALCOHOL, SUSTANCIAS ESTUPEFACIENTES O PSICOTRÓPICAS Y/O MEDICAMENTOS.;NO IDENTIFICADO;1;0;NO;2024;2;15;3;JUEVES;13,749722222222221;13;TARDE;-0,2588190451025208;-0,9659258262890683;0,43388373911755823;-0,900968867902419;1
2024-02-15;14:30:59.990000;CUENCA;CUENCA;URBANA;-2,922972;-79,028698;RED ESTATAL E35 KM 707 Y VIA A SAN AGUSTIN;ATROPELLOS;NO TRANSITAR POR LAS ACERAS O ZONAS DE SEGURIDAD DESTINADAS PARA EL EFECTO.;AUTOMÓVIL;1;0;NO;2024;2;15;3;JUEVES;14,516388888888889;14;TARDE;-0,4999999999999997;-0,8660254037844388;0,43388373911755823;-0,900968867902419;1
2024-02-16;10:41:59.971000;CUENCA;CUENCA;URBANA;-2,909412;-78,997267;12 DE ABRIL Y ARIRUMBA;CHOQUE LATERAL;NO RESPETAR LAS SEÑALES MANUALES DEL AGENTE DE TRÁNSITO.;MOTOCICLETA;0;0;NO;2024;2;16;4;VIERNES;10,699722222222222;10;MANANA;0,49999999999999994;-0,8660254037844387;-0,433883739117558;-0,9009688679024191;0
2024-02-16;20:26:59.971000;CUENCA;CUENCA;URBANA;-2,884451;-79,002331;AV AMERICAS Y LUIS CORDERO;CHOQUE LATERAL;CONDUCE BAJO LA INFLUENCIA DE ALCOHOL, SUSTANCIAS ESTUPEFACIENTES O PSICOTRÓPICAS Y/O MEDICAMENTOS.;AUTOMÓVIL;0;0;NO;2024;2;16;4;VIERNES;20,449722222222224;20;NOCHE;-0,8660254037844386;0,5000000000000001;-0,433883739117558;-0,9009688679024191;0
2024-02-17;05:15:59.962000;CUENCA;RICAURTE (CUENCA);RURAL;-2,869926;-78,971883;25 DE MARZO Y JULIA BERNAL;PÉRDIDA DE PISTA;CONDUCE BAJO LA INFLUENCIA DE ALCOHOL, SUSTANCIAS ESTUPEFACIENTES O PSICOTRÓPICAS Y/O MEDICAMENTOS.;MOTOCICLETA;1;0;NO;2024;2;17;5;SABADO;5,266388888888889;5;MADRUGADA;0,9659258262890683;0,25881904510252074;-0,9749279121818236;-0,2225209339563146;1
2024-02-17;12:34:59.952000;CUENCA;CUENCA;URBANA;-2,888502;-79,011433;AV AMERICAS Y DE LOS BALCONES;ROZAMIENTOS;REALIZAR CAMBIO BRUSCO O INDEBIDO DE CARRIL.;AUTOMÓVIL;2;0;NO;2024;2;17;5;SABADO;12,583055555555555;12;TARDE;1,2246467991473532e-16;-1,0;-0,9749279121818236;-0,2225209339563146;2
2024-02-17;13:25:59.981000;CUENCA;RICAURTE (CUENCA);RURAL;-2,869493;-78,965073;JULIA BERNAL Y CORDILLERA DEL CONDOR;CHOQUE POSTERIOR;NO MANTENER LA DISTANCIA PRUDENCIAL CON RESPECTO AL VEHÍCULO QUE LE ANTECEDE.;BICICLETA;2;0;NO;2024;2;17;5;SABADO;13,433055555555555;13;TARDE;-0,2588190451025208;-0,9659258262890683;-0,9749279121818236;-0,2225209339563146;2
2024-02-17;13:35:59.942000;CUENCA;CUENCA;URBANA;-2,886188;-78,995331;AV AMERICAS Y ARMENILLAS;ATROPELLOS;CONDUCIR DESATENTO A LAS CONDICIONES DE TRÁNSITO (CELULAR, PANTALLAS DE VIDEO, COMIDA, MAQUILLAJE O CUALQUIER OTRO ELEMENTO DISTRACTOR).;AUTOMÓVIL;1;0;NO;2024;2;17;5;SABADO;13,599722222222223;13;TARDE;-0,2588190451025208;-0,9659258262890683;-0,9749279121818236;-0,2225209339563146;1
2024-02-17;15:27:59.962000;CUENCA;SANTA ANA;RURAL;-2,972701;-78,904365;VIA A SANTA ANA-SAN BARTOLO Y SN;CHOQUE FRONTAL;CONDUCE BAJO LA INFLUENCIA DE ALCOHOL, SUSTANCIAS ESTUPEFACIENTES O PSICOTRÓPICAS Y/O MEDICAMENTOS.;AUTOMÓVIL;1;0;NO;2024;2;17;5;SABADO;15,466388888888888;15;TARDE;-0,7071067811865471;-0,7071067811865479;-0,9749279121818236;-0,2225209339563146;1
2024-02-17;20:21:59.990000;CUENCA;CUENCA;URBANA;-2,906144;-78,983636;MAX UHLE Y PUMAPUNGO;CHOQUE FRONTAL;NO RESPETAR LAS SEÑALES MANUALES DEL AGENTE DE TRÁNSITO.;MOTOCICLETA;1;0;NO;2024;2;17;5;SABADO;20,366388888888892;20;NOCHE;-0,8660254037844386;0,5000000000000001;-0,9749279121818236;-0,2225209339563146;1
2024-02-17;22:14:59.971000;CUENCA;CUENCA;URBANA;-2,879888;-79,067047;ORDOÑEZ LASSO Y CAMINO DEL TEJAR;CHOQUE LATERAL;NO CEDER EL DERECHO DE VÍA O PREFERENCIA DE PASO A VEHÍCULOS.;MOTOCICLETA;1;0;NO;2024;2;17;5;SABADO;22,249722222222225;22;NOCHE;-0,5000000000000004;0,8660254037844384;-0,9749279121818236;-0,2225209339563146;1
2024-02-18;06:32:59.942000;CUENCA;CUENCA;URBANA;-2,893533;-78,961814;AV AMERICAS Y 24 DE MAYO;PÉRDIDA DE PISTA;CONDUCIR DESATENTO A LAS CONDICIONES DE TRÁNSITO (CELULAR, PANTALLAS DE VIDEO, COMIDA, MAQUILLAJE O CUALQUIER OTRO ELEMENTO DISTRACTOR).;CAMIONETA;0;0;NO;2024;2;18;6;DOMINGO;6,549722222222222;6;MANANA;1,0;6,123233995736766e-17;-0,7818314824680299;0,6234898018587334;0
2024-02-18;14:08:59.971000;CUENCA;SAN JOAQUIN;RURAL;-2,896791;-79,054766;ENRIQUE ARIZAGA Y ENTRADA A SAN JOAQUÍN;PÉRDIDA DE PISTA;CONDUCE BAJO LA INFLUENCIA DE ALCOHOL, SUSTANCIAS ESTUPEFACIENTES O PSICOTRÓPICAS Y/O MEDICAMENTOS.;MOTOCICLETA;1;0;NO;2024;2;18;6;DOMINGO;14,149722222222222;14;TARDE;-0,4999999999999997;-0,8660254037844388;-0,7818314824680299;0,6234898018587334;1
2024-02-21;08:00:59.933000;CUENCA;CUENCA;URBANA;-2,880748;-78,995221;ANTONIO NEUMANE Y MARTIN GARATE;CHOQUE LATERAL;NO RESPETAR LAS SEÑALES MANUALES DEL AGENTE DE TRÁNSITO.;MOTOCICLETA;2;0;NO;2024;2;21;2;MIERCOLES;8,016388888888889;8;MANANA;0,8660254037844387;-0,4999999999999998;0,9749279121818236;-0,22252093395631434;2
2024-02-21;09:13:59.981000;CUENCA;CUENCA;URBANA;-2,881839;-79,018728;ABELARDO J ANDRADE Y JARAMIJO;CHOQUE LATERAL;CONDUCIR DESATENTO A LAS CONDICIONES DE TRÁNSITO (CELULAR, PANTALLAS DE VIDEO, COMIDA, MAQUILLAJE O CUALQUIER OTRO ELEMENTO DISTRACTOR).;NO IDENTIFICADO;1;0;NO;2024;2;21;2;MIERCOLES;9,233055555555556;9;MANANA;0,7071067811865476;-0,7071067811865475;0,9749279121818236;-0,22252093395631434;1
2024-02-21;09:21:59.933000;CUENCA;CUENCA;URBANA;-2,879212;-78,979506;AV AMRICAS Y SN - DEL TORIL;ESTRELLAMIENTOS;CONDUCIR DESATENTO A LAS CONDICIONES DE TRÁNSITO (CELULAR, PANTALLAS DE VIDEO, COMIDA, MAQUILLAJE O CUALQUIER OTRO ELEMENTO DISTRACTOR).;AUTOMÓVIL;0;0;NO;2024;2;21;2;MIERCOLES;9,366388888888888;9;MANANA;0,7071067811865476;-0,7071067811865475;0,9749279121818236;-0,22252093395631434;0
2024-02-22;07:09:59.990000;CUENCA;CUENCA;URBANA;-2,901226;-79,030827;FRANCISCO AGUILAR Y LEOPOLDO DAVILA CORDOVA;CHOQUE LATERAL;NO RESPETAR LAS SEÑALES MANUALES DEL AGENTE DE TRÁNSITO.;SCOOTER ELÉCTRICO;2;0;NO;2024;2;22;3;JUEVES;7,166388888888889;7;MANANA;0,9659258262890683;-0,25881904510252063;0,43388373911755823;-0,900968867902419;2
2024-02-22;13:59:59.971000;CUENCA;CUENCA;URBANA;-2,891921;-78,981807;BUERAN Y SARA URCO;CHOQUE LATERAL;NO RESPETAR LAS SEÑALES MANUALES DEL AGENTE DE TRÁNSITO.;AUTOMÓVIL;0;0;NO;2024;2;22;3;JUEVES;13,999722222222221;13;TARDE;-0,2588190451025208;-0,9659258262890683;0,43388373911755823;-0,900968867902419;0
2024-02-22;18:56:59.971000;CUENCA;CUENCA;URBANA;-2,898885;-79,010721;12 DE ABRIL Y LOJA;CHOQUE LATERAL;NO RESPETAR LAS SEÑALES MANUALES DEL AGENTE DE TRÁNSITO.;AUTOMÓVIL;1;0;NO;2024;2;22;3;JUEVES;18,949722222222224;18;NOCHE;-1,0;-1,8369701987210297e-16;0,43388373911755823;-0,900968867902419;1
2024-02-23;14:13:59.952000;CUENCA;CUENCA;URBANA;-2,898794;-79,005221;PRESIDENTE CÓRDOVA Y BENIGNO MALO;ATROPELLOS;NO CEDER EL DERECHO DE VÍA O PREFERENCIA DE PASO AL PEATÓN.;AUTOMÓVIL;1;0;NO;2024;2;23;4;VIERNES;14,233055555555556;14;TARDE;-0,4999999999999997;-0,8660254037844388;-0,433883739117558;-0,9009688679024191;1
2024-02-24;11:24:59.962000;CUENCA;CUENCA;URBANA;-2,920671;-79,037068;LOJA Y ALFONSO PINZON;CHOQUE LATERAL;NO RESPETAR LAS SEÑALES MANUALES DEL AGENTE DE TRÁNSITO.;MOTOCICLETA;1;0;NO;2024;2;24;5;SABADO;11,41638888888889;11;MANANA;0,258819045102521;-0,9659258262890682;-0,9749279121818236;-0,2225209339563146;1
2024-02-24;15:36:59.962000;CUENCA;TURI;RURAL;-2,926311;-79,023027;VÍA AL CRS TURI Y SN;PÉRDIDA DE PISTA;CONDUCIR DESATENTO A LAS CONDICIONES DE TRÁNSITO (CELULAR, PANTALLAS DE VIDEO, COMIDA, MAQUILLAJE O CUALQUIER OTRO ELEMENTO DISTRACTOR).;AUTOMÓVIL;0;0;NO;2024;2;24;5;SABADO;15,616388888888888;15;TARDE;-0,7071067811865471;-0,7071067811865479;-0,9749279121818236;-0,2225209339563146;0
2024-02-24;18:38:59.971000;CUENCA;RICAURTE (CUENCA);RURAL;-2,864566;-78,944361;JULIA BERNAL Y GABRIEL SAVIO;CHOQUE LATERAL;NO CEDER EL DERECHO DE VÍA O PREFERENCIA DE PASO A VEHÍCULOS.;MOTOCICLETA;1;0;NO;2024;2;24;5;SABADO;18,649722222222223;18;NOCHE;-1,0;-1,8369701987210297e-16;-0,9749279121818236;-0,2225209339563146;1
2024-02-25;00:01:59.923000;CUENCA;CUENCA;URBANA;-2,915102;-79,037747;AV AMERICAS Y NICOLAS DE ROCHA;CHOQUE POSTERIOR;NO MANTENER LA DISTANCIA PRUDENCIAL CON RESPECTO AL VEHÍCULO QUE LE ANTECEDE.;AUTOMÓVIL;0;0;NO;2024;2;25;6;DOMINGO;0,03305555555555556;0;MADRUGADA;0,0;1,0;-0,7818314824680299;0,6234898018587334;0
2024-02-25;00:06:59.990000;CUENCA;CUENCA;URBANA;-2,909418;-79,034883;AV AMERICAS Y LUIS MOSCOSO;CHOQUE LATERAL;NO RESPETAR LAS SEÑALES MANUALES DEL AGENTE DE TRÁNSITO.;CAMIONETA;1;0;NO;2024;2;25;6;DOMINGO;0,1163888888888889;0;MADRUGADA;0,0;1,0;-0,7818314824680299;0,6234898018587334;1