FECHA;HORA;CANTON;PARROQUIA;ZONA;LATITUD_Y;LONGITUD_X;DIRECCION;TIPO_DE_SINIESTRO;CAUSA_PROBABLE;TIPO_DE_VEHICULO_1;LESIONADOS;FALLECIDOS;FERIADO;ANIO;MES;DIA;DIA_SEMANA;NOMBRE_DIA;HORA_DECIMAL;HORA_NUM;RANGO_HORARIO;HORA_SIN;HORA_COS;DIA_SIN;DIA_COS;TOTAL_VICTIMAS
2024-02-25;10:21:59.962000;CUENCA;CUENCA;URBANA;-2,874064;-78,983867;DE LOS X JUEGOS BOLIVARIANOS Y BARRIAL BLANCO;CHOQUE POSTERIOR;NO MANTENER LA DISTANCIA PRUDENCIAL CON RESPECTO AL VEHÍCULO QUE LE ANTECEDE.;AUTOMÓVIL;0;0;NO;2024;2;25;6;DOMINGO;10,366388888888888;10;MANANA;0,49999999999999994;-0,8660254037844387;-0,7818314824680299;0,6234898018587334;0
2024-02-25;15:07:59.952000;CUENCA;CUENCA;URBANA;-2,907639;-79,032045;PRIMERO DE MAYOY AV AMERICAS;CHOQUE POSTERIOR;NO MANTENER LA DISTANCIA PRUDENCIAL CON RESPECTO AL VEHÍCULO QUE LE ANTECEDE.;AUTOMÓVIL;0;0;NO;2024;2;25;6;DOMINGO;15,133055555555556;15;TARDE;-0,7071067811865471;-0,7071067811865479;-0,7818314824680299;0,6234898018587334;0
2024-02-25;19:08:59.942000;CUENCA;CUENCA;URBANA;-2,863841;-78,983355;VÍA A PATAMARCA Y CABO MARCELO SUAREZ;ATROPELLOS;NO CEDER EL DERECHO DE VÍA O PREFERENCIA DE PASO AL PEATÓN.;NO IDENTIFICADO;1;0;NO;2024;2;25;6;DOMINGO;19,149722222222223;19;NOCHE;-0,9659258262890684;0,2588190451025203;-0,7818314824680299;0,6234898018587334;1
2024-02-25;21:09:00.086000;CUENCA;VALLE;RURAL;-2,924333;-78,977065;VIA A EL VALLE Y ENTRADA A CHILCAPAMBA;ROZAMIENTOS;NO GUARDAR LA DISTANCIA LATERAL MÍNIMA DE SEGURIDAD ENTRE VEHÍCULOS.;CAMIONETA;1;0;NO;2024;2;25;6;DOMINGO;21,15;21;NOCHE;-0,7071067811865477;0,7071067811865474;-0,7818314824680299;0,6234898018587334;1
2024-02-26;10:03:59.962000;CUENCA;CUENCA;URBANA;-2,881119;-78,975306;OCTAVIO CHACON Y AV AMERICAS;ROZAMIENTOS;CONDUCE BAJO LA INFLUENCIA DE ALCOHOL, SUSTANCIAS ESTUPEFACIENTES O PSICOTRÓPICAS Y/O MEDICAMENTOS.;AUTOMÓVIL;3;0;NO;2024;2;26;0;LUNES;10,06638888888889;10;MANANA;0,49999999999999994;-0,8660254037844387;0,0;1,0;3
2024-02-26;12:27:59.962000;CUENCA;CUENCA;URBANA;-2,889997;-78,965172;AV AMERICAS Y GONZALES SUAREZ;CHOQUE LATERAL;NO GUARDAR LA DISTANCIA LATERAL MÍNIMA DE SEGURIDAD ENTRE VEHÍCULOS.;AUTOMÓVIL;0;0;NO;2024;2;26;0;LUNES;12,466388888888888;12;TARDE;1,2246467991473532e-16;-1,0;0,0;1,0;0
2024-02-26;16:49:59.923000;CUENCA;CUENCA;URBANA;-2,904617;-79,017148;JUAN BAUTISTA VÁZQUEZ Y LUIS JARAMILLO;CHOQUE POSTERIOR;NO RESPETAR LAS SEÑALES MANUALES DEL AGENTE DE TRÁNSITO.;CAMIONETA;0;0;NO;2024;2;26;0;LUNES;16,833055555555557;16;TARDE;-0,8660254037844385;-0,5000000000000004;0,0;1,0;0
2024-02-27;13:54:59.990000;CUENCA;CUENCA;URBANA;-2,914031;-79,020191;CRISTÓBAL COLON Y FRAY LUIS DE LEON;CHOQUE LATERAL;NO RESPETAR LAS SEÑALES MANUALES DEL AGENTE DE TRÁNSITO.;CAMIONETA;2;0;NO;2024;2;27;1;MARTES;13,91638888888889;13;TARDE;-0,2588190451025208;-0,9659258262890683;0,7818314824680298;0,6234898018587336;2
2024-03-01;20:11:59.942000;CUENCA;CUENCA;URBANA;-2,914347;-79,028338;DON BOSCO Y MIGUEL DE CERVANTES;OTROS;NO RESPETAR LAS SEÑALES REGLAMENTARIAS DE TRÁNSITO. (PARE, CEDA EL PASO, LUZ ROJA DEL SEMAFORO, ETC).;MOTOCICLETA;1;0;NO;2024;3;1;4;VIERNES;20,199722222222224;20;NOCHE;-0,8660254037844386;0,5000000000000001;-0,433883739117558;-0,9009688679024191;1
2024-03-01;15:33:59.990000;CUENCA;TARQUI (CUENCA);RURAL;-2,965361;-79,049694;RED VIAL E 35 KM 6 APROXIMADAMENTE.;CHOQUE LATERAL;NO RESPETAR LAS SEÑALES REGLAMENTARIAS DE TRÁNSITO. (PARE, CEDA EL PASO, LUZ ROJA DEL SEMAFORO, ETC).;MOTOCICLETA;1;0;NO;2024;3;1;4;VIERNES;15,56638888888889;15;TARDE;-0,7071067811865471;-0,7071067811865479;-0,433883739117558;-0,9009688679024191;1
2024-03-02;05:28:59.981000;CUENCA;CUENCA;URBANA;-2,915107;-78,993411;24 DE MAYO Y REDONDEL DE GAPAL;PÉRDIDA DE PISTA;CONDUCIR DESATENTO A LAS CONDICIONES DE TRÁNSITO (CELULAR, PANTALLAS DE VIDEO, COMIDA, MAQUILLAJE O CUALQUIER OTRO ELEMENTO DISTRACTOR).;AUTOMÓVIL;1;0;NO;2024;3;2;5;SABADO;5,483055555555556;5;MADRUGADA;0,9659258262890683;0,25881904510252074;-0,9749279121818236;-0,2225209339563146;1
2024-03-02;07:35:59.942000;CUENCA;CUENCA;URBANA;-2,840181;-78,982177;LOS CAPULIES Y VIA 4;ATROPELLOS;CASO FORTUITO O FUERZA MAYOR (EXPLOSIÓN DE NEUMÁTICO NUEVO, DERRUMBE, INUNDACIÓN, CAÍDA DE PUENTE, ÁRBOL, PRESENCIA INTEMPESTIVA E IMPREVISTA DE SEMOVIENTES EN LA VÍA, ETC.).;VEHÍCULO DEPORTIVO UTILITARIO;1;0;NO;2024;3;2;5;SABADO;7,599722222222222;7;MANANA;0,9659258262890683;-0,25881904510252063;-0,9749279121818236;-0,2225209339563146;1
2024-03-02;11:49:59.952000;CUENCA;CUENCA;URBANA;-2,875842;-78,978454;CARLOS TOSI SIRI Y CORNELIO VINTIMILLA;ROZAMIENTOS;NO GUARDAR LA DISTANCIA LATERAL MÍNIMA DE SEGURIDAD ENTRE VEHÍCULOS.;AUTOMÓVIL;1;0;NO;2024;3;2;5;SABADO;11,833055555555555;11;MANANA;0,258819045102521;-0,9659258262890682;-0,9749279121818236;-0,2225209339563146;1
2024-03-02;17:33:00.086000;CUENCA;CUENCA;URBANA;-2,885807;-78,976877;HURTADO DE MENDOZA Y  YAGUARCOCHA;CHOQUE POSTERIOR;NO MANTENER LA DISTANCIA PRUDENCIAL CON RESPECTO AL VEHÍCULO QUE LE ANTECEDE.;VEHÍCULO DEPORTIVO UTILITARIO;0;0;NO;2024;3;2;5;SABADO;17,55;17;TARDE;-0,9659258262890683;-0,25881904510252063;-0,9749279121818236;-0,2225209339563146;0
2024-03-02;19:57:59.962000;CUENCA;CUENCA;URBANA;-2,900497;-79,027861;AV AMERICAS Y CARLOS ARIZAGA VEGA;ATROPELLOS;PEATÓN TRANSITA BAJO INFLUENCIA DE ALCOHOL, SUSTANCIAS ESTUPEFACIENTES O PSICOTRÓPICAS Y/O MEDICAMENTOS.;MOTOCICLETA;2;0;NO;2024;3;2;5;SABADO;19,96638888888889;19;NOCHE;-0,9659258262890684;0,2588190451025203;-0,9749279121818236;-0,2225209339563146;2
2024-03-03;01:27:59.990000;CUENCA;RICAURTE (CUENCA);URBANA;-2,875343;-78,948721;PANAMERICANA NORTE Y CAMINO A PACCHA;CHOQUE FRONTAL;CONDUCIR EN SENTIDO CONTRARIO A LA VÍA NORMAL DE CIRCULACIÓN.;VEHÍCULO DEPORTIVO UTILITARIO;1;0;NO;2024;3;3;6;DOMINGO;1,4663888888888887;1;MADRUGADA;0,25881904510252074;0,9659258262890683;-0,7818314824680299;0,6234898018587334;1
2024-03-03;04:40:59.923000;CUENCA;CHECA (JIDCAY);RURAL;-2,807942;-78,994886;VIA A CHIQUINTAD Y SN;PÉRDIDA DE PISTA;CONDUCIR DESATENTO A LAS CONDICIONES DE TRÁNSITO (CELULAR, PANTALLAS DE VIDEO, COMIDA, MAQUILLAJE O CUALQUIER OTRO ELEMENTO DISTRACTOR).;AUTOMÓVIL;4;0;NO;2024;3;3;6;DOMINGO;4,683055555555556;4;MADRUGADA;0,8660254037844386;0,5000000000000001;-0,7818314824680299;0,6234898018587334;4
2024-03-03;05:06:00.086000;CUENCA;CUENCA;RURAL;-2,885287;-79,043123;DEL TEJAR Y CESAR ANDRADE Y CORDERO;PÉRDIDA DE PISTA;CONDUCIR DESATENTO A LAS CONDICIONES DE TRÁNSITO (CELULAR, PANTALLAS DE VIDEO, COMIDA, MAQUILLAJE O CUALQUIER OTRO ELEMENTO DISTRACTOR).;VEHÍCULO DEPORTIVO UTILITARIO;0;0;NO;2024;3;3;6;DOMINGO;5,1;5;MADRUGADA;0,9659258262890683;0,25881904510252074;-0,7818314824680299;0,6234898018587334;0
2024-03-03;08:33:00.086000;CUENCA;CUENCA;URBANA;-2,899522;-79,002342;PRESIDENTE CORDOVA Y HERMANO MIGUEL;CHOQUE LATERAL;NO RESPETAR LAS SEÑALES REGLAMENTARIAS DE TRÁNSITO. (PARE, CEDA EL PASO, LUZ ROJA DEL SEMAFORO, ETC).;MOTOCICLETA;2;0;NO;2024;3;3;6;DOMINGO;8,55;8;MANANA;0,8660254037844387;-0,4999999999999998;-0,7818314824680299;0,6234898018587334;2
2024-03-03;16:43:59.981000;CUENCA;CUENCA;URBANA;-2,919608;-79,007181;RED ESTATAL E35 KM 705 Y SUBIDA A TURI;ATROPELLOS;NO TRANSITAR POR LAS ACERAS O ZONAS DE SEGURIDAD DESTINADAS PARA EL EFECTO.;NO IDENTIFICADO;0;1;NO;2024;3;3;6;DOMINGO;16,733055555555556;16;TARDE;-0,8660254037844385;-0,5000000000000004;-0,7818314824680299;0,6234898018587334;1
2024-03-03;19:24:59.933000;CUENCA;CUENCA;URBANA;-2,918456;-79,039142;AV AMERICAS Y JUAN LARREA GUERRERO;CHOQUE LATERAL;NO RESPETAR LAS SEÑALES REGLAMENTARIAS DE TRÁNSITO. (PARE, CEDA EL PASO, LUZ ROJA DEL SEMAFORO, ETC).;VEHÍCULO DEPORTIVO UTILITARIO;0;0;NO;2024;3;3;6;DOMINGO;19,41638888888889;19;NOCHE;-0,9659258262890684;0,2588190451025203;-0,7818314824680299;0,6234898018587334;0
2024-03-03;17:04:59.952000;CUENCA;SAYAUSI;RURAL;-2,784704;-79,221104;RED VIAL E 582 KM 32 APROX.;PÉRDIDA DE CARRIL;CONDUCIR DESATENTO A LAS CONDICIONES DE TRÁNSITO (CELULAR, PANTALLAS DE VIDEO, COMIDA, MAQUILLAJE O CUALQUIER OTRO ELEMENTO DISTRACTOR).;CAMIONETA;0;0;NO;2024;3;3;6;DOMINGO;17,083055555555557;17;TARDE;-0,9659258262890683;-0,25881904510252063;-0,7818314824680299;0,6234898018587334;0
2024-03-04;06:47:59.971000;CUENCA;CUENCA;URBANA;-2,880123;-78,996372;DEL CONCIERTO Y DEL ACORDEON;CHOQUE LATERAL;NO RESPETAR LAS SEÑALES REGLAMENTARIAS DE TRÁNSITO. (PARE, CEDA EL PASO, LUZ ROJA DEL SEMAFORO, ETC).;MOTOCICLETA;1;0;NO;2024;3;4;0;LUNES;6,799722222222222;6;MANANA;1,0;6,123233995736766e-17;0,0;1,0;1
2024-03-04;10:51:59.933000;CUENCA;CUENCA;URBANA;-2,890645;-79,004661;PADRE AGUIRRE Y RAFAEL MARIA ARIZAGA;CHOQUE LATERAL;NO RESPETAR LAS SEÑALES REGLAMENTARIAS DE TRÁNSITO. (PARE, CEDA EL PASO, LUZ ROJA DEL SEMAFORO, ETC).;MOTOCICLETA;1;0;NO;2024;3;4;0;LUNES;10,866388888888888;10;MANANA;0,49999999999999994;-0,8660254037844387;0,0;1,0;1
2024-03-04;13:30:00.086000;CUENCA;CUENCA;URBANA;-2,908571;-79,039276;TARQUINO CORDERO Y CARLOS ARIZAGA TOTAL;CHOQUE POSTERIOR;NO MANTENER LA DISTANCIA PRUDENCIAL CON RESPECTO AL VEHÍCULO QUE LE ANTECEDE.;VEHÍCULO DEPORTIVO UTILITARIO;0;0;NO;2024;3;4;0;LUNES;13,5;13;TARDE;-0,2588190451025208;-0,9659258262890683;0,0;1,0;0
2024-03-04;22:35:59.942000;CUENCA;CUENCA;URBANA;-2,914991;-79,037661;AV AMERICAS Y NICOLAS DE ROCHA;CHOQUE LATERAL;CONDUCE BAJO LA INFLUENCIA DE ALCOHOL, SUSTANCIAS ESTUPEFACIENTES O PSICOTRÓPICAS Y/O MEDICAMENTOS.;MOTOCICLETA;1;0;NO;2024;3;4;0;LUNES;22,599722222222223;22;NOCHE;-0,5000000000000004;0,8660254037844384;0,0;1,0;1
2024-03-05;10:46:59.952000;CUENCA;CUENCA;URBANA;-2,880761;-79,026227;ABELARDO J ANDRADE Y CARLOS ORELLANA LEÓN;OTROS;CASO FORTUITO O FUERZA MAYOR (EXPLOSIÓN DE NEUMÁTICO NUEVO, DERRUMBE, INUNDACIÓN, CAÍDA DE PUENTE, ÁRBOL, PRESENCIA INTEMPESTIVA E IMPREVISTA DE SEMOVIENTES EN LA VÍA, ETC.).;BUS;1;0;NO;2024;3;5;1;MARTES;10,783055555555556;10;MANANA;0,49999999999999994;-0,8660254037844387;0,7818314824680298;0,6234898018587336;1
2024-03-06;07:03:59.962000;CUENCA;CUENCA;URBANA;-2,919292;-79,033408;SANTA MARIA Y PUERTO DE PALOS;CHOQUE FRONTAL;NO RESPETAR LAS SEÑALES REGLAMENTARIAS DE TRÁNSITO. (PARE, CEDA EL PASO, LUZ ROJA DEL SEMAFORO, ETC).;NO IDENTIFICADO;1;0;NO;2024;3;6;2;MIERCOLES;7,066388888888889;7;MANANA;0,9659258262890683;-0,25881904510252063;0,9749279121818236;-0,22252093395631434;1
2024-03-06;10:24:59.933000;CUENCA;CUENCA;URBANA;-2,899905;-79,006525;SANTA TERESA Y PADRE AGUIRRE;ROZAMIENTOS;NO GUARDAR LA DISTANCIA LATERAL MÍNIMA DE SEGURIDAD ENTRE VEHÍCULOS.;AUTOMÓVIL;0;0;NO;2024;3;6;2;MIERCOLES;10,41638888888889;10;MANANA;0,49999999999999994;-0,8660254037844387;0,9749279121818236;-0,22252093395631434;0
2024-03-06;13:21:59.962000;CUENCA;CUENCA;URBANA;-2,900674;-79,006076;LARGA Y PADRE AGUIRRE;CHOQUE LATERAL;REALIZAR CAMBIO BRUSCO O INDEBIDO DE CARRIL.;VEHÍCULO DEPORTIVO UTILITARIO;0;0;NO;2024;3;6;2;MIERCOLES;13,366388888888888;13;TARDE;-0,2588190451025208;-0,9659258262890683;0,9749279121818236;-0,22252093395631434;0
2024-03-06;13:34:59.981000;CUENCA;CUENCA;URBANA;-2,924835;-79,037898;RED ESTATAL E35 KM 708 Y DE LA OPERA;CHOQUE POSTERIOR;CONDUCE BAJO LA INFLUENCIA DE ALCOHOL, SUSTANCIAS ESTUPEFACIENTES O PSICOTRÓPICAS Y/O MEDICAMENTOS.;AUTOMÓVIL;0;0;NO;2024;3;6;2;MIERCOLES;13,583055555555555;13;TARDE;-0,2588190451025208;-0,9659258262890683;0,9749279121818236;-0,22252093395631434;0
2024-03-06;16:07:59.981000;CUENCA;CUENCA;URBANA;-2,915603;-79,041606;FRANCISCO ASCAZUBI Y MANUELA CAÑIZARES;CHOQUE LATERAL;NO RESPETAR LAS SEÑALES REGLAMENTARIAS DE TRÁNSITO. (PARE, CEDA EL PASO, LUZ ROJA DEL SEMAFORO, ETC).;CAMIONETA;0;0;NO;2024;3;6;2;MIERCOLES;16,133055555555558;16;TARDE;-0,8660254037844385;-0,5000000000000004;0,9749279121818236;-0,22252093395631434;0
2024-03-08;00:45:59.962000;CUENCA;CUENCA;URBANA;-2,911609;-79,035891;AV AMERICAS Y DON BOSCO;CHOQUE LATERAL;CONDUCE BAJO LA INFLUENCIA DE ALCOHOL, SUSTANCIAS ESTUPEFACIENTES O PSICOTRÓPICAS Y/O MEDICAMENTOS.;AUTOMÓVIL;1;0;NO;2024;3;8;4;VIERNES;0,7663888888888889;0;MADRUGADA;0,0;1,0;-0,433883739117558;-0,9009688679024191;1
2024-03-08;06:54:59.962000;CUENCA;VALLE;URBANA;-2,914614;-78,986313;VÍA AL VALLE Y RED ESTATAL E 35 KM 702;PÉRDIDA DE PISTA;CONDUCIR DESATENTO A LAS CONDICIONES DE TRÁNSITO (CELULAR, PANTALLAS DE VIDEO, COMIDA, MAQUILLAJE O CUALQUIER OTRO ELEMENTO DISTRACTOR).;AUTOMÓVIL;0;0;NO;2024;3;8;4;VIERNES;6,916388888888889;6;MANANA;1,0;6,123233995736766e-17;-0,433883739117558;-0,9009688679024191;0
2024-03-08;16:25:59.981000;CUENCA;CUENCA;URBANA;-2,880005;-78,982311;AV AMERICAS Y JUAN IGNACIO GÓMEZ DE ARCE;CHOQUE LATERAL;NO CEDER EL DERECHO DE VÍA O PREFERENCIA DE PASO A VEHÍCULOS.;CAMIÓN;1;0;NO;2024;3;8;4;VIERNES;16,43305555555556;16;TARDE;-0,8660254037844385;-0,5000000000000004;-0,433883739117558;-0,9009688679024191;1
2024-03-08;19:49:59.923000;CUENCA;TARQUI (CUENCA);RURAL;-3,001431;-79,042194;SE  ENCUENTRA UBICADO EN LA RED VIAL E-59  SENTIDO  CUENCA  - GIRON     AL LLEGAR AL KM 10  APROXIMADAMENTE;ATROPELLOS;CONDUCIR DESATENTO A LAS CONDICIONES DE TRÁNSITO (CELULAR, PANTALLAS DE VIDEO, COMIDA, MAQUILLAJE O CUALQUIER OTRO ELEMENTO DISTRACTOR).;NO IDENTIFICADO;0;0;NO;2024;3;8;4;VIERNES;19,833055555555557;19;NOCHE;-0,9659258262890684;0,2588190451025203;-0,433883739117558;-0,9009688679024191;0
2024-03-09;17:42:59.962000;CUENCA;SAN JOAQUIN;RURAL;-2,891374;-79,058046;ENRIQUE ARIZAGA TORAL Y DE LA REINA CLAUDIA;PÉRDIDA DE PISTA;CONDUCIR DESATENTO A LAS CONDICIONES DE TRÁNSITO (CELULAR, PANTALLAS DE VIDEO, COMIDA, MAQUILLAJE O CUALQUIER OTRO ELEMENTO DISTRACTOR).;MOTOCICLETA;1;0;NO;2024;3;9;5;SABADO;17,71638888888889;17;TARDE;-0,9659258262890683;-0,25881904510252063;-0,9749279121818236;-0,2225209339563146;1
2024-03-10;02:33:00.086000;CUENCA;BAÑOS (CUENCA);RURAL;-2,920433;-79,062729;RICARDO DURAN Y ENTRADA A LA HOSTERIA DURAN;CHOQUE LATERAL;CONDUCE BAJO LA INFLUENCIA DE ALCOHOL, SUSTANCIAS ESTUPEFACIENTES O PSICOTRÓPICAS Y/O MEDICAMENTOS.;VEHÍCULO DEPORTIVO UTILITARIO;0;0;NO;2024;3;10;6;DOMINGO;2,55;2;MADRUGADA;0,49999999999999994;0,8660254037844387;-0,7818314824680299;0,6234898018587334;0
2024-03-10;08:39:59.990000;CUENCA;CUENCA;URBANA;-2,900937;-78,973528;RED ESTATAL E 35 KM 700 Y VÍA MONAY-BAGUANCHI;PÉRDIDA DE PISTA;CONDUCIR DESATENTO A LAS CONDICIONES DE TRÁNSITO (CELULAR, PANTALLAS DE VIDEO, COMIDA, MAQUILLAJE O CUALQUIER OTRO ELEMENTO DISTRACTOR).;VEHÍCULO DEPORTIVO UTILITARIO;1;0;NO;2024;3;10;6;DOMINGO;8,66638888888889;8;MANANA;0,8660254037844387;-0,4999999999999998;-0,7818314824680299;0,6234898018587334;1
2024-03-10;10:53:59.942000;CUENCA;CUENCA;URBANA;-2,877371;-78,945453;CAMINO A PACCHA Y CAMINO DE UCUBAMBA;ESTRELLAMIENTOS;NO MANTENER LA DISTANCIA PRUDENCIAL CON RESPECTO AL VEHÍCULO QUE LE ANTECEDE.;VEHÍCULO DEPORTIVO UTILITARIO;4;0;NO;2024;3;10;6;DOMINGO;10,899722222222222;10;MANANA;0,49999999999999994;-0,8660254037844387;-0,7818314824680299;0,6234898018587334;4
2024-03-10;19:26:59.942000;CUENCA;CUENCA;URBANA;-2,902003;-78,970853;VIA MONAY BAGUANCHI Y CAMINO A RAYOLOMA;CHOQUE LATERAL;CONDUCE BAJO LA INFLUENCIA DE ALCOHOL, SUSTANCIAS ESTUPEFACIENTES O PSICOTRÓPICAS Y/O MEDICAMENTOS.;MOTOCICLETA;3;0;NO;2024;3;10;6;DOMINGO;19,449722222222224;19;NOCHE;-0,9659258262890684;0,2588190451025203;-0,7818314824680299;0,6234898018587334;3
2024-03-11;08:39:59.990000;CUENCA;TARQUI (CUENCA);RURAL;-3,012212;-79,039403;SE  ENCUENTRA UBICADO EN LA RED VIAL E-35 SENTIDO CUENCA  -  GIRON A LA ALTURA DEL INGRESO A TARQUI;CHOQUE POSTERIOR;NO MANTENER LA DISTANCIA PRUDENCIAL CON RESPECTO AL VEHÍCULO QUE LE ANTECEDE.;CAMIÓN;0;0;NO;2024;3;11;0;LUNES;8,66638888888889;8;MANANA;0,8660254037844387;-0,4999999999999998;0,0;1,0;0
2024-03-12;12:28:59.923000;CUENCA;CUENCA;URBANA;-2,882261;-78,973793;PANAMERICANA NORTE Y AV AMERICAS;CHOQUE POSTERIOR;CONDUCE BAJO LA INFLUENCIA DE ALCOHOL, SUSTANCIAS ESTUPEFACIENTES O PSICOTRÓPICAS Y/O MEDICAMENTOS.;AUTOMÓVIL;2;0;NO;2024;3;12;1;MARTES;12,483055555555556;12;TARDE;1,2246467991473532e-16;-1,0;0,7818314824680298;0,6234898018587336;2
2024-03-12;12:54:00.086000;CUENCA;CUENCA;URBANA;-2,913779;-79,017625;FRAY BARTOLOME DE LAS CASAS Y FERNANDO DE ARAGON;ATROPELLOS;CONDUCIR DESATENTO A LAS CONDICIONES DE TRÁNSITO (CELULAR, PANTALLAS DE VIDEO, COMIDA, MAQUILLAJE O CUALQUIER OTRO ELEMENTO DISTRACTOR).;NO IDENTIFICADO;1;0;NO;2024;3;12;1;MARTES;12,9;12;TARDE;1,2246467991473532e-16;-1,0;0,7818314824680298;0,6234898018587336;1
2024-03-12;18:25:59.952000;CUENCA;CUENCA;URBANA;-2,888616;-79,035162;ORDOÑEZ LASSO Y DEL SARAR;ATROPELLOS;NO TRANSITAR POR LAS ACERAS O ZONAS DE SEGURIDAD DESTINADAS PARA EL EFECTO.;MOTOCICLETA;1;0;NO;2024;3;12;1;MARTES;18,43305555555556;18;NOCHE;-1,0;-1,8369701987210297e-16;0,7818314824680298;0,6234898018587336;1
2024-03-12;20:34:59.923000;CUENCA;CUENCA;URBANA;-2,912439;-79,033676;DON BOSCO Y FRAY GASPAR DE CARVAJAL;CHOQUE LATERAL;NO CEDER EL DERECHO DE VÍA O PREFERENCIA DE PASO A VEHÍCULOS.;MOTOCICLETA;1;0;NO;2024;3;12;1;MARTES;20,583055555555557;20;NOCHE;-0,8660254037844386;0,5000000000000001;0,7818314824680298;0,6234898018587336;1
2024-03-13;00:16:59.952000;CUENCA;CUENCA;URBANA;-2,885041;-79,006721;AV AMERICAS Y TARQUI;CHOQUE POSTERIOR;CONDUCE BAJO LA INFLUENCIA DE ALCOHOL, SUSTANCIAS ESTUPEFACIENTES O PSICOTRÓPICAS Y/O MEDICAMENTOS.;AUTOMÓVIL;1;0;NO;2024;3;13;2;MIERCOLES;0,28305555555555556;0;MADRUGADA;0,0;1,0;0,9749279121818236;-0,22252093395631434;1
2024-03-13;08:33:59.962000;CUENCA;CUENCA;URBANA;-2,884435;-79,002369;AV AMERICAS Y ABELARDO J ANDRADE;CHOQUE LATERAL;NO GUARDAR LA DISTANCIA LATERAL MÍNIMA DE SEGURIDAD ENTRE VEHÍCULOS.;MOTOCICLETA;2;0;NO;2024;3;13;2;MIERCOLES;8,56638888888889;8;MANANA;0,8660254037844387;-0,4999999999999998;0,9749279121818236;-0,22252093395631434;2
2024-03-13;10:16:59.981000;CUENCA;CUENCA;URBANA;-2,882595;-78,959515;PANAMERICANA NORTE Y JOAQUIN GALARZA;COLISIÓN;NO MANTENER LA DISTANCIA PRUDENCIAL CON RESPECTO AL VEHÍCULO QUE LE ANTECEDE.;VEHÍCULO DEPORTIVO UTILITARIO;1;0;NO;2024;3;13;2;MIERCOLES;10,283055555555556;10;MANANA;0,49999999999999994;-0,8660254037844387;0,9749279121818236;-0,22252093395631434;1
2024-03-13;23:26:59.971000;CUENCA;CUENCA;URBANA;-2,915931;-79,023031;DON BOSCO Y 12 DE OCTUBRE;CHOQUE LATERAL;NO RESPETAR LAS SEÑALES REGLAMENTARIAS DE TRÁNSITO. (PARE, CEDA EL PASO, LUZ ROJA DEL SEMAFORO, ETC).;VEHÍCULO DEPORTIVO UTILITARIO;1;0;NO;2024;3;13;2;MIERCOLES;23,449722222222224;23;NOCHE;-0,25881904510252157;0,9659258262890681;0,9749279121818236;-0,22252093395631434;1
2024-03-14;07:58:59.923000;CUENCA;CUENCA;URBANA;-2,900492;-78,975778;POPAYAN Y BRASILIA;CHOQUE LATERAL;NO RESPETAR LAS SEÑALES REGLAMENTARIAS DE TRÁNSITO. (PARE, CEDA EL PASO, LUZ ROJA DEL SEMAFORO, ETC).;AUTOMÓVIL;0;0;NO;2024;3;14;3;JUEVES;7,983055555555556;7;MANANA;0,9659258262890683;-0,25881904510252063;0,43388373911755823;-0,900968867902419;0
2024-03-14;19:51:59.933000;CUENCA;CUENCA;URBANA;-2,881503;-78,984297;AV AMERICAS Y LAS LADERAS;CHOQUE POSTERIOR;NO MANTENER LA DISTANCIA PRUDENCIAL CON RESPECTO AL VEHÍCULO QUE LE ANTECEDE.;AUTOMÓVIL;0;0;NO;2024;3;14;3;JUEVES;19,866388888888892;19;NOCHE;-0,9659258262890684;0,2588190451025203;0,43388373911755823;-0,900968867902419;0
2024-03-15;15:47:59.971000;CUENCA;CUENCA;URBANA;-2,879745;-78,966611;ANTONIO RICAURTE Y PANAMERICANA NORTE;CHOQUE POSTERIOR;NO MANTENER LA DISTANCIA PRUDENCIAL CON RESPECTO AL VEHÍCULO QUE LE ANTECEDE.;VEHÍCULO DEPORTIVO UTILITARIO;1;0;NO;2024;3;15;4;VIERNES;15,799722222222222;15;TARDE;-0,7071067811865471;-0,7071067811865479;-0,433883739117558;-0,9009688679024191;1
2024-03-15;23:49:59.952000;CUENCA;CUENCA;URBANA;-2,886001;-78,998963;MARIANO CUEVA Y AV AMERICAS;ESTRELLAMIENTOS;CONDUCIR DESATENTO A LAS CONDICIONES DE TRÁNSITO (CELULAR, PANTALLAS DE VIDEO, COMIDA, MAQUILLAJE O CUALQUIER OTRO ELEMENTO DISTRACTOR).;CAMIONETA;0;0;NO;2024;3;15;4;VIERNES;23,833055555555557;23;NOCHE;-0,25881904510252157;0,9659258262890681;-0,433883739117558;-0,9009688679024191;0