FECHA;HORA;CANTON;PARROQUIA;ZONA;LATITUD_Y;LONGITUD_X;DIRECCION;TIPO_DE_SINIESTRO;CAUSA_PROBABLE;TIPO_DE_VEHICULO_1;LESIONADOS;FALLECIDOS;FERIADO;ANIO;MES;DIA;DIA_SEMANA;NOMBRE_DIA;HORA_DECIMAL;HORA_NUM;RANGO_HORARIO;HORA_SIN;HORA_COS;DIA_SIN;DIA_COS;TOTAL_VICTIMAS
2024-03-31;17:39:59.990000;CUENCA;BAÑOS (CUENCA);RURAL;-2,948083;-79,047001;RED VIAL E 35 KM 3 APROX.;CHOQUE POSTERIOR;NO MANTENER LA DISTANCIA PRUDENCIAL CON RESPECTO AL VEHÍCULO QUE LE ANTECEDE.;VEHÍCULO DEPORTIVO UTILITARIO;0;0;SI;2024;3;31;6;DOMINGO;17,66638888888889;17;TARDE;-0,9659258262890683;-0,25881904510252063;-0,7818314824680299;0,6234898018587334;0
2024-03-31;19:09:59.990000;CUENCA;TARQUI (CUENCA);RURAL;-2,962444;-79,050001;RED VIAL E 35 KM 4;CHOQUE POSTERIOR;NO MANTENER LA DISTANCIA PRUDENCIAL CON RESPECTO AL VEHÍCULO QUE LE ANTECEDE.;AUTOMÓVIL;0;0;SI;2024;3;31;6;DOMINGO;19,16638888888889;19;NOCHE;-0,9659258262890684;0,2588190451025203;-0,7818314824680299;0,6234898018587334;0
2024-03-31;23:35:59.971000;CUENCA;SAYAUSI;RURAL;-2,851944;-79,105167;RED VIAL E 582 KM 10 + 960;CHOQUE POSTERIOR;NO MANTENER LA DISTANCIA PRUDENCIAL CON RESPECTO AL VEHÍCULO QUE LE ANTECEDE.;CAMIONETA;3;0;SI;2024;3;31;6;DOMINGO;23,599722222222223;23;NOCHE;-0,25881904510252157;0,9659258262890681;-0,7818314824680299;0,6234898018587334;3
2024-04-01;06:18:59.962000;CUENCA;VALLE;RURAL;-2,942205;-78,952796;VIA A SAN BARTOLOME Y SN;ROZAMIENTOS;NO GUARDAR LA DISTANCIA LATERAL MÍNIMA DE SEGURIDAD ENTRE VEHÍCULOS.;MOTOCICLETA;1;0;NO;2024;4;1;0;LUNES;6,316388888888889;6;MANANA;1,0;6,123233995736766e-17;0,0;1,0;1
2024-04-01;19:48:00.086000;CUENCA;CUENCA;URBANA;-2,912786;-79,032708;DON BOSCO Y PEDRO BRAVO;CHOQUE LATERAL;CONDUCIR DESATENTO A LAS CONDICIONES DE TRÁNSITO (CELULAR, PANTALLAS DE VIDEO, COMIDA, MAQUILLAJE O CUALQUIER OTRO ELEMENTO DISTRACTOR).;AUTOMÓVIL;0;0;NO;2024;4;1;0;LUNES;19,8;19;NOCHE;-0,9659258262890684;0,2588190451025203;0,0;1,0;0
2024-04-01;19:27:59.990000;CUENCA;TURI;RURAL;-2,938166;-79,026107;VÍA A PUNTA CORRAL Y SN;ATROPELLOS;CONDUCIR DESATENTO A LAS CONDICIONES DE TRÁNSITO (CELULAR, PANTALLAS DE VIDEO, COMIDA, MAQUILLAJE O CUALQUIER OTRO ELEMENTO DISTRACTOR).;MOTOCICLETA;1;0;NO;2024;4;1;0;LUNES;19,46638888888889;19;NOCHE;-0,9659258262890684;0,2588190451025203;0,0;1,0;1
2024-04-01;23:21:59.990000;CUENCA;CUENCA;URBANA;-2,908325;-79,017331;10 DE AGOSTO Y  RICARDO MUÑOZ;CHOQUE LATERAL;REALIZAR CAMBIO BRUSCO O INDEBIDO DE CARRIL.;CAMIONETA;1;0;NO;2024;4;1;0;LUNES;23,366388888888892;23;NOCHE;-0,25881904510252157;0,9659258262890681;0,0;1,0;1
2024-04-02;11:36:59.933000;CUENCA;CUENCA;URBANA;-2,899274;-78,993977;LA REPÚBLICA Y GARCÍA MORENO;CHOQUE LATERAL;DISPOSITIVO REGULADOR DE TRÁNSITO EN MAL ESTADO DE FUNCIONAMIENTO (SEMÁFORO).;VEHÍCULO DEPORTIVO UTILITARIO;0;0;NO;2024;4;2;1;MARTES;11,616388888888888;11;MANANA;0,258819045102521;-0,9659258262890682;0,7818314824680298;0,6234898018587336;0
2024-04-02;15:21:59.933000;CUENCA;CUENCA;URBANA;-2,915606;-79,009891;SOLANO Y PRIMERO DE MAYO;CHOQUE LATERAL;NO RESPETAR LAS SEÑALES REGLAMENTARIAS DE TRÁNSITO. (PARE, CEDA EL PASO, LUZ ROJA DEL SEMAFORO, ETC).;VEHÍCULO DEPORTIVO UTILITARIO;0;0;NO;2024;4;2;1;MARTES;15,366388888888888;15;TARDE;-0,7071067811865471;-0,7071067811865479;0,7818314824680298;0,6234898018587336;0
2024-04-05;12:52:59.952000;CUENCA;CUENCA;URBANA;-2,891302;-79,029049;LOS CEDROS Y PASEO 3 DE NOVIEMBRE;ATROPELLOS;CONDUCE BAJO LA INFLUENCIA DE ALCOHOL, SUSTANCIAS ESTUPEFACIENTES O PSICOTRÓPICAS Y/O MEDICAMENTOS.;VEHÍCULO DEPORTIVO UTILITARIO;1;0;NO;2024;4;5;4;VIERNES;12,883055555555556;12;TARDE;1,2246467991473532e-16;-1,0;-0,433883739117558;-0,9009688679024191;1
2024-04-05;16:32:59.971000;CUENCA;CHAUCHA;RURAL;-2,998584;-79,372272;VIA A CHAUCHA Y SN;PÉRDIDA DE PISTA;CONDUCE BAJO LA INFLUENCIA DE ALCOHOL, SUSTANCIAS ESTUPEFACIENTES O PSICOTRÓPICAS Y/O MEDICAMENTOS.;CAMIONETA;1;1;NO;2024;4;5;4;VIERNES;16,549722222222226;16;TARDE;-0,8660254037844385;-0,5000000000000004;-0,433883739117558;-0,9009688679024191;2
2024-04-06;13:51:59.933000;CUENCA;CUENCA;URBANA;-2,891771;-79,012178;GASPAR SANGURIMA Y MIGUEL HEREDIA;CHOQUE LATERAL;NO RESPETAR LAS SEÑALES REGLAMENTARIAS DE TRÁNSITO. (PARE, CEDA EL PASO, LUZ ROJA DEL SEMAFORO, ETC).;AUTOMÓVIL;2;0;NO;2024;4;6;5;SABADO;13,866388888888888;13;TARDE;-0,2588190451025208;-0,9659258262890683;-0,9749279121818236;-0,2225209339563146;2
2024-04-07;09:19:59.923000;CUENCA;CUENCA;URBANA;-2,894695;-78,983765;PASEO DE LOS CAÑARIS Y ALLCUQUIRO;ESTRELLAMIENTOS;CONDUCE BAJO LA INFLUENCIA DE ALCOHOL, SUSTANCIAS ESTUPEFACIENTES O PSICOTRÓPICAS Y/O MEDICAMENTOS.;AUTOMÓVIL;0;0;NO;2024;4;7;6;DOMINGO;9,333055555555555;9;MANANA;0,7071067811865476;-0,7071067811865475;-0,7818314824680299;0,6234898018587334;0
2024-04-07;16:39:00.086000;CUENCA;VALLE;RURAL;-2,954173;-78,955643;MALHUAY SECTOR LA PAZ Y SN;ARROLLAMIENTOS;PEATÓN TRANSITA BAJO INFLUENCIA DE ALCOHOL, SUSTANCIAS ESTUPEFACIENTES O PSICOTRÓPICAS Y/O MEDICAMENTOS.;NO IDENTIFICADO;1;0;NO;2024;4;7;6;DOMINGO;16,65;16;TARDE;-0,8660254037844385;-0,5000000000000004;-0,7818314824680299;0,6234898018587334;1
2024-04-06;22:12:59.962000;CUENCA;CUENCA;URBANA;-2,915397;-79,016633;DON BOSCO Y FELIPE II;ATROPELLOS;PEATÓN TRANSITA BAJO INFLUENCIA DE ALCOHOL, SUSTANCIAS ESTUPEFACIENTES O PSICOTRÓPICAS Y/O MEDICAMENTOS.;NO IDENTIFICADO;1;0;NO;2024;4;6;5;SABADO;22,21638888888889;22;NOCHE;-0,5000000000000004;0,8660254037844384;-0,9749279121818236;-0,2225209339563146;1
2024-04-06;02:45:59.933000;CUENCA;BAÑOS (CUENCA);URBANA;-2,918247;-79,055825;RICARDO DURAN Y CAMINO VIEJO BAÑOS;CHOQUE LATERAL;NO RESPETAR LAS SEÑALES REGLAMENTARIAS DE TRÁNSITO. (PARE, CEDA EL PASO, LUZ ROJA DEL SEMAFORO, ETC).;MOTOCICLETA;1;0;NO;2024;4;6;5;SABADO;2,766388888888889;2;MADRUGADA;0,49999999999999994;0,8660254037844387;-0,9749279121818236;-0,2225209339563146;1
2024-04-07;01:40:59.923000;CUENCA;TURI;RURAL;-2,930644;-79,006376;AV MIRADOR DE TURI Y SN;PÉRDIDA DE PISTA;CONDUCE BAJO LA INFLUENCIA DE ALCOHOL, SUSTANCIAS ESTUPEFACIENTES O PSICOTRÓPICAS Y/O MEDICAMENTOS.;MOTOCICLETA;2;0;NO;2024;4;7;6;DOMINGO;1,6830555555555553;1;MADRUGADA;0,25881904510252074;0,9659258262890683;-0,7818314824680299;0,6234898018587334;2
2024-04-07;22:36:59.990000;CUENCA;CUENCA;URBANA;-2,916265;-79,016794;FELIPE II Y HERNANDO DE MAGALLANES;OTROS;CONDUCE BAJO LA INFLUENCIA DE ALCOHOL, SUSTANCIAS ESTUPEFACIENTES O PSICOTRÓPICAS Y/O MEDICAMENTOS.;AUTOMÓVIL;0;0;NO;2024;4;7;6;DOMINGO;22,616388888888892;22;NOCHE;-0,5000000000000004;0,8660254037844384;-0,7818314824680299;0,6234898018587334;0
2024-04-07;04:23:59.971000;CUENCA;CUENCA;URBANA;-2,889011;-78,961315;GONZALES SUAREZ Y TABARE;PÉRDIDA DE PISTA;CONDUCIR DESATENTO A LAS CONDICIONES DE TRÁNSITO (CELULAR, PANTALLAS DE VIDEO, COMIDA, MAQUILLAJE O CUALQUIER OTRO ELEMENTO DISTRACTOR).;MOTOCICLETA;1;0;NO;2024;4;7;6;DOMINGO;4,3997222222222225;4;MADRUGADA;0,8660254037844386;0,5000000000000001;-0,7818314824680299;0,6234898018587334;1
2024-04-07;03:37:59.923000;CUENCA;CUENCA;URBANA;-2,888684;-79,011349;AV AMERICAS Y MIGUEL VELEZ;CHOQUE POSTERIOR;CONDUCE BAJO LA INFLUENCIA DE ALCOHOL, SUSTANCIAS ESTUPEFACIENTES O PSICOTRÓPICAS Y/O MEDICAMENTOS.;CAMIONETA;0;0;NO;2024;4;7;6;DOMINGO;3,6330555555555555;3;MADRUGADA;0,7071067811865476;0,7071067811865476;-0,7818314824680299;0,6234898018587334;0
2024-04-09;23:17:59.971000;CUENCA;CUENCA;URBANA;-2,891197;-78,980423;BUERAN Y ANTISANA;CHOQUE LATERAL;NO RESPETAR LAS SEÑALES REGLAMENTARIAS DE TRÁNSITO. (PARE, CEDA EL PASO, LUZ ROJA DEL SEMAFORO, ETC).;AUTOMÓVIL;0;0;NO;2024;4;9;1;MARTES;23,299722222222226;23;NOCHE;-0,25881904510252157;0,9659258262890681;0,7818314824680298;0,6234898018587336;0
2024-04-10;10:54:59.990000;CUENCA;CUENCA;URBANA;-2,891021;-79,001827;BORRERO Y RAFAEL MARIA ARIZAGA;CHOQUE LATERAL;DAÑOS MECÁNICOS PREVISIBLES.;AUTOMÓVIL;3;0;NO;2024;4;10;2;MIERCOLES;10,91638888888889;10;MANANA;0,49999999999999994;-0,8660254037844387;0,9749279121818236;-0,22252093395631434;3
2024-04-10;13:13:59.923000;CUENCA;CUENCA;URBANA;-2,869107;-78,936553;RED ESTATAL E35 KM 695 Y SN;ESTRELLAMIENTOS;REALIZAR CAMBIO BRUSCO O INDEBIDO DE CARRIL.;MOTOCICLETA;0;1;NO;2024;4;10;2;MIERCOLES;13,233055555555556;13;TARDE;-0,2588190451025208;-0,9659258262890683;0,9749279121818236;-0,22252093395631434;1
2024-04-10;19:12:59.962000;CUENCA;SANTA ANA;RURAL;-2,935825;-78,920068;VIA A AUQUILULA Y SN;PÉRDIDA DE CARRIL;CONDUCE BAJO LA INFLUENCIA DE ALCOHOL, SUSTANCIAS ESTUPEFACIENTES O PSICOTRÓPICAS Y/O MEDICAMENTOS.;CAMIÓN;0;0;NO;2024;4;10;2;MIERCOLES;19,21638888888889;19;NOCHE;-0,9659258262890684;0,2588190451025203;0,9749279121818236;-0,22252093395631434;0
2024-04-11;08:53:59.971000;CUENCA;CUENCA;URBANA;-2,895606;-79,035721;CARLOS ARIZAGA VEGA E ISAURO RODRIGUEZ;ATROPELLOS;NO TRANSITAR POR LAS ACERAS O ZONAS DE SEGURIDAD DESTINADAS PARA EL EFECTO.;VEHÍCULO DEPORTIVO UTILITARIO;1;0;NO;2024;4;11;3;JUEVES;8,899722222222222;8;MANANA;0,8660254037844387;-0,4999999999999998;0,43388373911755823;-0,900968867902419;1
2024-04-10;07:36:59.990000;CUENCA;CUENCA;URBANA;-2,903857;-79,031686;AV AMERICAS Y RED ESTATAL E582;ATROPELLOS;CONDUCIR DESATENTO A LAS CONDICIONES DE TRÁNSITO (CELULAR, PANTALLAS DE VIDEO, COMIDA, MAQUILLAJE O CUALQUIER OTRO ELEMENTO DISTRACTOR).;MOTOCICLETA;2;0;NO;2024;4;10;2;MIERCOLES;7,616388888888888;7;MANANA;0,9659258262890683;-0,25881904510252063;0,9749279121818236;-0,22252093395631434;2
2024-04-11;22:50:59.971000;CUENCA;VALLE;URBANA;-2,910414;-78,982483;RED ESTATAL E35 KM701 Y MAX UHLE;PÉRDIDA DE CARRIL;CONDUCIR DESATENTO A LAS CONDICIONES DE TRÁNSITO (CELULAR, PANTALLAS DE VIDEO, COMIDA, MAQUILLAJE O CUALQUIER OTRO ELEMENTO DISTRACTOR).;MOTOCICLETA;0;1;NO;2024;4;11;3;JUEVES;22,849722222222223;22;NOCHE;-0,5000000000000004;0,8660254037844384;0,43388373911755823;-0,900968867902419;1
2024-04-10;14:39:59.990000;CUENCA;CUENCA;URBANA;-2,893184;-78,961873;AV AMERICAS Y 24 DE MAYO;COLISIÓN;NO GUARDAR LA DISTANCIA LATERAL MÍNIMA DE SEGURIDAD ENTRE VEHÍCULOS.;CAMIONETA;0;0;NO;2024;4;10;2;MIERCOLES;14,66638888888889;14;TARDE;-0,4999999999999997;-0,8660254037844388;0,9749279121818236;-0,22252093395631434;0
2024-04-12;11:09:59.933000;CUENCA;CUENCA;URBANA;-2,897604;-79,005657;MARISCAL SUCRE Y PADRE AGUIRRE;ATROPELLOS;NO TRANSITAR POR LAS ACERAS O ZONAS DE SEGURIDAD DESTINADAS PARA EL EFECTO.;AUTOMÓVIL;1;0;NO;2024;4;12;4;VIERNES;11,16638888888889;11;MANANA;0,258819045102521;-0,9659258262890682;-0,433883739117558;-0,9009688679024191;1
2024-04-13;08:40:59.952000;CUENCA;CUENCA;URBANA;-2,881649;-78,961954;PANAMERICANA NORTE Y ESCUADRON CEDEÑO;CHOQUE LATERAL;NO GUARDAR LA DISTANCIA LATERAL MÍNIMA DE SEGURIDAD ENTRE VEHÍCULOS.;BICICLETA;1;0;NO;2024;4;13;5;SABADO;8,683055555555555;8;MANANA;0,8660254037844387;-0,4999999999999998;-0,9749279121818236;-0,2225209339563146;1
2024-04-12;18:36:00.086000;CUENCA;RICAURTE (CUENCA);RURAL;-2,844119;-78,971776;VIA AL BARRIO MARIA AUXILIADORA Y SN;OTROS;CONDUCIR DESATENTO A LAS CONDICIONES DE TRÁNSITO (CELULAR, PANTALLAS DE VIDEO, COMIDA, MAQUILLAJE O CUALQUIER OTRO ELEMENTO DISTRACTOR).;NO IDENTIFICADO;0;0;NO;2024;4;12;4;VIERNES;18,6;18;NOCHE;-1,0;-1,8369701987210297e-16;-0,433883739117558;-0,9009688679024191;0
2024-04-14;10:14:59.971000;CUENCA;CUENCA;URBANA;-2,904558;-79,025077;10 DE AGOSTO Y LOJA;CHOQUE POSTERIOR;CONDUCE BAJO LA INFLUENCIA DE ALCOHOL, SUSTANCIAS ESTUPEFACIENTES O PSICOTRÓPICAS Y/O MEDICAMENTOS.;AUTOMÓVIL;0;0;NO;2024;4;14;6;DOMINGO;10,249722222222221;10;MANANA;0,49999999999999994;-0,8660254037844387;-0,7818314824680299;0,6234898018587334;0
2024-04-14;15:27:59.962000;CUENCA;CUENCA;URBANA;-2,865181;-78,985133;SAN SILVESTRE Y LUIS MARIO RODRIGUEZ;CHOQUE LATERAL;CONDUCE BAJO LA INFLUENCIA DE ALCOHOL, SUSTANCIAS ESTUPEFACIENTES O PSICOTRÓPICAS Y/O MEDICAMENTOS.;MOTOCICLETA;2;0;NO;2024;4;14;6;DOMINGO;15,466388888888888;15;TARDE;-0,7071067811865471;-0,7071067811865479;-0,7818314824680299;0,6234898018587334;2
2024-04-14;15:04:59.981000;CUENCA;CUENCA;URBANA;-2,900128;-79,008678;12 DE ABRIL Y AGUSTIN CUEVA;PÉRDIDA DE PISTA;CONDUCIR DESATENTO A LAS CONDICIONES DE TRÁNSITO (CELULAR, PANTALLAS DE VIDEO, COMIDA, MAQUILLAJE O CUALQUIER OTRO ELEMENTO DISTRACTOR).;VEHÍCULO DEPORTIVO UTILITARIO;1;0;NO;2024;4;14;6;DOMINGO;15,083055555555555;15;TARDE;-0,7071067811865471;-0,7071067811865479;-0,7818314824680299;0,6234898018587334;1
2024-04-14;18:45:00.086000;CUENCA;CUENCA;URBANA;-2,915048;-79,037951;AV AMERICAS Y FRANCISCO ASCAZUBI;ATROPELLOS;CONDUCIR DESATENTO A LAS CONDICIONES DE TRÁNSITO (CELULAR, PANTALLAS DE VIDEO, COMIDA, MAQUILLAJE O CUALQUIER OTRO ELEMENTO DISTRACTOR).;NO IDENTIFICADO;1;0;NO;2024;4;14;6;DOMINGO;18,75;18;NOCHE;-1,0;-1,8369701987210297e-16;-0,7818314824680299;0,6234898018587334;1
2024-04-14;18:11:59.971000;CUENCA;NULTI;RURAL;-2,870568;-78,932516;CAMINO A CERRO JAISHI Y SN;PÉRDIDA DE PISTA;CONDUCIR DESATENTO A LAS CONDICIONES DE TRÁNSITO (CELULAR, PANTALLAS DE VIDEO, COMIDA, MAQUILLAJE O CUALQUIER OTRO ELEMENTO DISTRACTOR).;AUTOMÓVIL;1;0;NO;2024;4;14;6;DOMINGO;18,199722222222224;18;NOCHE;-1,0;-1,8369701987210297e-16;-0,7818314824680299;0,6234898018587334;1
2024-04-14;20:02:59.942000;CUENCA;CUENCA;URBANA;-2,896904;-78,977122;GONZALES SUAREZ Y RAYOLOMA;ATROPELLOS;CONDUCE BAJO LA INFLUENCIA DE ALCOHOL, SUSTANCIAS ESTUPEFACIENTES O PSICOTRÓPICAS Y/O MEDICAMENTOS.;MOTOCICLETA;3;0;NO;2024;4;14;6;DOMINGO;20,049722222222226;20;NOCHE;-0,8660254037844386;0,5000000000000001;-0,7818314824680299;0,6234898018587334;3
2024-04-15;20:12:59.990000;CUENCA;CUENCA;URBANA;-2,887711;-79,021747;CAYAMBE Y CAYAMBE;CHOQUE FRONTAL;CONDUCE BAJO LA INFLUENCIA DE ALCOHOL, SUSTANCIAS ESTUPEFACIENTES O PSICOTRÓPICAS Y/O MEDICAMENTOS.;CAMIONETA;1;0;NO;2024;4;15;0;LUNES;20,21638888888889;20;NOCHE;-0,8660254037844386;0,5000000000000001;0,0;1,0;1
2024-04-16;08:22:59.952000;CUENCA;CUENCA;URBANA;-2,891791;-79,008023;JUAN MONTALVO Y VEGA MUÑOZ;CHOQUE LATERAL;NO RESPETAR LAS SEÑALES REGLAMENTARIAS DE TRÁNSITO. (PARE, CEDA EL PASO, LUZ ROJA DEL SEMAFORO, ETC).;AUTOMÓVIL;2;0;NO;2024;4;16;1;MARTES;8,383055555555556;8;MANANA;0,8660254037844387;-0,4999999999999998;0,7818314824680298;0,6234898018587336;2
2024-04-17;06:06:59.990000;CUENCA;CUENCA;URBANA;-2,873168;-78,976475;CORNELIO VINTIMILLA Y JUAN ELJURI;OTROS;CASO FORTUITO O FUERZA MAYOR (EXPLOSIÓN DE NEUMÁTICO NUEVO, DERRUMBE, INUNDACIÓN, CAÍDA DE PUENTE, ÁRBOL, PRESENCIA INTEMPESTIVA E IMPREVISTA DE SEMOVIENTES EN LA VÍA, ETC.).;MOTOCICLETA;1;0;NO;2024;4;17;2;MIERCOLES;6,116388888888888;6;MANANA;1,0;6,123233995736766e-17;0,9749279121818236;-0,22252093395631434;1
2024-04-17;07:04:59.923000;CUENCA;CUENCA;URBANA;-2,891802;-79,012171;GASPAR SANGURIMA Y MIGUEL HEREDIA;CHOQUE LATERAL;NO RESPETAR LAS SEÑALES REGLAMENTARIAS DE TRÁNSITO. (PARE, CEDA EL PASO, LUZ ROJA DEL SEMAFORO, ETC).;FURGONETA;3;0;NO;2024;4;17;2;MIERCOLES;7,083055555555555;7;MANANA;0,9659258262890683;-0,25881904510252063;0,9749279121818236;-0,22252093395631434;3
2024-04-17;18:30:59.933000;CUENCA;SAN JOAQUIN;RURAL;-2,899613;-79,049533;ENRIQUE ARIZAGA Y CIUDAD DE CUENCA;PÉRDIDA DE CARRIL;MALAS CONDICIONES DE LA VÍA Y/O CONFIGURACIÓN. (ILUMINACIÓN Y DISEÑO).;VEHÍCULO DEPORTIVO UTILITARIO;2;0;NO;2024;4;17;2;MIERCOLES;18,51638888888889;18;NOCHE;-1,0;-1,8369701987210297e-16;0,9749279121818236;-0,22252093395631434;2
2024-04-17;16:27:59.990000;CUENCA;CUENCA;URBANA;-2,900953;-79,014947;LOJA Y REMIGIO TAMARIZ;CHOQUE LATERAL;CONDUCE BAJO LA INFLUENCIA DE ALCOHOL, SUSTANCIAS ESTUPEFACIENTES O PSICOTRÓPICAS Y/O MEDICAMENTOS.;VEHÍCULO DEPORTIVO UTILITARIO;0;0;NO;2024;4;17;2;MIERCOLES;16,46638888888889;16;TARDE;-0,8660254037844385;-0,5000000000000004;0,9749279121818236;-0,22252093395631434;0
2024-04-19;17:09:59.933000;CUENCA;CUENCA;URBANA;-2,926057;-79,038721;BEETHOVEN Y OPERA;CHOQUE POSTERIOR;CONDUCE BAJO LA INFLUENCIA DE ALCOHOL, SUSTANCIAS ESTUPEFACIENTES O PSICOTRÓPICAS Y/O MEDICAMENTOS.;NO IDENTIFICADO;0;0;NO;2024;4;19;4;VIERNES;17,16638888888889;17;TARDE;-0,9659258262890683;-0,25881904510252063;-0,433883739117558;-0,9009688679024191;0
2024-04-20;08:00:59.933000;CUENCA;RICAURTE (CUENCA);RURAL;-2,853614;-78,964181;VIA A DELEG Y SN - A 1 KM DE EL ARENAL;PÉRDIDA DE PISTA;CONDUCIR DESATENTO A LAS CONDICIONES DE TRÁNSITO (CELULAR, PANTALLAS DE VIDEO, COMIDA, MAQUILLAJE O CUALQUIER OTRO ELEMENTO DISTRACTOR).;FURGONETA;1;0;NO;2024;4;20;5;SABADO;8,016388888888889;8;MANANA;0,8660254037844387;-0,4999999999999998;-0,9749279121818236;-0,2225209339563146;1
2024-04-19;21:09:00.086000;CUENCA;CUENCA;URBANA;-2,895418;-79,036235;CARLOS ARIZAGA VEGA Y ISAURO RODRIGUEZ;CHOQUE LATERAL;NO CEDER EL DERECHO DE VÍA O PREFERENCIA DE PASO A VEHÍCULOS.;MOTOCICLETA;1;0;NO;2024;4;19;4;VIERNES;21,15;21;NOCHE;-0,7071067811865477;0,7071067811865474;-0,433883739117558;-0,9009688679024191;1
2024-04-19;11:16:59.923000;CUENCA;CUENCA;URBANA;-2,904141;-79,014224;RICARDO MUÑOZ DAVILA Y PADRE JULIO MATOVELLE;CHOQUE LATERAL;NO RESPETAR LAS SEÑALES REGLAMENTARIAS DE TRÁNSITO. (PARE, CEDA EL PASO, LUZ ROJA DEL SEMAFORO, ETC).;VEHÍCULO DEPORTIVO UTILITARIO;0;0;NO;2024;4;19;4;VIERNES;11,283055555555556;11;MANANA;0,258819045102521;-0,9659258262890682;-0,433883739117558;-0,9009688679024191;0
2024-04-20;19:48:59.962000;CUENCA;CUENCA;URBANA;-2,879931;-79,066855;ORDOÑEZ LASSO Y DEL TEJAR;CHOQUE LATERAL;NO CEDER EL DERECHO DE VÍA O PREFERENCIA DE PASO A VEHÍCULOS.;MOTOCICLETA;2;0;NO;2024;4;20;5;SABADO;19,81638888888889;19;NOCHE;-0,9659258262890684;0,2588190451025203;-0,9749279121818236;-0,2225209339563146;2
2024-04-21;17:22:59.952000;CUENCA;CUENCA;URBANA;-2,886155;-78,996452;AV AMERICAS Y ANTONIO VALLEJO;ATROPELLOS;PEATÓN TRANSITA BAJO INFLUENCIA DE ALCOHOL, SUSTANCIAS ESTUPEFACIENTES O PSICOTRÓPICAS Y/O MEDICAMENTOS.;MOTOCICLETA;1;0;NO;2024;4;21;6;DOMINGO;17,383055555555558;17;TARDE;-0,9659258262890683;-0,25881904510252063;-0,7818314824680299;0,6234898018587334;1
2024-04-21;16:36:59.990000;CUENCA;BAÑOS (CUENCA);RURAL;-2,920224;-79,066817;01 DE SEPTIEMBRE Y 06 DE ENERO;PÉRDIDA DE PISTA;CONDUCIR DESATENTO A LAS CONDICIONES DE TRÁNSITO (CELULAR, PANTALLAS DE VIDEO, COMIDA, MAQUILLAJE O CUALQUIER OTRO ELEMENTO DISTRACTOR).;NO IDENTIFICADO;0;0;NO;2024;4;21;6;DOMINGO;16,616388888888892;16;TARDE;-0,8660254037844385;-0,5000000000000004;-0,7818314824680299;0,6234898018587334;0
2024-04-22;02:19:59.981000;CUENCA;CUENCA;URBANA;-2,880006;-78,982328;AV AMERICAS Y JUAN IGNACIO GÓMEZ ARCE;PÉRDIDA DE CARRIL;CONDUCIR DESATENTO A LAS CONDICIONES DE TRÁNSITO (CELULAR, PANTALLAS DE VIDEO, COMIDA, MAQUILLAJE O CUALQUIER OTRO ELEMENTO DISTRACTOR).;CAMIÓN;0;1;NO;2024;4;22;0;LUNES;2,333055555555555;2;MADRUGADA;0,49999999999999994;0,8660254037844387;0,0;1,0;1
2024-04-22;07:01:59.952000;CUENCA;SANTA ANA;RURAL;-2,939376;-78,928689;VIA A SANTA ANA Y ENTRADA A UQUILULA;ROZAMIENTOS;NO GUARDAR LA DISTANCIA LATERAL MÍNIMA DE SEGURIDAD ENTRE VEHÍCULOS.;VEHÍCULO DEPORTIVO UTILITARIO;0;0;NO;2024;4;22;0;LUNES;7,033055555555555;7;MANANA;0,9659258262890683;-0,25881904510252063;0,0;1,0;0
2024-04-22;12:23:59.942000;CUENCA;CUENCA;URBANA;-2,871636;-79,052693;DE LAS CABUYAS Y DE LOS CARRIZOS;ESTRELLAMIENTOS;CONDUCIR DESATENTO A LAS CONDICIONES DE TRÁNSITO (CELULAR, PANTALLAS DE VIDEO, COMIDA, MAQUILLAJE O CUALQUIER OTRO ELEMENTO DISTRACTOR).;VEHÍCULO DEPORTIVO UTILITARIO;0;0;NO;2024;4;22;0;LUNES;12,399722222222222;12;TARDE;1,2246467991473532e-16;-1,0;0,0;1,0;0
2024-04-23;13:42:59.933000;CUENCA;BAÑOS (CUENCA);RURAL;-2,925317;-79,073784;VÍA A COCHAPAMBA Y SN;ATROPELLOS;CONDUCIR DESATENTO A LAS CONDICIONES DE TRÁNSITO (CELULAR, PANTALLAS DE VIDEO, COMIDA, MAQUILLAJE O CUALQUIER OTRO ELEMENTO DISTRACTOR).;AUTOMÓVIL;2;0;NO;2024;4;23;1;MARTES;13,716388888888888;13;TARDE;-0,2588190451025208;-0,9659258262890683;0,7818314824680298;0,6234898018587336;2