FECHA;HORA;CANTON;PARROQUIA;ZONA;LATITUD_Y;LONGITUD_X;DIRECCION;TIPO_DE_SINIESTRO;CAUSA_PROBABLE;TIPO_DE_VEHICULO_1;LESIONADOS;FALLECIDOS;FERIADO;ANIO;MES;DIA;DIA_SEMANA;NOMBRE_DIA;HORA_DECIMAL;HORA_NUM;RANGO_HORARIO;HORA_SIN;HORA_COS;DIA_SIN;DIA_COS;TOTAL_VICTIMAS
2024-04-23;18:36:00.086000;CUENCA;CUENCA;URBANA;-2,887907;-79,029889;DEL TEJAR Y CAMINO A RACAR;CHOQUE LATERAL;NO RESPETAR LAS SEÑALES REGLAMENTARIAS DE TRÁNSITO. (PARE, CEDA EL PASO, LUZ ROJA DEL SEMAFORO, ETC).;MOTOCICLETA;1;0;NO;2024;4;23;1;MARTES;18,6;18;NOCHE;-1,0;-1,8369701987210297e-16;0,7818314824680298;0,6234898018587336;1
2024-04-23;21:49:59.981000;CUENCA;CUENCA;URBANA;-2,899774;-78,986104;GONZALEZ SUAREZ Y RIO AGUARICO;ATROPELLOS;PEATÓN TRANSITA BAJO INFLUENCIA DE ALCOHOL, SUSTANCIAS ESTUPEFACIENTES O PSICOTRÓPICAS Y/O MEDICAMENTOS.;BICICLETA;2;0;NO;2024;4;23;1;MARTES;21,833055555555557;21;NOCHE;-0,7071067811865477;0,7071067811865474;0,7818314824680298;0,6234898018587336;2
2024-04-24;06:49:59.981000;CUENCA;CUENCA;URBANA;-2,896788;-78,976147;GONZALES SUAREZ Y RAYOLOMA;ATROPELLOS;NO CEDER EL DERECHO DE VÍA O PREFERENCIA DE PASO AL PEATÓN.;CAMIONETA;1;0;NO;2024;4;24;2;MIERCOLES;6,833055555555555;6;MANANA;1,0;6,123233995736766e-17;0,9749279121818236;-0,22252093395631434;1
2024-04-24;07:03:00.086000;CUENCA;CUENCA;URBANA;-2,913607;-79,038992;CAMINO VIEJO A BAÑOS Y TARQUINO CORDERO;ATROPELLOS;CONDUCIR DESATENTO A LAS CONDICIONES DE TRÁNSITO (CELULAR, PANTALLAS DE VIDEO, COMIDA, MAQUILLAJE O CUALQUIER OTRO ELEMENTO DISTRACTOR).;AUTOMÓVIL;1;0;NO;2024;4;24;2;MIERCOLES;7,05;7;MANANA;0,9659258262890683;-0,25881904510252063;0,9749279121818236;-0,22252093395631434;1
2024-04-25;18:43:59.952000;CUENCA;CUENCA;URBANA;-2,868839;-79,036932;CAMINO A SAN PEDRO DEL CEBOLLAR Y FRANCISCO CHILCHE;VOLCAMIENTOS;CONDUCIR DESATENTO A LAS CONDICIONES DE TRÁNSITO (CELULAR, PANTALLAS DE VIDEO, COMIDA, MAQUILLAJE O CUALQUIER OTRO ELEMENTO DISTRACTOR).;CAMIÓN;1;0;NO;2024;4;25;3;JUEVES;18,733055555555556;18;NOCHE;-1,0;-1,8369701987210297e-16;0,43388373911755823;-0,900968867902419;1
2024-04-25;23:27:59.933000;CUENCA;TURI;RURAL;-2,937512;-79,019208;VIA AL MIRADOR MONJAS-TURI Y SN;PÉRDIDA DE PISTA;CONDUCIR DESATENTO A LAS CONDICIONES DE TRÁNSITO (CELULAR, PANTALLAS DE VIDEO, COMIDA, MAQUILLAJE O CUALQUIER OTRO ELEMENTO DISTRACTOR).;VEHÍCULO DEPORTIVO UTILITARIO;1;0;NO;2024;4;25;3;JUEVES;23,46638888888889;23;NOCHE;-0,25881904510252157;0,9659258262890681;0,43388373911755823;-0,900968867902419;1
2024-04-26;06:54:00.086000;CUENCA;CUENCA;URBANA;-2,894441;-79,007483;TARQUI Y MARISCAL LAMAR;ATROPELLOS;NO CEDER EL DERECHO DE VÍA O PREFERENCIA DE PASO AL PEATÓN.;AUTOMÓVIL;2;0;NO;2024;4;26;4;VIERNES;6,9;6;MANANA;1,0;6,123233995736766e-17;-0,433883739117558;-0,9009688679024191;2
2024-04-25;08:38:59.942000;CUENCA;CUENCA;URBANA;-2,883548;-78,989823;AV AMERICAS Y BARRIAL BLANCO;ATROPELLOS;CONDUCIR DESATENTO A LAS CONDICIONES DE TRÁNSITO (CELULAR, PANTALLAS DE VIDEO, COMIDA, MAQUILLAJE O CUALQUIER OTRO ELEMENTO DISTRACTOR).;CAMIONETA;1;0;NO;2024;4;25;3;JUEVES;8,649722222222222;8;MANANA;0,8660254037844387;-0,4999999999999998;0,43388373911755823;-0,900968867902419;1
2024-04-26;15:41:59.942000;CUENCA;CUENCA;URBANA;-2,912338;-78,992305;PASAJE DEL PARAÍSO Y MANUEL AGUSTÍN LANDIVAR;ESTRELLAMIENTOS;CONDUCE BAJO LA INFLUENCIA DE ALCOHOL, SUSTANCIAS ESTUPEFACIENTES O PSICOTRÓPICAS Y/O MEDICAMENTOS.;CAMIONETA;0;0;NO;2024;4;26;4;VIERNES;15,699722222222222;15;TARDE;-0,7071067811865471;-0,7071067811865479;-0,433883739117558;-0,9009688679024191;0
2024-04-27;07:28:59.952000;CUENCA;CUENCA;URBANA;-2,914181;-79,031611;LOJA Y CAMINO VIEJO A BAÑOS;CHOQUE LATERAL;NO CEDER EL DERECHO DE VÍA O PREFERENCIA DE PASO A VEHÍCULOS.;AUTOMÓVIL;0;0;NO;2024;4;27;5;SABADO;7,483055555555556;7;MANANA;0,9659258262890683;-0,25881904510252063;-0,9749279121818236;-0,2225209339563146;0
2024-04-27;22:27:59.990000;CUENCA;CUENCA;URBANA;-2,887585;-79,038571;ORDOÑEZ LASSO Y DE LA BUGANVILLA;PÉRDIDA DE PISTA;CONDUCE BAJO LA INFLUENCIA DE ALCOHOL, SUSTANCIAS ESTUPEFACIENTES O PSICOTRÓPICAS Y/O MEDICAMENTOS.;AUTOMÓVIL;1;0;NO;2024;4;27;5;SABADO;22,46638888888889;22;NOCHE;-0,5000000000000004;0,8660254037844384;-0,9749279121818236;-0,2225209339563146;1
2024-04-28;03:00:59.962000;CUENCA;CUENCA;URBANA;-2,907221;-79,024901;PRIMERO DE MAYO Y JUAN LUIS VIVES;PÉRDIDA DE PISTA;CONDUCIR DESATENTO A LAS CONDICIONES DE TRÁNSITO (CELULAR, PANTALLAS DE VIDEO, COMIDA, MAQUILLAJE O CUALQUIER OTRO ELEMENTO DISTRACTOR).;AUTOMÓVIL;0;0;NO;2024;4;28;6;DOMINGO;3,016388888888889;3;MADRUGADA;0,7071067811865476;0,7071067811865476;-0,7818314824680299;0,6234898018587334;0
2024-04-28;19:58:59.923000;CUENCA;CUENCA;RURAL;-2,894717;-79,038273;JUAN GIRON SANCHEZ Y CARLOS ARIZAGA VEGA;ATROPELLOS;NO TRANSITAR POR LAS ACERAS O ZONAS DE SEGURIDAD DESTINADAS PARA EL EFECTO.;NO IDENTIFICADO;1;0;NO;2024;4;28;6;DOMINGO;19,983055555555556;19;NOCHE;-0,9659258262890684;0,2588190451025203;-0,7818314824680299;0,6234898018587334;1
2024-04-29;12:20:59.971000;CUENCA;SININCAY;RURAL;-2,871944;-79,013505;VIA A LAZARETO Y SN;CHOQUE FRONTAL;REALIZAR CAMBIO BRUSCO O INDEBIDO DE CARRIL.;CAMIONETA;0;1;NO;2024;4;29;0;LUNES;12,349722222222223;12;TARDE;1,2246467991473532e-16;-1,0;0,0;1,0;1
2024-04-29;17:52:59.923000;CUENCA;CUENCA;URBANA;-2,905324;-79,038725;PRIMERO DE MAYO Y CARMELA MALO;CHOQUE LATERAL;NO RESPETAR LAS SEÑALES REGLAMENTARIAS DE TRÁNSITO. (PARE, CEDA EL PASO, LUZ ROJA DEL SEMAFORO, ETC).;AUTOMÓVIL;0;0;NO;2024;4;29;0;LUNES;17,883055555555558;17;TARDE;-0,9659258262890683;-0,25881904510252063;0,0;1,0;0
2024-04-19;17:47:59.942000;CUENCA;CUENCA;URBANA;-2,885244;-78,948151;RED ESTATAL E35 KM 697 Y SN;PÉRDIDA DE PISTA;CONDUCIR DESATENTO A LAS CONDICIONES DE TRÁNSITO (CELULAR, PANTALLAS DE VIDEO, COMIDA, MAQUILLAJE O CUALQUIER OTRO ELEMENTO DISTRACTOR).;NO IDENTIFICADO;1;0;NO;2024;4;19;4;VIERNES;17,799722222222226;17;TARDE;-0,9659258262890683;-0,25881904510252063;-0,433883739117558;-0,9009688679024191;1
2024-04-26;17:12:59.990000;CUENCA;CUENCA;URBANA;-2,899206;-78,968021;RED ESTATAL E35 KM700 Y CUZCO;CHOQUE LATERAL;REALIZAR CAMBIO BRUSCO O INDEBIDO DE CARRIL.;AUTOMÓVIL;0;0;NO;2024;4;26;4;VIERNES;17,21638888888889;17;TARDE;-0,9659258262890683;-0,25881904510252063;-0,433883739117558;-0,9009688679024191;0
2024-04-27;23:45:59.933000;CUENCA;CUENCA;URBANA;-2,895716;-78,973594;GONZALEZ SUAREZ Y TRANSITO AMAGUAÑA;PÉRDIDA DE PISTA;PRESENCIA DE AGENTES EXTERNOS EN LA VÍA (AGUA, ACEITE, PIEDRA, LASTRE, ESCOMBROS, MADEROS, ETC.).;VEHÍCULO DEPORTIVO UTILITARIO;0;0;NO;2024;4;27;5;SABADO;23,76638888888889;23;NOCHE;-0,25881904510252157;0,9659258262890681;-0,9749279121818236;-0,2225209339563146;0
2024-04-01;07:46:59.952000;CUENCA;TARQUI (CUENCA);RURAL;-3,018889;-79,040722;RED VIAL E 35 KM 11.5;CHOQUE LATERAL;NO RESPETAR LAS SEÑALES REGLAMENTARIAS DE TRÁNSITO. (PARE, CEDA EL PASO, LUZ ROJA DEL SEMAFORO, ETC).;AUTOMÓVIL;5;1;NO;2024;4;1;0;LUNES;7,783055555555555;7;MANANA;0,9659258262890683;-0,25881904510252063;0,0;1,0;6
2024-04-03;12:59:59.942000;CUENCA;TARQUI (CUENCA);RURAL;-3,003078;-79,041234;SE  ENCUENTRA UBICADO EN LA RED VIAL E-35  SENTIDO  CUENCA  -  CUMBE   A LA ALTURA DEL INGRESO A TARQUI;CHOQUE LATERAL;NO RESPETAR LAS SEÑALES REGLAMENTARIAS DE TRÁNSITO. (PARE, CEDA EL PASO, LUZ ROJA DEL SEMAFORO, ETC).;AUTOMÓVIL;0;0;NO;2024;4;3;2;MIERCOLES;12,999722222222221;12;TARDE;1,2246467991473532e-16;-1,0;0,9749279121818236;-0,22252093395631434;0
2024-04-07;12:14:59.942000;CUENCA;SAYAUSI;RURAL;-2,830234;-79,135134;SE  ENCUENTRA UBICADO EN LA RED VIAL E-582  SENTIDO  CUENCA  - MOLLETURO AL  LLEGAR AL KM 24+700 APROXIMADAMENTE SECTOR VIRGEN DEL CAJAS;COLISIÓN;NO MANTENER LA DISTANCIA PRUDENCIAL CON RESPECTO AL VEHÍCULO QUE LE ANTECEDE.;CAMIÓN;0;0;NO;2024;4;7;6;DOMINGO;12,249722222222221;12;TARDE;1,2246467991473532e-16;-1,0;-0,7818314824680299;0,6234898018587334;0
2024-04-14;12:00:00.086000;CUENCA;VICTORIA DEL PORTETE;RURAL;-3,066472;-79,055444;RED VIAL E 59 KM 23;CHOQUE POSTERIOR;NO MANTENER LA DISTANCIA PRUDENCIAL CON RESPECTO AL VEHÍCULO QUE LE ANTECEDE.;VEHÍCULO DEPORTIVO UTILITARIO;0;0;NO;2024;4;14;6;DOMINGO;12,0;12;TARDE;1,2246467991473532e-16;-1,0;-0,7818314824680299;0,6234898018587334;0
2024-04-14;13:48:59.962000;CUENCA;MOLLETURO;RURAL;-2,623028;-79,460281;RED VIAL E 582 KM 104+680;PÉRDIDA DE CARRIL;CONDUCIR DESATENTO A LAS CONDICIONES DE TRÁNSITO (CELULAR, PANTALLAS DE VIDEO, COMIDA, MAQUILLAJE O CUALQUIER OTRO ELEMENTO DISTRACTOR).;CAMIONETA;12;3;NO;2024;4;14;6;DOMINGO;13,81638888888889;13;TARDE;-0,2588190451025208;-0,9659258262890683;-0,7818314824680299;0,6234898018587334;15
2024-04-14;19:39:59.962000;CUENCA;MOLLETURO;RURAL;-2,800501;-79,289306;RED VIAL E 582 KM 44+620;CHOQUE POSTERIOR;NO MANTENER LA DISTANCIA PRUDENCIAL CON RESPECTO AL VEHÍCULO QUE LE ANTECEDE.;NO IDENTIFICADO;1;0;NO;2024;4;14;6;DOMINGO;19,66638888888889;19;NOCHE;-0,9659258262890684;0,2588190451025203;-0,7818314824680299;0,6234898018587334;1
2024-04-16;04:59:59.971000;CUENCA;MOLLETURO;RURAL;-2,803611;-79,340556;E 582 KM 51+740;PÉRDIDA DE CARRIL;CONDUCIR DESATENTO A LAS CONDICIONES DE TRÁNSITO (CELULAR, PANTALLAS DE VIDEO, COMIDA, MAQUILLAJE O CUALQUIER OTRO ELEMENTO DISTRACTOR).;CAMIÓN;1;0;NO;2024;4;16;1;MARTES;4,999722222222222;4;MADRUGADA;0,8660254037844386;0,5000000000000001;0,7818314824680298;0,6234898018587336;1
2024-04-20;15:54:59.962000;CUENCA;SAYAUSI;RURAL;-2,781917;-79,166404;SE ENCUENTRA UBICADO EN LA RED VIAL E-582 SENTIDO MOLLETURO  ¿  CUENCA AL LLEGAR AL KM 9 APROXIMADAMENTE A 20 METROS DEL TERMINAL LIRIO  DE BUSES URBANO;ATROPELLOS;CONDUCIR DESATENTO A LAS CONDICIONES DE TRÁNSITO (CELULAR, PANTALLAS DE VIDEO, COMIDA, MAQUILLAJE O CUALQUIER OTRO ELEMENTO DISTRACTOR).;NO IDENTIFICADO;1;0;NO;2024;4;20;5;SABADO;15,91638888888889;15;TARDE;-0,7071067811865471;-0,7071067811865479;-0,9749279121818236;-0,2225209339563146;1
2024-04-26;14:29:59.942000;CUENCA;MOLLETURO;RURAL;-2,639222;-79,450389;RED VIAL ESTATAL 582 KM 99.;PÉRDIDA DE CARRIL;CONDUCIR DESATENTO A LAS CONDICIONES DE TRÁNSITO (CELULAR, PANTALLAS DE VIDEO, COMIDA, MAQUILLAJE O CUALQUIER OTRO ELEMENTO DISTRACTOR).;CAMIONETA;1;0;NO;2024;4;26;4;VIERNES;14,499722222222221;14;TARDE;-0,4999999999999997;-0,8660254037844388;-0,433883739117558;-0,9009688679024191;1
2024-04-26;16:44:59.942000;CUENCA;TARQUI (CUENCA);RURAL;-2,969028;-79,048751;RED VIAL E-35 KM 6;CHOQUE POSTERIOR;NO MANTENER LA DISTANCIA PRUDENCIAL CON RESPECTO AL VEHÍCULO QUE LE ANTECEDE.;CAMIONETA;0;0;NO;2024;4;26;4;VIERNES;16,749722222222225;16;TARDE;-0,8660254037844385;-0,5000000000000004;-0,433883739117558;-0,9009688679024191;0
2024-04-27;17:09:59.933000;CUENCA;BAÑOS (CUENCA);RURAL;-2,951361;-79,048056;RED VIAL E 35 KM 3.5;CHOQUE FRONTAL;CONDUCIR EN SENTIDO CONTRARIO A LA VÍA NORMAL DE CIRCULACIÓN.;AUTOMÓVIL;6;0;NO;2024;4;27;5;SABADO;17,16638888888889;17;TARDE;-0,9659258262890683;-0,25881904510252063;-0,9749279121818236;-0,2225209339563146;6
2024-05-01;16:26:00;CUENCA;CUENCA;URBANA;-2,915555;-79,013479;DON BOSCO Y PABLO PICASSO;CHOQUE LATERAL;REALIZAR CAMBIO BRUSCO O INDEBIDO DE CARRIL.;MOTOCICLETA;2;0;NO;2024;5;1;2;MIERCOLES;16,433333333333334;16;TARDE;-0,8660254037844385;-0,5000000000000004;0,9749279121818236;-0,22252093395631434;2
2024-05-01;19:55:00;CUENCA;CUENCA;URBANA;-2,883246;-78,958064;PANAMERICANA NORTE Y SN;CHOQUE LATERAL;CONDUCE BAJO LA INFLUENCIA DE ALCOHOL, SUSTANCIAS ESTUPEFACIENTES O PSICOTRÓPICAS Y/O MEDICAMENTOS.;CAMIÓN;1;0;NO;2024;5;1;2;MIERCOLES;19,916666666666668;19;NOCHE;-0,9659258262890684;0,2588190451025203;0,9749279121818236;-0,22252093395631434;1
2024-05-01;12:29:00;CUENCA;CUENCA;URBANA;-2,905999;-79,026652;CANTON GUALACEO Y LOJA;ATROPELLOS;CONDUCIR DESATENTO A LAS CONDICIONES DE TRÁNSITO (CELULAR, PANTALLAS DE VIDEO, COMIDA, MAQUILLAJE O CUALQUIER OTRO ELEMENTO DISTRACTOR).;NO IDENTIFICADO;1;0;NO;2024;5;1;2;MIERCOLES;12,483333333333333;12;TARDE;1,2246467991473532e-16;-1,0;0,9749279121818236;-0,22252093395631434;1
2024-05-02;06:40:00;CUENCA;CUENCA;URBANA;-2,879262;-78,981499;AV AMERICAS Y PASEO MILCHICHIG;COLISIÓN;NO MANTENER LA DISTANCIA PRUDENCIAL CON RESPECTO AL VEHÍCULO QUE LE ANTECEDE.;AUTOMÓVIL;0;0;SI;2024;5;2;3;JUEVES;6,666666666666667;6;MANANA;1,0;6,123233995736766e-17;0,43388373911755823;-0,900968867902419;0
2024-05-02;12:50:00;CUENCA;CUENCA;URBANA;-2,896019;-78,999687;MARISCAL LAMAR Y VARGAS MACHUCA;ATROPELLOS;PEATÓN QUE CRUZA LA CALZADA SIN RESPETAR LA SEÑALIZACIÓN EXISTENTE (SEMÁFOROS O SEÑALES MANUALES).;VEHÍCULO DEPORTIVO UTILITARIO;1;0;SI;2024;5;2;3;JUEVES;12,833333333333334;12;TARDE;1,2246467991473532e-16;-1,0;0,43388373911755823;-0,900968867902419;1
2024-05-03;12:03:00;CUENCA;CUENCA;URBANA;-2,903214;-79,012637;REMIGIO ROMERO Y REMIGIO TAMARIZ CRESPO;ESTRELLAMIENTOS;CONDUCIR DESATENTO A LAS CONDICIONES DE TRÁNSITO (CELULAR, PANTALLAS DE VIDEO, COMIDA, MAQUILLAJE O CUALQUIER OTRO ELEMENTO DISTRACTOR).;AUTOMÓVIL;0;0;SI;2024;5;3;4;VIERNES;12,05;12;TARDE;1,2246467991473532e-16;-1,0;-0,433883739117558;-0,9009688679024191;0
2024-05-03;01:02:00;CUENCA;CUENCA;URBANA;-2,910629;-78,995637;12 DE ABRIL Y HUAYNA CAPAC;ESTRELLAMIENTOS;CONDUCIR DESATENTO A LAS CONDICIONES DE TRÁNSITO (CELULAR, PANTALLAS DE VIDEO, COMIDA, MAQUILLAJE O CUALQUIER OTRO ELEMENTO DISTRACTOR).;AUTOMÓVIL;0;0;SI;2024;5;3;4;VIERNES;1,0333333333333334;1;MADRUGADA;0,25881904510252074;0,9659258262890683;-0,433883739117558;-0,9009688679024191;0
2024-05-03;22:01:00;CUENCA;CUENCA;URBANA;-2,900849;-78,97334;RED ESTATAL E35 KM 700 Y VÍA MONAY BAGUANCHI;PÉRDIDA DE CARRIL;CONDUCE BAJO LA INFLUENCIA DE ALCOHOL, SUSTANCIAS ESTUPEFACIENTES O PSICOTRÓPICAS Y/O MEDICAMENTOS.;AUTOMÓVIL;0;0;SI;2024;5;3;4;VIERNES;22,016666666666666;22;NOCHE;-0,5000000000000004;0,8660254037844384;-0,433883739117558;-0,9009688679024191;0
2024-05-03;19:37:00;CUENCA;CUENCA;URBANA;-2,912966;-79,032236;DON BOSCO Y EL SALADO;CHOQUE LATERAL;REALIZAR CAMBIO BRUSCO O INDEBIDO DE CARRIL.;MOTOCICLETA;1;0;SI;2024;5;3;4;VIERNES;19,616666666666667;19;NOCHE;-0,9659258262890684;0,2588190451025203;-0,433883739117558;-0,9009688679024191;1
2024-05-03;21:54:00;CUENCA;CUENCA;URBANA;-2,904203;-79,023678;LOJA  E ISABEL LANDIVAR;PÉRDIDA DE CARRIL;CONDUCIR DESATENTO A LAS CONDICIONES DE TRÁNSITO (CELULAR, PANTALLAS DE VIDEO, COMIDA, MAQUILLAJE O CUALQUIER OTRO ELEMENTO DISTRACTOR).;VEHÍCULO DEPORTIVO UTILITARIO;0;0;SI;2024;5;3;4;VIERNES;21,9;21;NOCHE;-0,7071067811865477;0,7071067811865474;-0,433883739117558;-0,9009688679024191;0
2024-05-04;22:52:00;CUENCA;CUENCA;URBANA;-2,915666;-79,010013;SOLANO Y PRIMERO DE MAYO;CHOQUE LATERAL;CONDUCE BAJO LA INFLUENCIA DE ALCOHOL, SUSTANCIAS ESTUPEFACIENTES O PSICOTRÓPICAS Y/O MEDICAMENTOS.;AUTOMÓVIL;0;0;SI;2024;5;4;5;SABADO;22,866666666666667;22;NOCHE;-0,5000000000000004;0,8660254037844384;-0,9749279121818236;-0,2225209339563146;0
2024-05-04;23:13:00;CUENCA;CUENCA;URBANA;-2,919811;-79,051214;RICARDO DURAN Y DE LA RONDA;ESTRELLAMIENTOS;CONDUCIR DESATENTO A LAS CONDICIONES DE TRÁNSITO (CELULAR, PANTALLAS DE VIDEO, COMIDA, MAQUILLAJE O CUALQUIER OTRO ELEMENTO DISTRACTOR).;MOTOCICLETA;1;0;SI;2024;5;4;5;SABADO;23,216666666666665;23;NOCHE;-0,25881904510252157;0,9659258262890681;-0,9749279121818236;-0,2225209339563146;1
2024-05-05;04:01:00;CUENCA;CUENCA;URBANA;-2,899087;-79,022309;BRASIL Y GUANTÁNAMO;ESTRELLAMIENTOS;CONDUCIR DESATENTO A LAS CONDICIONES DE TRÁNSITO (CELULAR, PANTALLAS DE VIDEO, COMIDA, MAQUILLAJE O CUALQUIER OTRO ELEMENTO DISTRACTOR).;AUTOMÓVIL;0;0;SI;2024;5;5;6;DOMINGO;4,016666666666667;4;MADRUGADA;0,8660254037844386;0,5000000000000001;-0,7818314824680299;0,6234898018587334;0
2024-05-06;07:36:00;CUENCA;CUENCA;URBANA;-2,88975;-78,963928;GONZALEZ SUAREZ Y AV AMERICAS;ROZAMIENTOS;NO GUARDAR LA DISTANCIA LATERAL MÍNIMA DE SEGURIDAD ENTRE VEHÍCULOS.;SCOOTER ELÉCTRICO;0;1;NO;2024;5;6;0;LUNES;7,6;7;MANANA;0,9659258262890683;-0,25881904510252063;0,0;1,0;1
2024-05-06;07:00:00;CUENCA;CUENCA;URBANA;-2,905255;-79,038702;PRIMERO DE MAYO Y CARMELA MALO;CHOQUE LATERAL;NO RESPETAR LAS SEÑALES REGLAMENTARIAS DE TRÁNSITO. (PARE, CEDA EL PASO, LUZ ROJA DEL SEMAFORO, ETC).;MOTOCICLETA;3;0;NO;2024;5;6;0;LUNES;7,0;7;MANANA;0,9659258262890683;-0,25881904510252063;0,0;1,0;3
2024-05-06;13:06:00;CUENCA;CUENCA;URBANA;-2,894095;-78,96051;RED ESTATAL E35 KM 699 Y AV AMERICAS;ROZAMIENTOS;MAL ESTACIONADO - EL CONDUCTOR QUE DETENGA O ESTACIONE VEHÍCULOS EN SITIOS O ZONAS QUE ENTRAÑEN PELIGRO, TALES COMO ZONA DE SEGURIDAD, CURVAS, PUENTES, TÚNELES, PENDIENTES.;MOTOCICLETA;1;0;NO;2024;5;6;0;LUNES;13,1;13;TARDE;-0,2588190451025208;-0,9659258262890683;0,0;1,0;1
2024-05-06;23:49:00;CUENCA;CUENCA;URBANA;-2,84931;-78,918137;PANAMERICANA NORTE Y SN;PÉRDIDA DE CARRIL;CONDUCIR DESATENTO A LAS CONDICIONES DE TRÁNSITO (CELULAR, PANTALLAS DE VIDEO, COMIDA, MAQUILLAJE O CUALQUIER OTRO ELEMENTO DISTRACTOR).;MOTOCICLETA;1;0;NO;2024;5;6;0;LUNES;23,816666666666666;23;NOCHE;-0,25881904510252157;0,9659258262890681;0,0;1,0;1
2024-05-06;17:26:00;CUENCA;CUENCA;URBANA;-2,854229;-78,991318;CAMINO LA COMPAÑIA Y SN;PÉRDIDA DE PISTA;CONDUCIR DESATENTO A LAS CONDICIONES DE TRÁNSITO (CELULAR, PANTALLAS DE VIDEO, COMIDA, MAQUILLAJE O CUALQUIER OTRO ELEMENTO DISTRACTOR).;NO IDENTIFICADO;1;0;NO;2024;5;6;0;LUNES;17,433333333333334;17;TARDE;-0,9659258262890683;-0,25881904510252063;0,0;1,0;1
2024-05-07;13:08:00;CUENCA;CUENCA;URBANA;-2,880987;-79,062935;ORDOÑEZ LASSO Y DE LA ORTIGA;CHOQUE LATERAL;NO CEDER EL DERECHO DE VÍA O PREFERENCIA DE PASO A VEHÍCULOS.;MOTOCICLETA;1;0;NO;2024;5;7;1;MARTES;13,133333333333333;13;TARDE;-0,2588190451025208;-0,9659258262890683;0,7818314824680298;0,6234898018587336;1
2024-05-05;02:15:00;CUENCA;CUENCA;URBANA;-2,900287;-79,003512;BORRERO Y JUAN JARAMILLO;ESTRELLAMIENTOS;CONDUCE BAJO LA INFLUENCIA DE ALCOHOL, SUSTANCIAS ESTUPEFACIENTES O PSICOTRÓPICAS Y/O MEDICAMENTOS.;AUTOMÓVIL;0;0;SI;2024;5;5;6;DOMINGO;2,25;2;MADRUGADA;0,49999999999999994;0,8660254037844387;-0,7818314824680299;0,6234898018587334;0
2024-05-07;17:35:00;CUENCA;CUENCA;URBANA;-2,902249;-79,01482;REMIGIO CRESPO Y LORENZO PIEDRA;ATROPELLOS;CONDUCIR DESATENTO A LAS CONDICIONES DE TRÁNSITO (CELULAR, PANTALLAS DE VIDEO, COMIDA, MAQUILLAJE O CUALQUIER OTRO ELEMENTO DISTRACTOR).;AUTOMÓVIL;1;0;NO;2024;5;7;1;MARTES;17,583333333333332;17;TARDE;-0,9659258262890683;-0,25881904510252063;0,7818314824680298;0,6234898018587336;1
2024-05-07;15:48:00;CUENCA;CUENCA;URBANA;-2,911952;-79,036029;AV AMERICAS Y DON BOSCO;CAÍDA DE PASAJERO;BAJARSE O SUBIRSE DE VEHÍCULOS EN MOVIMIENTO SIN TOMAR LAS PRECAUCIONES DEBIDAS.;BUS;1;0;NO;2024;5;7;1;MARTES;15,8;15;TARDE;-0,7071067811865471;-0,7071067811865479;0,7818314824680298;0,6234898018587336;1
2024-05-07;18:09:00;CUENCA;CUENCA;URBANA;-2,917499;-78,992484;RED ESTATAL E35 KM 703 Y SN;CHOQUE POSTERIOR;CONDUCIR DESATENTO A LAS CONDICIONES DE TRÁNSITO (CELULAR, PANTALLAS DE VIDEO, COMIDA, MAQUILLAJE O CUALQUIER OTRO ELEMENTO DISTRACTOR).;BICICLETA;1;0;NO;2024;5;7;1;MARTES;18,15;18;NOCHE;-1,0;-1,8369701987210297e-16;0,7818314824680298;0,6234898018587336;1
2024-05-07;17:15:00;CUENCA;CUENCA;URBANA;-2,909996;-79,007621;LUIS MORENO MORA Y SOLANO;CHOQUE FRONTAL;NO CEDER EL DERECHO DE VÍA O PREFERENCIA DE PASO A VEHÍCULOS.;MOTOCICLETA;1;0;NO;2024;5;7;1;MARTES;17,25;17;TARDE;-0,9659258262890683;-0,25881904510252063;0,7818314824680298;0,6234898018587336;1
2024-05-08;15:34:00;CUENCA;CUENCA;URBANA;-2,911689;-79,006376;10 DE AGOSTO Y MIGUEL MORENO;CHOQUE LATERAL;NO CEDER EL DERECHO DE VÍA O PREFERENCIA DE PASO A VEHÍCULOS.;MOTOCICLETA;1;0;NO;2024;5;8;2;MIERCOLES;15,566666666666666;15;TARDE;-0,7071067811865471;-0,7071067811865479;0,9749279121818236;-0,22252093395631434;1