FECHA;HORA;CANTON;PARROQUIA;ZONA;LATITUD_Y;LONGITUD_X;DIRECCION;TIPO_DE_SINIESTRO;CAUSA_PROBABLE;TIPO_DE_VEHICULO_1;LESIONADOS;FALLECIDOS;FERIADO;ANIO;MES;DIA;DIA_SEMANA;NOMBRE_DIA;HORA_DECIMAL;HORA_NUM;RANGO_HORARIO;HORA_SIN;HORA_COS;DIA_SIN;DIA_COS;TOTAL_VICTIMAS
2024-05-10;15:28:00;CUENCA;CUENCA;URBANA;-2,909423;-78,997284;12 DE ABRIL Y ARIRUMBA;COLISIÓN;NO MANTENER LA DISTANCIA PRUDENCIAL CON RESPECTO AL VEHÍCULO QUE LE ANTECEDE.;VEHÍCULO DEPORTIVO UTILITARIO;0;0;NO;2024;5;10;4;VIERNES;15,466666666666667;15;TARDE;-0,7071067811865471;-0,7071067811865479;-0,433883739117558;-0,9009688679024191;0
2024-05-10;14:49:00;CUENCA;CUENCA;URBANA;-2,860921;-78,934515;PANAMERICANA NORTE Y ESTUARDO CISNEROS SEMERIA VIA A LLACAO;CHOQUE POSTERIOR;CONDUCIR DESATENTO A LAS CONDICIONES DE TRÁNSITO (CELULAR, PANTALLAS DE VIDEO, COMIDA, MAQUILLAJE O CUALQUIER OTRO ELEMENTO DISTRACTOR).;VEHÍCULO DEPORTIVO UTILITARIO;0;0;NO;2024;5;10;4;VIERNES;14,816666666666666;14;TARDE;-0,4999999999999997;-0,8660254037844388;-0,433883739117558;-0,9009688679024191;0
2024-05-10;15:20:00;CUENCA;CUENCA;URBANA;-2,896452;-78,989827;GUAPONDELIG Y RIO PALORA;CHOQUE LATERAL;CONDUCIR DESATENTO A LAS CONDICIONES DE TRÁNSITO (CELULAR, PANTALLAS DE VIDEO, COMIDA, MAQUILLAJE O CUALQUIER OTRO ELEMENTO DISTRACTOR).;AUTOMÓVIL;2;0;NO;2024;5;10;4;VIERNES;15,333333333333334;15;TARDE;-0,7071067811865471;-0,7071067811865479;-0,433883739117558;-0,9009688679024191;2
2024-05-11;07:27:00;CUENCA;CUENCA;URBANA;-2,905651;-79,000829;12 DE ABRIL Y JOSE PERALTA;PÉRDIDA DE CARRIL;CONDUCIR DESATENTO A LAS CONDICIONES DE TRÁNSITO (CELULAR, PANTALLAS DE VIDEO, COMIDA, MAQUILLAJE O CUALQUIER OTRO ELEMENTO DISTRACTOR).;MOTOCICLETA;2;0;NO;2024;5;11;5;SABADO;7,45;7;MANANA;0,9659258262890683;-0,25881904510252063;-0,9749279121818236;-0,2225209339563146;2
2024-05-09;18:20:00;CUENCA;CUENCA;URBANA;-2,894701;-79,000652;GASPAR SANGURIMA Y MARIANO CUEVA;ESTRELLAMIENTOS;CONDUCIR DESATENTO A LAS CONDICIONES DE TRÁNSITO (CELULAR, PANTALLAS DE VIDEO, COMIDA, MAQUILLAJE O CUALQUIER OTRO ELEMENTO DISTRACTOR).;CAMIONETA;0;0;NO;2024;5;9;3;JUEVES;18,333333333333332;18;NOCHE;-1,0;-1,8369701987210297e-16;0,43388373911755823;-0,900968867902419;0
2024-05-11;02:31:00;CUENCA;CUENCA;URBANA;-2,887517;-79,009808;AV AMERICAS Y HEROES DE VERDELOMA;PÉRDIDA DE CARRIL;CONDUCIR DESATENTO A LAS CONDICIONES DE TRÁNSITO (CELULAR, PANTALLAS DE VIDEO, COMIDA, MAQUILLAJE O CUALQUIER OTRO ELEMENTO DISTRACTOR).;CAMIONETA;0;0;NO;2024;5;11;5;SABADO;2,5166666666666666;2;MADRUGADA;0,49999999999999994;0,8660254037844387;-0,9749279121818236;-0,2225209339563146;0
2024-05-11;20:22:00;CUENCA;CUENCA;URBANA;-2,901998;-79,029234;AV AMERICAS Y MEXICO;CHOQUE LATERAL;NO RESPETAR LAS SEÑALES REGLAMENTARIAS DE TRÁNSITO. (PARE, CEDA EL PASO, LUZ ROJA DEL SEMAFORO, ETC).;AUTOMÓVIL;2;0;NO;2024;5;11;5;SABADO;20,366666666666667;20;NOCHE;-0,8660254037844386;0,5000000000000001;-0,9749279121818236;-0,2225209339563146;2
2024-05-11;20:27:00;CUENCA;CUENCA;URBANA;-2,909769;-79,008401;SOLANO Y ALFONSO MORENO MORA;CHOQUE LATERAL;NO RESPETAR LAS SEÑALES REGLAMENTARIAS DE TRÁNSITO. (PARE, CEDA EL PASO, LUZ ROJA DEL SEMAFORO, ETC).;AUTOMÓVIL;1;1;NO;2024;5;11;5;SABADO;20,45;20;NOCHE;-0,8660254037844386;0,5000000000000001;-0,9749279121818236;-0,2225209339563146;2
2024-05-13;06:59:00;CUENCA;CUENCA;URBANA;-2,915697;-79,033005;LOJA Y HILARIO CHICA;CHOQUE LATERAL;CONDUCIR DESATENTO A LAS CONDICIONES DE TRÁNSITO (CELULAR, PANTALLAS DE VIDEO, COMIDA, MAQUILLAJE O CUALQUIER OTRO ELEMENTO DISTRACTOR).;VEHÍCULO DEPORTIVO UTILITARIO;3;0;NO;2024;5;13;0;LUNES;6,983333333333333;6;MANANA;1,0;6,123233995736766e-17;0,0;1,0;3
2024-05-13;06:57:00;CUENCA;SININCAY;RURAL;-2,875885;-79,011945;VIA A LAZARETO Y SN;PÉRDIDA DE PISTA;CONDUCIR DESATENTO A LAS CONDICIONES DE TRÁNSITO (CELULAR, PANTALLAS DE VIDEO, COMIDA, MAQUILLAJE O CUALQUIER OTRO ELEMENTO DISTRACTOR).;MOTOCICLETA;1;0;NO;2024;5;13;0;LUNES;6,95;6;MANANA;1,0;6,123233995736766e-17;0,0;1,0;1
2024-05-13;11:14:00;CUENCA;CUENCA;URBANA;-2,913063;-79,007655;BELISARIO ANDRADE Y ADOLFO TORRES;ATROPELLOS;NO CEDER EL DERECHO DE VÍA O PREFERENCIA DE PASO AL PEATÓN.;NO IDENTIFICADO;1;0;NO;2024;5;13;0;LUNES;11,233333333333333;11;MANANA;0,258819045102521;-0,9659258262890682;0,0;1,0;1
2024-05-13;18:37:00;CUENCA;CUENCA;URBANA;-2,881382;-79,061649;ORDOÑEZ LASSO Y DE LA MENTA;CHOQUE LATERAL;CONDUCE BAJO LA INFLUENCIA DE ALCOHOL, SUSTANCIAS ESTUPEFACIENTES O PSICOTRÓPICAS Y/O MEDICAMENTOS.;MOTOCICLETA;2;0;NO;2024;5;13;0;LUNES;18,616666666666667;18;NOCHE;-1,0;-1,8369701987210297e-16;0,0;1,0;2
2024-05-15;20:12:00;CUENCA;CUENCA;URBANA;-2,904049;-79,031525;AV AMERICAS Y ENRIQUE ARIZAGA;CHOQUE POSTERIOR;CONDUCE BAJO LA INFLUENCIA DE ALCOHOL, SUSTANCIAS ESTUPEFACIENTES O PSICOTRÓPICAS Y/O MEDICAMENTOS.;AUTOMÓVIL;0;0;NO;2024;5;15;2;MIERCOLES;20,2;20;NOCHE;-0,8660254037844386;0,5000000000000001;0,9749279121818236;-0,22252093395631434;0
2024-05-15;18:11:00;CUENCA;BAÑOS (CUENCA);RURAL;-2,920724;-79,06554;RICARDO DURAN Y PRIMERO DE SEPTIEMBRE;ATROPELLOS;CONDUCIR DESATENTO A LAS CONDICIONES DE TRÁNSITO (CELULAR, PANTALLAS DE VIDEO, COMIDA, MAQUILLAJE O CUALQUIER OTRO ELEMENTO DISTRACTOR).;AUTOMÓVIL;4;0;NO;2024;5;15;2;MIERCOLES;18,183333333333334;18;NOCHE;-1,0;-1,8369701987210297e-16;0,9749279121818236;-0,22252093395631434;4
2024-05-16;18:36:00;CUENCA;CUENCA;URBANA;-2,874101;-78,939643;RED ESTATAL E35 KM -0+696 Y VIA PACCHA;CHOQUE POSTERIOR;CONDUCE BAJO LA INFLUENCIA DE ALCOHOL, SUSTANCIAS ESTUPEFACIENTES O PSICOTRÓPICAS Y/O MEDICAMENTOS.;AUTOMÓVIL;1;0;NO;2024;5;16;3;JUEVES;18,6;18;NOCHE;-1,0;-1,8369701987210297e-16;0,43388373911755823;-0,900968867902419;1
2024-05-16;21:17:00;CUENCA;RICAURTE (CUENCA);RURAL;-2,875461;-78,950533;VIA MOLINOPAMBA BAJO Y SN;PÉRDIDA DE CARRIL;CONDUCE BAJO LA INFLUENCIA DE ALCOHOL, SUSTANCIAS ESTUPEFACIENTES O PSICOTRÓPICAS Y/O MEDICAMENTOS.;CAMIONETA;1;0;NO;2024;5;16;3;JUEVES;21,283333333333335;21;NOCHE;-0,7071067811865477;0,7071067811865474;0,43388373911755823;-0,900968867902419;1
2024-05-17;08:46:00;CUENCA;CUENCA;URBANA;-2,899967;-78,97724;PUMAPUNGO Y BENITO JUAREZ;ROZAMIENTOS;CONDUCIR DESATENTO A LAS CONDICIONES DE TRÁNSITO (CELULAR, PANTALLAS DE VIDEO, COMIDA, MAQUILLAJE O CUALQUIER OTRO ELEMENTO DISTRACTOR).;CAMIÓN;0;0;NO;2024;5;17;4;VIERNES;8,766666666666667;8;MANANA;0,8660254037844387;-0,4999999999999998;-0,433883739117558;-0,9009688679024191;0
2024-05-17;17:27:00;CUENCA;SININCAY;RURAL;-2,852455;-79,01202;VÍA A SININCAY Y SN;ESTRELLAMIENTOS;CONDUCIR DESATENTO A LAS CONDICIONES DE TRÁNSITO (CELULAR, PANTALLAS DE VIDEO, COMIDA, MAQUILLAJE O CUALQUIER OTRO ELEMENTO DISTRACTOR).;NO IDENTIFICADO;0;0;NO;2024;5;17;4;VIERNES;17,45;17;TARDE;-0,9659258262890683;-0,25881904510252063;-0,433883739117558;-0,9009688679024191;0
2024-05-17;18:14:00;CUENCA;CUENCA;URBANA;-2,846255;-78,913039;PANAMERICANA NORTE Y DEL BOMBERO;PÉRDIDA DE CARRIL;CONDUCIR DESATENTO A LAS CONDICIONES DE TRÁNSITO (CELULAR, PANTALLAS DE VIDEO, COMIDA, MAQUILLAJE O CUALQUIER OTRO ELEMENTO DISTRACTOR).;AUTOMÓVIL;0;0;NO;2024;5;17;4;VIERNES;18,233333333333334;18;NOCHE;-1,0;-1,8369701987210297e-16;-0,433883739117558;-0,9009688679024191;0
2024-05-16;18:43:00;CUENCA;RICAURTE (CUENCA);RURAL;-2,867621;-78,964173;18 DE NOVIEMBRE Y 19 DE NOVIEMBRE;ROZAMIENTOS;NO GUARDAR LA DISTANCIA LATERAL MÍNIMA DE SEGURIDAD ENTRE VEHÍCULOS.;VEHÍCULO DEPORTIVO UTILITARIO;2;0;NO;2024;5;16;3;JUEVES;18,716666666666665;18;NOCHE;-1,0;-1,8369701987210297e-16;0,43388373911755823;-0,900968867902419;2
2024-05-16;19:41:00;CUENCA;CUENCA;URBANA;-2,909825;-78,984967;24 DE MAYO Y AMBATO;CHOQUE POSTERIOR;CONDUCIR DESATENTO A LAS CONDICIONES DE TRÁNSITO (CELULAR, PANTALLAS DE VIDEO, COMIDA, MAQUILLAJE O CUALQUIER OTRO ELEMENTO DISTRACTOR).;VEHÍCULO DEPORTIVO UTILITARIO;4;0;NO;2024;5;16;3;JUEVES;19,683333333333334;19;NOCHE;-0,9659258262890684;0,2588190451025203;0,43388373911755823;-0,900968867902419;4
2024-05-29;11:56:00;CUENCA;CUENCA;URBANA;-2,885364;-78,992529;AV AMERICAS Y ESCALERAS;ATROPELLOS;CONDUCIR DESATENTO A LAS CONDICIONES DE TRÁNSITO (CELULAR, PANTALLAS DE VIDEO, COMIDA, MAQUILLAJE O CUALQUIER OTRO ELEMENTO DISTRACTOR).;MOTOCICLETA;1;0;NO;2024;5;29;2;MIERCOLES;11,933333333333334;11;MANANA;0,258819045102521;-0,9659258262890682;0,9749279121818236;-0,22252093395631434;1
2024-05-18;03:53:00;CUENCA;CUENCA;URBANA;-2,87762;-78,998179;DE LOS QUESITOS Y DE LAS QUESADILLAS;ESTRELLAMIENTOS;CONDUCIR DESATENTO A LAS CONDICIONES DE TRÁNSITO (CELULAR, PANTALLAS DE VIDEO, COMIDA, MAQUILLAJE O CUALQUIER OTRO ELEMENTO DISTRACTOR).;AUTOMÓVIL;0;0;NO;2024;5;18;5;SABADO;3,8833333333333333;3;MADRUGADA;0,7071067811865476;0,7071067811865476;-0,9749279121818236;-0,2225209339563146;0
2024-05-19;00:03:00;CUENCA;RICAURTE (CUENCA);RURAL;-2,858895;-78,968842;VIA A CHECA Y DE LAS ALDEAS;PÉRDIDA DE PISTA;CONDUCE BAJO LA INFLUENCIA DE ALCOHOL, SUSTANCIAS ESTUPEFACIENTES O PSICOTRÓPICAS Y/O MEDICAMENTOS.;MOTOCICLETA;1;0;NO;2024;5;19;6;DOMINGO;0,05;0;MADRUGADA;0,0;1,0;-0,7818314824680299;0,6234898018587334;1
2024-05-16;18:29:00;CUENCA;CUENCA;URBANA;-2,899315;-78,968434;RED ESTATAL E35 KM700 Y CUZCO;COLISIÓN;CONDUCIR DESATENTO A LAS CONDICIONES DE TRÁNSITO (CELULAR, PANTALLAS DE VIDEO, COMIDA, MAQUILLAJE O CUALQUIER OTRO ELEMENTO DISTRACTOR).;VEHÍCULO DEPORTIVO UTILITARIO;0;0;NO;2024;5;16;3;JUEVES;18,483333333333334;18;NOCHE;-1,0;-1,8369701987210297e-16;0,43388373911755823;-0,900968867902419;0
2024-05-20;16:13:00;CUENCA;CUENCA;URBANA;-2,882401;-78,987148;AV AMERICAS Y HUACAS;CHOQUE LATERAL;NO CEDER EL DERECHO DE VÍA O PREFERENCIA DE PASO A VEHÍCULOS.;MOTOCICLETA;1;0;NO;2024;5;20;0;LUNES;16,216666666666665;16;TARDE;-0,8660254037844385;-0,5000000000000004;0,0;1,0;1
2024-05-21;12:26:00;CUENCA;CUENCA;URBANA;-2,899774;-79,011803;LOJA Y LORENZO PIEDRA;CHOQUE LATERAL;NO GUARDAR LA DISTANCIA LATERAL MÍNIMA DE SEGURIDAD ENTRE VEHÍCULOS.;NO IDENTIFICADO;1;0;NO;2024;5;21;1;MARTES;12,433333333333334;12;TARDE;1,2246467991473532e-16;-1,0;0,7818314824680298;0,6234898018587336;1
2024-05-21;18:00:00;CUENCA;CUENCA;URBANA;-2,881838;-78,995411;TURUHUAYCO Y OBISPO ALBERTO ORDOÑEZ CRESPO;CHOQUE LATERAL;CONDUCIR DESATENTO A LAS CONDICIONES DE TRÁNSITO (CELULAR, PANTALLAS DE VIDEO, COMIDA, MAQUILLAJE O CUALQUIER OTRO ELEMENTO DISTRACTOR).;MOTOCICLETA;0;0;NO;2024;5;21;1;MARTES;18,0;18;NOCHE;-1,0;-1,8369701987210297e-16;0,7818314824680298;0,6234898018587336;0
2024-05-21;20:53:00;CUENCA;CUENCA;URBANA;-2,910237;-79,048165;CARLOS ARIZAGA TORAL Y CANTON ALFREDO BAQUERIZO MORENO;ESTRELLAMIENTOS;CONDUCIR DESATENTO A LAS CONDICIONES DE TRÁNSITO (CELULAR, PANTALLAS DE VIDEO, COMIDA, MAQUILLAJE O CUALQUIER OTRO ELEMENTO DISTRACTOR).;AUTOMÓVIL;0;0;NO;2024;5;21;1;MARTES;20,883333333333333;20;NOCHE;-0,8660254037844386;0,5000000000000001;0,7818314824680298;0,6234898018587336;0
2024-05-22;02:14:00;CUENCA;CUENCA;URBANA;-2,910543;-79,010308;10 DE AGOSTO Y FEDERICO PROAÑO;PÉRDIDA DE PISTA;CONDUCIR DESATENTO A LAS CONDICIONES DE TRÁNSITO (CELULAR, PANTALLAS DE VIDEO, COMIDA, MAQUILLAJE O CUALQUIER OTRO ELEMENTO DISTRACTOR).;MOTOCICLETA;1;0;NO;2024;5;22;2;MIERCOLES;2,2333333333333334;2;MADRUGADA;0,49999999999999994;0,8660254037844387;0,9749279121818236;-0,22252093395631434;1
2024-05-22;18:28:00;CUENCA;CUENCA;URBANA;-2,919092;-79,016822;JOSE ORTEGA Y GASSET Y FELIPE SEGUNDO;CHOQUE LATERAL;CONDUCIR DESATENTO A LAS CONDICIONES DE TRÁNSITO (CELULAR, PANTALLAS DE VIDEO, COMIDA, MAQUILLAJE O CUALQUIER OTRO ELEMENTO DISTRACTOR).;MOTOCICLETA;1;0;NO;2024;5;22;2;MIERCOLES;18,466666666666665;18;NOCHE;-1,0;-1,8369701987210297e-16;0,9749279121818236;-0,22252093395631434;1
2024-05-22;08:36:00;CUENCA;CUENCA;URBANA;-2,923651;-79,043404;PEDRO VICENTE MALDONADO Y ANTONIO ULLOA;CHOQUE LATERAL;NO RESPETAR LAS SEÑALES REGLAMENTARIAS DE TRÁNSITO. (PARE, CEDA EL PASO, LUZ ROJA DEL SEMAFORO, ETC).;VEHÍCULO DEPORTIVO UTILITARIO;0;0;NO;2024;5;22;2;MIERCOLES;8,6;8;MANANA;0,8660254037844387;-0,4999999999999998;0,9749279121818236;-0,22252093395631434;0
2024-05-22;21:13:00;CUENCA;CUENCA;URBANA;-2,917764;-79,015708;JOSE ORTEGA Y GASSET Y SN;CHOQUE LATERAL;CONDUCIR DESATENTO A LAS CONDICIONES DE TRÁNSITO (CELULAR, PANTALLAS DE VIDEO, COMIDA, MAQUILLAJE O CUALQUIER OTRO ELEMENTO DISTRACTOR).;MOTOCICLETA;1;0;NO;2024;5;22;2;MIERCOLES;21,216666666666665;21;NOCHE;-0,7071067811865477;0,7071067811865474;0,9749279121818236;-0,22252093395631434;1
2024-05-22;07:26:00;CUENCA;CUENCA;URBANA;-2,901921;-78,996796;HUAYNA CAPAC Y JUAN JARAMILLO;CHOQUE LATERAL;CONDUCE BAJO LA INFLUENCIA DE ALCOHOL, SUSTANCIAS ESTUPEFACIENTES O PSICOTRÓPICAS Y/O MEDICAMENTOS.;VEHÍCULO DEPORTIVO UTILITARIO;2;0;NO;2024;5;22;2;MIERCOLES;7,433333333333334;7;MANANA;0,9659258262890683;-0,25881904510252063;0,9749279121818236;-0,22252093395631434;2
2024-05-23;07:09:00;CUENCA;CUENCA;URBANA;-2,91015;-79,02419;ISABELA CATOLICA Y FRANCISCO DE ORELLANA;CHOQUE LATERAL;NO RESPETAR LAS SEÑALES REGLAMENTARIAS DE TRÁNSITO. (PARE, CEDA EL PASO, LUZ ROJA DEL SEMAFORO, ETC).;AUTOMÓVIL;0;0;SI;2024;5;23;3;JUEVES;7,15;7;MANANA;0,9659258262890683;-0,25881904510252063;0,43388373911755823;-0,900968867902419;0
2024-05-31;07:06:00;CUENCA;CUENCA;URBANA;-2,903348;-79,031203;AV AMERICAS Y LEOPOLDO DAVILA;CHOQUE LATERAL;NO CEDER EL DERECHO DE VÍA O PREFERENCIA DE PASO A VEHÍCULOS.;BUS;1;0;NO;2024;5;31;4;VIERNES;7,1;7;MANANA;0,9659258262890683;-0,25881904510252063;-0,433883739117558;-0,9009688679024191;1
2024-05-22;17:27:00;CUENCA;CUENCA;URBANA;-2,889895;-78,98847;ESPAÑA Y FRANCISCO PIZARRO;CHOQUE POSTERIOR;CONDUCIR DESATENTO A LAS CONDICIONES DE TRÁNSITO (CELULAR, PANTALLAS DE VIDEO, COMIDA, MAQUILLAJE O CUALQUIER OTRO ELEMENTO DISTRACTOR).;AUTOMÓVIL;1;0;NO;2024;5;22;2;MIERCOLES;17,45;17;TARDE;-0,9659258262890683;-0,25881904510252063;0,9749279121818236;-0,22252093395631434;1
2024-05-23;13:53:00;CUENCA;CUENCA;URBANA;-2,898108;-78,972666;24 DE MAYO Y WASHINGTON;CHOQUE LATERAL;ADELANTAR O REBASAR A OTRO VEHÍCULO EN MOVIMIENTO EN ZONAS O SITIOS PELIGROSOS TALES COMO: CURVAS, PUENTES, TÚNELES, PENDIENTES, ETC.;MOTOCICLETA;2;0;SI;2024;5;23;3;JUEVES;13,883333333333333;13;TARDE;-0,2588190451025208;-0,9659258262890683;0,43388373911755823;-0,900968867902419;2
2024-05-23;21:26:00;CUENCA;CUENCA;URBANA;-2,893258;-78,997433;PIO BRAVO Y MANUEL VEGA;CHOQUE LATERAL;NO RESPETAR LAS SEÑALES REGLAMENTARIAS DE TRÁNSITO. (PARE, CEDA EL PASO, LUZ ROJA DEL SEMAFORO, ETC).;AUTOMÓVIL;1;0;SI;2024;5;23;3;JUEVES;21,433333333333334;21;NOCHE;-0,7071067811865477;0,7071067811865474;0,43388373911755823;-0,900968867902419;1
2024-05-24;16:36:00;CUENCA;NULTI;URBANA;-2,846637;-78,880892;VIA A JADAN Y RED ESTATAL E35 KM 688;CHOQUE LATERAL;CONDUCE BAJO LA INFLUENCIA DE ALCOHOL, SUSTANCIAS ESTUPEFACIENTES O PSICOTRÓPICAS Y/O MEDICAMENTOS.;AUTOMÓVIL;1;0;SI;2024;5;24;4;VIERNES;16,6;16;TARDE;-0,8660254037844385;-0,5000000000000004;-0,433883739117558;-0,9009688679024191;1
2024-05-25;00:29:00;CUENCA;CUENCA;URBANA;-2,913875;-78,996855;PAUCARBAMBA Y 10 DE AGOSTO;PÉRDIDA DE CARRIL;CONDUCIR DESATENTO A LAS CONDICIONES DE TRÁNSITO (CELULAR, PANTALLAS DE VIDEO, COMIDA, MAQUILLAJE O CUALQUIER OTRO ELEMENTO DISTRACTOR).;AUTOMÓVIL;2;0;SI;2024;5;25;5;SABADO;0,48333333333333334;0;MADRUGADA;0,0;1,0;-0,9749279121818236;-0,2225209339563146;2
2024-05-24;08:54:00;CUENCA;CUENCA;URBANA;-2,913436;-78,990117;24 DE MAYO Y  DEL PARAISO;ROZAMIENTOS;NO GUARDAR LA DISTANCIA LATERAL MÍNIMA DE SEGURIDAD ENTRE VEHÍCULOS.;VEHÍCULO DEPORTIVO UTILITARIO;0;0;SI;2024;5;24;4;VIERNES;8,9;8;MANANA;0,8660254037844387;-0,4999999999999998;-0,433883739117558;-0,9009688679024191;0
2024-05-25;15:26:00;CUENCA;CUENCA;URBANA;-2,893934;-78,999333;VEGA MUÑOZ Y VARGAS MACHUCA;ATROPELLOS;NO CEDER EL DERECHO DE VÍA O PREFERENCIA DE PASO AL PEATÓN.;NO IDENTIFICADO;1;0;SI;2024;5;25;5;SABADO;15,433333333333334;15;TARDE;-0,7071067811865471;-0,7071067811865479;-0,9749279121818236;-0,2225209339563146;1
2024-05-25;16:24:00;CUENCA;VALLE;RURAL;-2,922892;-78,974115;27 DE OCTUBRE Y SN;CHOQUE FRONTAL;CONDUCE BAJO LA INFLUENCIA DE ALCOHOL, SUSTANCIAS ESTUPEFACIENTES O PSICOTRÓPICAS Y/O MEDICAMENTOS.;CAMIONETA;1;0;SI;2024;5;25;5;SABADO;16,4;16;TARDE;-0,8660254037844385;-0,5000000000000004;-0,9749279121818236;-0,2225209339563146;1
2024-05-25;22:06:00;CUENCA;CUENCA;URBANA;-2,909418;-79,03234;ISABEL LA CATOLICA Y FRAY GASPAR DE CARVAJAL;CHOQUE LATERAL;CONDUCE BAJO LA INFLUENCIA DE ALCOHOL, SUSTANCIAS ESTUPEFACIENTES O PSICOTRÓPICAS Y/O MEDICAMENTOS.;MOTOCICLETA;1;0;SI;2024;5;25;5;SABADO;22,1;22;NOCHE;-0,5000000000000004;0,8660254037844384;-0,9749279121818236;-0,2225209339563146;1
2024-05-27;02:40:00;CUENCA;CUENCA;URBANA;-2,925531;-79,041047;PANAMERICANA SUR Y SALTO DE LA SOGA;PÉRDIDA DE CARRIL;CONDUCIR DESATENTO A LAS CONDICIONES DE TRÁNSITO (CELULAR, PANTALLAS DE VIDEO, COMIDA, MAQUILLAJE O CUALQUIER OTRO ELEMENTO DISTRACTOR).;AUTOMÓVIL;0;0;NO;2024;5;27;0;LUNES;2,6666666666666665;2;MADRUGADA;0,49999999999999994;0,8660254037844387;0,0;1,0;0
2024-05-27;21:16:00;CUENCA;CUENCA;URBANA;-2,912943;-79,041277;JULIO VINUEZA Y MANUEL COELLO;ESTRELLAMIENTOS;CONDUCE BAJO LA INFLUENCIA DE ALCOHOL, SUSTANCIAS ESTUPEFACIENTES O PSICOTRÓPICAS Y/O MEDICAMENTOS.;VEHÍCULO DEPORTIVO UTILITARIO;0;0;NO;2024;5;27;0;LUNES;21,266666666666666;21;NOCHE;-0,7071067811865477;0,7071067811865474;0,0;1,0;0
2024-05-28;07:33:00;CUENCA;CUENCA;URBANA;-2,896024;-78,962409;RED ESTATAL E35 KM699 Y SN;CHOQUE POSTERIOR;NO MANTENER LA DISTANCIA PRUDENCIAL CON RESPECTO AL VEHÍCULO QUE LE ANTECEDE.;AUTOMÓVIL;3;0;NO;2024;5;28;1;MARTES;7,55;7;MANANA;0,9659258262890683;-0,25881904510252063;0,7818314824680298;0,6234898018587336;3
2024-05-25;09:09:00;CUENCA;CUENCA;URBANA;-2,896635;-78,963166;RED ESTATAL E35KM702 Y SN;CHOQUE POSTERIOR;NO MANTENER LA DISTANCIA PRUDENCIAL CON RESPECTO AL VEHÍCULO QUE LE ANTECEDE.;AUTOMÓVIL;1;0;SI;2024;5;25;5;SABADO;9,15;9;MANANA;0,7071067811865476;-0,7071067811865475;-0,9749279121818236;-0,2225209339563146;1
2024-05-28;16:09:00;CUENCA;CUENCA;URBANA;-2,887836;-79,007383;HÉROES DE VERDELOMA Y NICANOR MERCHÁN;ATROPELLOS;CONDUCIR DESATENTO A LAS CONDICIONES DE TRÁNSITO (CELULAR, PANTALLAS DE VIDEO, COMIDA, MAQUILLAJE O CUALQUIER OTRO ELEMENTO DISTRACTOR).;MOTOCICLETA;2;0;NO;2024;5;28;1;MARTES;16,15;16;TARDE;-0,8660254037844385;-0,5000000000000004;0,7818314824680298;0,6234898018587336;2
2024-05-28;18:06:00;CUENCA;RICAURTE (CUENCA);RURAL;-2,862664;-78,938963;JULIA BERNAL Y SN;CHOQUE FRONTAL;NO GUARDAR LA DISTANCIA LATERAL MÍNIMA DE SEGURIDAD ENTRE VEHÍCULOS.;AUTOMÓVIL;1;0;NO;2024;5;28;1;MARTES;18,1;18;NOCHE;-1,0;-1,8369701987210297e-16;0,7818314824680298;0,6234898018587336;1
2024-05-29;10:23:00;CUENCA;CUENCA;URBANA;-2,916122;-78,988602;RED ESTATAL E35 KM 702 1/2 Y SN;ESTRELLAMIENTOS;CONDUCIR DESATENTO A LAS CONDICIONES DE TRÁNSITO (CELULAR, PANTALLAS DE VIDEO, COMIDA, MAQUILLAJE O CUALQUIER OTRO ELEMENTO DISTRACTOR).;AUTOMÓVIL;2;0;NO;2024;5;29;2;MIERCOLES;10,383333333333333;10;MANANA;0,49999999999999994;-0,8660254037844387;0,9749279121818236;-0,22252093395631434;2
2024-05-29;12:13:00;CUENCA;CUENCA;URBANA;-2,910521;-78,985648;24 DE MAYO Y AMBATO;CHOQUE LATERAL;NO CEDER EL DERECHO DE VÍA O PREFERENCIA DE PASO AL PEATÓN.;AUTOMÓVIL;1;0;NO;2024;5;29;2;MIERCOLES;12,216666666666667;12;TARDE;1,2246467991473532e-16;-1,0;0,9749279121818236;-0,22252093395631434;1
2024-05-29;17:05:00;CUENCA;TURI;URBANA;-2,92174;-79,000268;RED ESTATAL E35 KM 704 Y HERNAN MALO;PÉRDIDA DE PISTA;PRESENCIA DE AGENTES EXTERNOS EN LA VÍA (AGUA, ACEITE, PIEDRA, LASTRE, ESCOMBROS, MADEROS, ETC.).;AUTOMÓVIL;1;0;NO;2024;5;29;2;MIERCOLES;17,083333333333332;17;TARDE;-0,9659258262890683;-0,25881904510252063;0,9749279121818236;-0,22252093395631434;1