FECHA;HORA;CANTON;PARROQUIA;ZONA;LATITUD_Y;LONGITUD_X;DIRECCION;TIPO_DE_SINIESTRO;CAUSA_PROBABLE;TIPO_DE_VEHICULO_1;LESIONADOS;FALLECIDOS;FERIADO;ANIO;MES;DIA;DIA_SEMANA;NOMBRE_DIA;HORA_DECIMAL;HORA_NUM;RANGO_HORARIO;HORA_SIN;HORA_COS;DIA_SIN;DIA_COS;TOTAL_VICTIMAS
2024-06-06;10:19:00;CUENCA;CUENCA;URBANA;-2,886884;-78,986002;AVENIDA GIL RAMIREZ DAVALOS Y VALENCIA;CHOQUE LATERAL;CONDUCIR VEHÍCULO SUPERANDO LOS LÍMITES MÁXIMOS DE VELOCIDAD.;MOTOCICLETA;1;0;NO;2024;6;6;3;JUEVES;10,316666666666666;10;MANANA;0,49999999999999994;-0,8660254037844387;0,43388373911755823;-0,900968867902419;1
2024-06-05;07:05:00;CUENCA;CUENCA;URBANA;-2,903101;-78,975912;RED ESTATAL E35 KM701 AUTOPISTA CUENCA AZOGUEZ;COLISIÓN;CONDUCIR VEHÍCULO SUPERANDO LOS LÍMITES MÁXIMOS DE VELOCIDAD.;AUTOMÓVIL;0;0;NO;2024;6;5;2;MIERCOLES;7,083333333333333;7;MANANA;0,9659258262890683;-0,25881904510252063;0,9749279121818236;-0,22252093395631434;0
2024-06-05;13:54:00;CUENCA;CUENCA;URBANA;-2,895579;-79,024991;AVENIDA DE LAS AMERICAS Y GENERAL ESCANDON;CHOQUE LATERAL;NO RESPETAR LAS SEÑALES REGLAMENTARIAS DE TRÁNSITO. (PARE, CEDA EL PASO, LUZ ROJA DEL SEMAFORO, ETC).;CAMIONETA;1;0;NO;2024;6;5;2;MIERCOLES;13,9;13;TARDE;-0,2588190451025208;-0,9659258262890683;0,9749279121818236;-0,22252093395631434;1
2024-06-06;18:54:00;CUENCA;CUENCA;URBANA;-2,899303;-79,008372;TARQUI Y LARGA;ATROPELLOS;NO TRANSITAR POR LAS ACERAS O ZONAS DE SEGURIDAD DESTINADAS PARA EL EFECTO.;AUTOMÓVIL;0;1;NO;2024;6;6;3;JUEVES;18,9;18;NOCHE;-1,0;-1,8369701987210297e-16;0,43388373911755823;-0,900968867902419;1
2024-06-07;07:48:00;CUENCA;CUENCA;URBANA;-2,910731;-79,032764;FRAY GASPAR DE CARVAJAL Y MIGUEL CABELLO BALBOA;ROZAMIENTOS;CONDUCE BAJO LA INFLUENCIA DE ALCOHOL, SUSTANCIAS ESTUPEFACIENTES O PSICOTRÓPICAS Y/O MEDICAMENTOS.;AUTOMÓVIL;1;0;NO;2024;6;7;4;VIERNES;7,8;7;MANANA;0,9659258262890683;-0,25881904510252063;-0,433883739117558;-0,9009688679024191;1
2024-06-07;12:06:00;CUENCA;CUENCA;URBANA;-2,912954;-79,032191;EL SALADO Y AV DON BOSCO;CHOQUE LATERAL;NO CEDER EL DERECHO DE VÍA O PREFERENCIA DE PASO A VEHÍCULOS.;MOTOCICLETA;1;0;NO;2024;6;7;4;VIERNES;12,1;12;TARDE;1,2246467991473532e-16;-1,0;-0,433883739117558;-0,9009688679024191;1
2024-06-07;19:31:00;CUENCA;CUENCA;URBANA;-2,923806;-79,039512;AVENIDA AMERICAS Y RICARDO DURAN;ATROPELLOS;PEATÓN TRANSITA BAJO INFLUENCIA DE ALCOHOL, SUSTANCIAS ESTUPEFACIENTES O PSICOTRÓPICAS Y/O MEDICAMENTOS.;NO IDENTIFICADO;1;0;NO;2024;6;7;4;VIERNES;19,516666666666666;19;NOCHE;-0,9659258262890684;0,2588190451025203;-0,433883739117558;-0,9009688679024191;1
2024-06-07;19:13:00;CUENCA;CUENCA;URBANA;-2,931219;-79,043575;PANAMERICANA SUR Y JOHANN STRAUSS;CHOQUE LATERAL;NO RESPETAR LAS SEÑALES REGLAMENTARIAS DE TRÁNSITO. (PARE, CEDA EL PASO, LUZ ROJA DEL SEMAFORO, ETC).;MOTOCICLETA;1;0;NO;2024;6;7;4;VIERNES;19,216666666666665;19;NOCHE;-0,9659258262890684;0,2588190451025203;-0,433883739117558;-0,9009688679024191;1
2024-06-08;04:50:00;CUENCA;CUENCA;URBANA;-2,920684;-79,015372;RED ESTATAL E35 KM 706 AUTOPISTA CUENCA AZOGUES;CHOQUE LATERAL;CONDUCE BAJO LA INFLUENCIA DE ALCOHOL, SUSTANCIAS ESTUPEFACIENTES O PSICOTRÓPICAS Y/O MEDICAMENTOS.;CAMIÓN;1;1;NO;2024;6;8;5;SABADO;4,833333333333333;4;MADRUGADA;0,8660254037844386;0,5000000000000001;-0,9749279121818236;-0,2225209339563146;2
2024-06-07;11:51:00;CUENCA;CUENCA;URBANA;-2,898156;-79,026257;AVENIDA AMERICAS Y AMAZONAS;ATROPELLOS;NO TRANSITAR POR LAS ACERAS O ZONAS DE SEGURIDAD DESTINADAS PARA EL EFECTO.;MOTOCICLETA;1;0;NO;2024;6;7;4;VIERNES;11,85;11;MANANA;0,258819045102521;-0,9659258262890682;-0,433883739117558;-0,9009688679024191;1
2024-06-08;09:25:00;CUENCA;CUENCA;URBANA;-2,887623;-78,985541;AVENIDA ESPAÑA Y VALENCIA;CHOQUE LATERAL;CONDUCE BAJO LA INFLUENCIA DE ALCOHOL, SUSTANCIAS ESTUPEFACIENTES O PSICOTRÓPICAS Y/O MEDICAMENTOS.;AUTOMÓVIL;2;0;NO;2024;6;8;5;SABADO;9,416666666666666;9;MANANA;0,7071067811865476;-0,7071067811865475;-0,9749279121818236;-0,2225209339563146;2
2024-06-08;10:35:00;CUENCA;SANTA ANA;RURAL;-2,971734;-78,908981;VIA A QUINGEO Y ENTRADA A DISHA;CHOQUE FRONTAL;CONDUCE BAJO LA INFLUENCIA DE ALCOHOL, SUSTANCIAS ESTUPEFACIENTES O PSICOTRÓPICAS Y/O MEDICAMENTOS.;MOTOCICLETA;1;0;NO;2024;6;8;5;SABADO;10,583333333333334;10;MANANA;0,49999999999999994;-0,8660254037844387;-0,9749279121818236;-0,2225209339563146;1
2024-06-08;11:04:00;CUENCA;CUENCA;RURAL;-2,873447;-78,947132;PANAMERICANA NORTE Y CAMINO A PACCHA;ATROPELLOS;NO TRANSITAR POR LAS ACERAS O ZONAS DE SEGURIDAD DESTINADAS PARA EL EFECTO.;NO IDENTIFICADO;1;0;NO;2024;6;8;5;SABADO;11,066666666666666;11;MANANA;0,258819045102521;-0,9659258262890682;-0,9749279121818236;-0,2225209339563146;1
2024-06-07;19:40:00;CUENCA;CUENCA;URBANA;-2,915841;-79,021965;AVENIDA DON BOSCO Y FRANCISCO JEREZ;CHOQUE POSTERIOR;CONDUCIR VEHÍCULO SUPERANDO LOS LÍMITES MÁXIMOS DE VELOCIDAD.;AUTOMÓVIL;1;0;NO;2024;6;7;4;VIERNES;19,666666666666668;19;NOCHE;-0,9659258262890684;0,2588190451025203;-0,433883739117558;-0,9009688679024191;1
2024-06-27;21:13:00;CUENCA;CUENCA;URBANA;-2,887943;-78,993664;BARRIAL BLANCO Y ARMENILLAS;CHOQUE POSTERIOR;CONDUCE BAJO LA INFLUENCIA DE ALCOHOL, SUSTANCIAS ESTUPEFACIENTES O PSICOTRÓPICAS Y/O MEDICAMENTOS.;AUTOMÓVIL;1;0;NO;2024;6;27;3;JUEVES;21,216666666666665;21;NOCHE;-0,7071067811865477;0,7071067811865474;0,43388373911755823;-0,900968867902419;1
2024-06-08;23:06:00;CUENCA;SININCAY;RURAL;-2,849069;-79,028071;VIA A SININCAY Y SN;ESTRELLAMIENTOS;CONDUCIR VEHÍCULO SUPERANDO LOS LÍMITES MÁXIMOS DE VELOCIDAD.;VEHÍCULO DEPORTIVO UTILITARIO;1;0;NO;2024;6;8;5;SABADO;23,1;23;NOCHE;-0,25881904510252157;0,9659258262890681;-0,9749279121818236;-0,2225209339563146;1
2024-06-09;07:55:00;CUENCA;CHIQUINTAD;URBANA;-2,846637;-78,986651;CAMINO A PATAMARCA Y ENTRADA A BELLAVISTA DE CHIQUINTAD;PÉRDIDA DE PISTA;CONDUCIR VEHÍCULO SUPERANDO LOS LÍMITES MÁXIMOS DE VELOCIDAD.;AUTOMÓVIL;1;0;NO;2024;6;9;6;DOMINGO;7,916666666666667;7;MANANA;0,9659258262890683;-0,25881904510252063;-0,7818314824680299;0,6234898018587334;1
2024-06-06;21:47:00;CUENCA;CUENCA;URBANA;-2,876158;-79,067059;DE LA GUAYUSA Y DEL ENELDO;PÉRDIDA DE PISTA;CONDUCIR VEHÍCULO SUPERANDO LOS LÍMITES MÁXIMOS DE VELOCIDAD.;CAMIONETA;1;0;NO;2024;6;6;3;JUEVES;21,783333333333335;21;NOCHE;-0,7071067811865477;0,7071067811865474;0,43388373911755823;-0,900968867902419;1
2024-06-09;18:40:00;CUENCA;SININCAY;RURAL;-2,859972;-79,021564;VIA AL CARMEN DE SININCAY Y CALLE SN;ESTRELLAMIENTOS;CONDUCIR VEHÍCULO SUPERANDO LOS LÍMITES MÁXIMOS DE VELOCIDAD.;CAMIÓN;1;0;NO;2024;6;9;6;DOMINGO;18,666666666666668;18;NOCHE;-1,0;-1,8369701987210297e-16;-0,7818314824680299;0,6234898018587334;1
2024-06-09;18:39:00;CUENCA;BAÑOS (CUENCA);RURAL;-2,922983;-79,067441;ALFONSO CARRION Y 8 DE SEPTIEMBRE;ROZAMIENTOS;NO GUARDAR LA DISTANCIA LATERAL MÍNIMA DE SEGURIDAD ENTRE VEHÍCULOS.;BUS;0;0;NO;2024;6;9;6;DOMINGO;18,65;18;NOCHE;-1,0;-1,8369701987210297e-16;-0,7818314824680299;0,6234898018587334;0
2024-06-10;12:58:00;CUENCA;CUENCA;URBANA;-2,881612;-78,961927;PANAMERICANA NORTE Y ESCUADRON CEDEÑO;CAÍDA DE PASAJERO;BAJARSE O SUBIRSE DE VEHÍCULOS EN MOVIMIENTO SIN TOMAR LAS PRECAUCIONES DEBIDAS.;NO IDENTIFICADO;1;0;NO;2024;6;10;0;LUNES;12,966666666666667;12;TARDE;1,2246467991473532e-16;-1,0;0,0;1,0;1
2024-06-10;14:33:00;CUENCA;CUENCA;URBANA;-2,907623;-78,998775;AVENIDA DOCE DE ABRIL Y BAJADA DE TODOS SANTOS;CHOQUE POSTERIOR;NO MANTENER LA DISTANCIA PRUDENCIAL CON RESPECTO AL VEHÍCULO QUE LE ANTECEDE.;VEHÍCULO DEPORTIVO UTILITARIO;0;0;NO;2024;6;10;0;LUNES;14,55;14;TARDE;-0,4999999999999997;-0,8660254037844388;0,0;1,0;0
2024-06-11;05:55:00;CUENCA;CUENCA;URBANA;-2,892252;-78,994328;CALLE SN;ARROLLAMIENTOS;NO TRANSITAR POR LAS ACERAS O ZONAS DE SEGURIDAD DESTINADAS PARA EL EFECTO.;NO IDENTIFICADO;0;1;NO;2024;6;11;1;MARTES;5,916666666666667;5;MADRUGADA;0,9659258262890683;0,25881904510252074;0,7818314824680298;0,6234898018587336;1
2024-06-11;16:46:00;CUENCA;CUENCA;URBANA;-2,893747;-78,971009;EPICLACHIMA Y NAZACOTA PUENTO;CAÍDA DE PASAJERO;BAJARSE O SUBIRSE DE VEHÍCULOS EN MOVIMIENTO SIN TOMAR LAS PRECAUCIONES DEBIDAS.;CAMIONETA;1;0;NO;2024;6;11;1;MARTES;16,766666666666666;16;TARDE;-0,8660254037844385;-0,5000000000000004;0,7818314824680298;0,6234898018587336;1
2024-06-12;07:39:00;CUENCA;CUENCA;URBANA;-2,880981;-78,945415;RED ESTATAL E35 KM696;CHOQUE POSTERIOR;CONDUCIR VEHÍCULO SUPERANDO LOS LÍMITES MÁXIMOS DE VELOCIDAD.;CAMIONETA;4;0;NO;2024;6;12;2;MIERCOLES;7,65;7;MANANA;0,9659258262890683;-0,25881904510252063;0,9749279121818236;-0,22252093395631434;4
2024-06-11;07:52:00;CUENCA;CUENCA;URBANA;-2,894521;-78,996486;AVENIDA HUAYNA CAPAC Y NUÑEZ DE BONILLA;CHOQUE LATERAL;NO RESPETAR LAS SEÑALES REGLAMENTARIAS DE TRÁNSITO. (PARE, CEDA EL PASO, LUZ ROJA DEL SEMAFORO, ETC).;AUTOMÓVIL;1;0;NO;2024;6;11;1;MARTES;7,866666666666667;7;MANANA;0,9659258262890683;-0,25881904510252063;0,7818314824680298;0,6234898018587336;1
2024-06-12;22:38:00;CUENCA;CUENCA;URBANA;-2,887151;-78,950914;RED ESTATAL E35 KM 694;PÉRDIDA DE PISTA;CONDUCE BAJO LA INFLUENCIA DE ALCOHOL, SUSTANCIAS ESTUPEFACIENTES O PSICOTRÓPICAS Y/O MEDICAMENTOS.;VEHÍCULO DEPORTIVO UTILITARIO;1;0;NO;2024;6;12;2;MIERCOLES;22,633333333333333;22;NOCHE;-0,5000000000000004;0,8660254037844384;0,9749279121818236;-0,22252093395631434;1
2024-06-12;21:06:00;CUENCA;CUENCA;URBANA;-2,883606;-78,955915;PANAMERICANA NORTE Y AVENIDA GONZALEZ SUAREZ;ATROPELLOS;NO TRANSITAR POR LAS ACERAS O ZONAS DE SEGURIDAD DESTINADAS PARA EL EFECTO.;AUTOMÓVIL;0;1;NO;2024;6;12;2;MIERCOLES;21,1;21;NOCHE;-0,7071067811865477;0,7071067811865474;0,9749279121818236;-0,22252093395631434;1
2024-06-12;20:44:00;CUENCA;CUENCA;URBANA;-2,896827;-79,025414;AV AMERICAS Y REMIGIO CRESPO;CHOQUE LATERAL;NO TRANSITAR POR LAS ACERAS O ZONAS DE SEGURIDAD DESTINADAS PARA EL EFECTO.;ESPECIAL;1;0;NO;2024;6;12;2;MIERCOLES;20,733333333333334;20;NOCHE;-0,8660254037844386;0,5000000000000001;0,9749279121818236;-0,22252093395631434;1
2024-06-14;19:37:00;CUENCA;VALLE;URBANA;-2,904098;-78,958978;VIA A RAYOLOMA;ESTRELLAMIENTOS;CONDUCIR VEHÍCULO SUPERANDO LOS LÍMITES MÁXIMOS DE VELOCIDAD.;VEHÍCULO DEPORTIVO UTILITARIO;0;0;NO;2024;6;14;4;VIERNES;19,616666666666667;19;NOCHE;-0,9659258262890684;0,2588190451025203;-0,433883739117558;-0,9009688679024191;0
2024-06-14;20:13:00;CUENCA;CUENCA;RURAL;-2,897433;-79,003791;RED ESTATAL E35 KM 694 AUTOPISTA CUENCA AZOGUES;CHOQUE POSTERIOR;CONDUCIR VEHÍCULO SUPERANDO LOS LÍMITES MÁXIMOS DE VELOCIDAD.;AUTOMÓVIL;4;0;NO;2024;6;14;4;VIERNES;20,216666666666665;20;NOCHE;-0,8660254037844386;0,5000000000000001;-0,433883739117558;-0,9009688679024191;4
2024-06-15;03:53:00;CUENCA;CUENCA;URBANA;-2,914663;-79,037549;AVENIDA AMERICAS Y NICOLAS DE ROCHA;PÉRDIDA DE CARRIL;CONDICIONES AMBIENTALES Y/O ATMOSFÉRICAS (NIEBLA, NEBLINA, GRANIZO, LLUVIA).;CAMIÓN;0;0;NO;2024;6;15;5;SABADO;3,8833333333333333;3;MADRUGADA;0,7071067811865476;0,7071067811865476;-0,9749279121818236;-0,2225209339563146;0
2024-06-15;03:49:00;CUENCA;CUENCA;URBANA;-2,896302;-78,962774;RED ESTATAL E35 KM 699;PÉRDIDA DE CARRIL;CONDUCIR VEHÍCULO SUPERANDO LOS LÍMITES MÁXIMOS DE VELOCIDAD.;CAMIONETA;1;0;NO;2024;6;15;5;SABADO;3,8166666666666664;3;MADRUGADA;0,7071067811865476;0,7071067811865476;-0,9749279121818236;-0,2225209339563146;1
2024-06-15;12:45:00;CUENCA;VALLE;RURAL;-2,949634;-78,952263;VIA A MALUAY;CHOQUE FRONTAL;CONDUCIR EN SENTIDO CONTRARIO A LA VÍA NORMAL DE CIRCULACIÓN.;CAMIONETA;1;0;NO;2024;6;15;5;SABADO;12,75;12;TARDE;1,2246467991473532e-16;-1,0;-0,9749279121818236;-0,2225209339563146;1
2024-06-15;12:51:00;CUENCA;CUENCA;URBANA;-2,898312;-79,007127;PRESIDENTE CORDOVA Y GENERAL TORRES;ATROPELLOS;NO TRANSITAR POR LAS ACERAS O ZONAS DE SEGURIDAD DESTINADAS PARA EL EFECTO.;BUS;1;0;NO;2024;6;15;5;SABADO;12,85;12;TARDE;1,2246467991473532e-16;-1,0;-0,9749279121818236;-0,2225209339563146;1
2024-06-16;01:50:00;CUENCA;SAN JOAQUIN;RURAL;-2,891866;-79,046352;MONSEÑOR LEONIDAS PROAÑO;PÉRDIDA DE CARRIL;CONDUCIR EN SENTIDO CONTRARIO A LA VÍA NORMAL DE CIRCULACIÓN.;MOTOCICLETA;1;0;NO;2024;6;16;6;DOMINGO;1,8333333333333335;1;MADRUGADA;0,25881904510252074;0,9659258262890683;-0,7818314824680299;0,6234898018587334;1
2024-06-16;03:22:00;CUENCA;CUENCA;URBANA;-2,858971;-78,987874;VIA  A LA COMPAÑIA;ATROPELLOS;PEATÓN TRANSITA BAJO INFLUENCIA DE ALCOHOL, SUSTANCIAS ESTUPEFACIENTES O PSICOTRÓPICAS Y/O MEDICAMENTOS.;NO IDENTIFICADO;1;0;NO;2024;6;16;6;DOMINGO;3,3666666666666667;3;MADRUGADA;0,7071067811865476;0,7071067811865476;-0,7818314824680299;0,6234898018587334;1
2024-06-15;12:00:00;CUENCA;CUENCA;URBANA;-2,932214;-79,043911;PANAMERICANA SUR Y CAMINO A NARANCAY;CHOQUE LATERAL;NO CEDER EL DERECHO DE VÍA O PREFERENCIA DE PASO A VEHÍCULOS.;CAMIONETA;0;0;NO;2024;6;15;5;SABADO;12,0;12;TARDE;1,2246467991473532e-16;-1,0;-0,9749279121818236;-0,2225209339563146;0
2024-06-17;15:52:00;CUENCA;CUENCA;RURAL;-2,878441;-78,955382;CALLE SN Y CORDILLERA DEL CONDOR;ATROPELLOS;NO TRANSITAR POR LAS ACERAS O ZONAS DE SEGURIDAD DESTINADAS PARA EL EFECTO.;CAMIONETA;1;0;NO;2024;6;17;0;LUNES;15,866666666666667;15;TARDE;-0,7071067811865471;-0,7071067811865479;0,0;1,0;1
2024-06-18;07:30:00;CUENCA;CUENCA;URBANA;-2,896533;-79,025458;EDUARDO ARIAS Y AMERICAS;ROZAMIENTOS;NO GUARDAR LA DISTANCIA LATERAL MÍNIMA DE SEGURIDAD ENTRE VEHÍCULOS.;SCOOTER ELÉCTRICO;1;0;NO;2024;6;18;1;MARTES;7,5;7;MANANA;0,9659258262890683;-0,25881904510252063;0,7818314824680298;0,6234898018587336;1
2024-06-15;17:12:00;CUENCA;CUENCA;URBANA;-2,886428;-79,036047;AVENIDA DE LOS CEREZOS Y CAMINO DEL TEJAR;CHOQUE POSTERIOR;CONDUCE BAJO LA INFLUENCIA DE ALCOHOL, SUSTANCIAS ESTUPEFACIENTES O PSICOTRÓPICAS Y/O MEDICAMENTOS.;AUTOMÓVIL;0;0;NO;2024;6;15;5;SABADO;17,2;17;TARDE;-0,9659258262890683;-0,25881904510252063;-0,9749279121818236;-0,2225209339563146;0
2024-06-18;12:40:00;CUENCA;RICAURTE (CUENCA);RURAL;-2,847173;-78,961681;VIA A DELEG;ROZAMIENTOS;NO GUARDAR LA DISTANCIA LATERAL MÍNIMA DE SEGURIDAD ENTRE VEHÍCULOS.;CAMIONETA;0;0;NO;2024;6;18;1;MARTES;12,666666666666666;12;TARDE;1,2246467991473532e-16;-1,0;0,7818314824680298;0,6234898018587336;0
2024-06-19;19:15:00;CUENCA;CUENCA;URBANA;-2,901498;-78,974422;RED ESTATAL E35 KM 700 Y GUADALUPE LARRIVA;COLISIÓN;CONDUCE BAJO LA INFLUENCIA DE ALCOHOL, SUSTANCIAS ESTUPEFACIENTES O PSICOTRÓPICAS Y/O MEDICAMENTOS.;AUTOMÓVIL;1;0;NO;2024;6;19;2;MIERCOLES;19,25;19;NOCHE;-0,9659258262890684;0,2588190451025203;0,9749279121818236;-0,22252093395631434;1
2024-06-20;15:16:00;CUENCA;CUENCA;URBANA;-2,882276;-78,973648;PANAMERICANA NORTE Y AMERICAS;CHOQUE LATERAL;CONDUCIR DESATENTO A LAS CONDICIONES DE TRÁNSITO (CELULAR, PANTALLAS DE VIDEO, COMIDA, MAQUILLAJE O CUALQUIER OTRO ELEMENTO DISTRACTOR).;MOTOCICLETA;1;0;NO;2024;6;20;3;JUEVES;15,266666666666667;15;TARDE;-0,7071067811865471;-0,7071067811865479;0,43388373911755823;-0,900968867902419;1
2024-06-20;17:13:00;CUENCA;CUENCA;URBANA;-2,894604;-79,005459;PADRE AGUIRRE Y MARISCAL LAMAR;ATROPELLOS;NO TRANSITAR POR LAS ACERAS O ZONAS DE SEGURIDAD DESTINADAS PARA EL EFECTO.;VEHÍCULO DEPORTIVO UTILITARIO;1;0;NO;2024;6;20;3;JUEVES;17,216666666666665;17;TARDE;-0,9659258262890683;-0,25881904510252063;0,43388373911755823;-0,900968867902419;1
2024-06-20;17:57:00;CUENCA;CHIQUINTAD;URBANA;-2,835485;-78,986021;VIA A OCHOA LEON;PÉRDIDA DE PISTA;CONDUCIR VEHÍCULO SUPERANDO LOS LÍMITES MÁXIMOS DE VELOCIDAD.;NO IDENTIFICADO;1;0;NO;2024;6;20;3;JUEVES;17,95;17;TARDE;-0,9659258262890683;-0,25881904510252063;0,43388373911755823;-0,900968867902419;1
2024-06-21;08:24:00;CUENCA;CUENCA;URBANA;-2,915547;-79,031385;CONQUISTADORES Y SANTA MARIA;CHOQUE LATERAL;NO CEDER EL DERECHO DE VÍA O PREFERENCIA DE PASO A VEHÍCULOS.;BICICLETA;1;0;NO;2024;6;21;4;VIERNES;8,4;8;MANANA;0,8660254037844387;-0,4999999999999998;-0,433883739117558;-0,9009688679024191;1
2024-06-21;18:34:00;CUENCA;CUENCA;URBANA;-2,884585;-79,015013;ABELARDO J ANDRADE Y NUÑO DE VADERRAMA;COLISIÓN;CONDUCIR VEHÍCULO SUPERANDO LOS LÍMITES MÁXIMOS DE VELOCIDAD.;AUTOMÓVIL;0;0;NO;2024;6;21;4;VIERNES;18,566666666666666;18;NOCHE;-1,0;-1,8369701987210297e-16;-0,433883739117558;-0,9009688679024191;0
2024-06-21;19:50:00;CUENCA;VALLE;RURAL;-2,910343;-78,955693;VIA A MONAY BAGUANCHI-PACCHA;CHOQUE LATERAL;CONDUCIR DESATENTO A LAS CONDICIONES DE TRÁNSITO (CELULAR, PANTALLAS DE VIDEO, COMIDA, MAQUILLAJE O CUALQUIER OTRO ELEMENTO DISTRACTOR).;MOTOCICLETA;2;0;NO;2024;6;21;4;VIERNES;19,833333333333332;19;NOCHE;-0,9659258262890684;0,2588190451025203;-0,433883739117558;-0,9009688679024191;2
2024-06-22;08:18:00;CUENCA;CUENCA;URBANA;-2,892874;-78,978241;SARA URCO Y NAMANGOZA;CHOQUE LATERAL;NO CEDER EL DERECHO DE VÍA O PREFERENCIA DE PASO A VEHÍCULOS.;VEHÍCULO DEPORTIVO UTILITARIO;1;0;NO;2024;6;22;5;SABADO;8,3;8;MANANA;0,8660254037844387;-0,4999999999999998;-0,9749279121818236;-0,2225209339563146;1
2024-06-22;17:03:00;CUENCA;CUENCA;URBANA;-2,913091;-78,986017;VIA AL VALLE;PÉRDIDA DE PISTA;CONDUCIR VEHÍCULO SUPERANDO LOS LÍMITES MÁXIMOS DE VELOCIDAD.;MOTOCICLETA;1;0;NO;2024;6;22;5;SABADO;17,05;17;TARDE;-0,9659258262890683;-0,25881904510252063;-0,9749279121818236;-0,2225209339563146;1
2024-06-23;02:42:00;CUENCA;CUENCA;URBANA;-2,888931;-79,019074;AVENIDA AMERICAS Y DEL CEBOLLAR;CHOQUE LATERAL;REALIZAR CAMBIO BRUSCO O INDEBIDO DE CARRIL.;FURGONETA;0;0;NO;2024;6;23;6;DOMINGO;2,7;2;MADRUGADA;0,49999999999999994;0,8660254037844387;-0,7818314824680299;0,6234898018587334;0
2024-06-22;19:04:00;CUENCA;PACCHA (CUENCA);RURAL;-2,879667;-78,942432;VIA A PACCHA Y VIA A  NULTI;PÉRDIDA DE PISTA;CONDUCE BAJO LA INFLUENCIA DE ALCOHOL, SUSTANCIAS ESTUPEFACIENTES O PSICOTRÓPICAS Y/O MEDICAMENTOS.;MOTOCICLETA;2;0;NO;2024;6;22;5;SABADO;19,066666666666666;19;NOCHE;-0,9659258262890684;0,2588190451025203;-0,9749279121818236;-0,2225209339563146;2
2024-06-23;02:35:00;CUENCA;CUENCA;URBANA;-2,901869;-79,029304;AVENIDA AMERICAS Y MEXICO;CHOQUE LATERAL;REALIZAR CAMBIO BRUSCO O INDEBIDO DE CARRIL.;AUTOMÓVIL;2;0;NO;2024;6;23;6;DOMINGO;2,5833333333333335;2;MADRUGADA;0,49999999999999994;0,8660254037844387;-0,7818314824680299;0,6234898018587334;2
2024-06-26;07:58:00;CUENCA;CHIQUINTAD;RURAL;-2,830252;-78,996098;VÍA A TIXAN Y SN;PÉRDIDA DE CARRIL;CONDUCIR DESATENTO A LAS CONDICIONES DE TRÁNSITO (CELULAR, PANTALLAS DE VIDEO, COMIDA, MAQUILLAJE O CUALQUIER OTRO ELEMENTO DISTRACTOR).;NO IDENTIFICADO;3;0;NO;2024;6;26;2;MIERCOLES;7,966666666666667;7;MANANA;0,9659258262890683;-0,25881904510252063;0,9749279121818236;-0,22252093395631434;3
2024-06-24;07:30:00;CUENCA;CUENCA;URBANA;-2,914389;-79,037624;AVENIDA AMERICAS Y NICOLAS DE ROCHA;ATROPELLOS;NO TRANSITAR POR LAS ACERAS O ZONAS DE SEGURIDAD DESTINADAS PARA EL EFECTO.;MOTOCICLETA;1;0;NO;2024;6;24;0;LUNES;7,5;7;MANANA;0,9659258262890683;-0,25881904510252063;0,0;1,0;1
2024-06-25;12:22:00;CUENCA;CUENCA;URBANA;-2,915701;-79,012171;AVENIDA DON BOSCO Y DIEGO VELAZQUEZ;ATROPELLOS;NO TRANSITAR POR LAS ACERAS O ZONAS DE SEGURIDAD DESTINADAS PARA EL EFECTO.;AUTOMÓVIL;1;0;NO;2024;6;25;1;MARTES;12,366666666666667;12;TARDE;1,2246467991473532e-16;-1,0;0,7818314824680298;0,6234898018587336;1
2024-06-27;09:39:00;CUENCA;CUENCA;URBANA;-2,875676;-78,948693;CAMINO A PACCHA Y PANAMERICANA NORTE;ARROLLAMIENTOS;NO CEDER EL DERECHO DE VÍA O PREFERENCIA DE PASO AL PEATÓN.;NO IDENTIFICADO;1;0;NO;2024;6;27;3;JUEVES;9,65;9;MANANA;0,7071067811865476;-0,7071067811865475;0,43388373911755823;-0,900968867902419;1
2024-06-25;15:24:00;CUENCA;CUENCA;URBANA;-2,915338;-79,025753;AVENIDA DON BOSCO Y BARTOLOME RUIZ;CAÍDA DE PASAJERO;REALIZAR CAMBIO BRUSCO O INDEBIDO DE CARRIL.;VEHÍCULO DEPORTIVO UTILITARIO;1;0;NO;2024;6;25;1;MARTES;15,4;15;TARDE;-0,7071067811865471;-0,7071067811865479;0,7818314824680298;0,6234898018587336;1
2024-06-25;17:30:00;CUENCA;CUENCA;URBANA;-2,878585;-78,987553;BARRIAL BLANCO Y ARZOBISPO SERRANO ABAD;ATROPELLOS;NO TRANSITAR POR LAS ACERAS O ZONAS DE SEGURIDAD DESTINADAS PARA EL EFECTO.;AUTOMÓVIL;1;0;NO;2024;6;25;1;MARTES;17,5;17;TARDE;-0,9659258262890683;-0,25881904510252063;0,7818314824680298;0,6234898018587336;1