FECHA;HORA;CANTON;PARROQUIA;ZONA;LATITUD_Y;LONGITUD_X;DIRECCION;TIPO_DE_SINIESTRO;CAUSA_PROBABLE;TIPO_DE_VEHICULO_1;LESIONADOS;FALLECIDOS;FERIADO;ANIO;MES;DIA;DIA_SEMANA;NOMBRE_DIA;HORA_DECIMAL;HORA_NUM;RANGO_HORARIO;HORA_SIN;HORA_COS;DIA_SIN;DIA_COS;TOTAL_VICTIMAS
2024-06-27;23:27:00;CUENCA;CUENCA;URBANA;-2,900433;-79,015877;REMIGIO CRESPO Y GUAYAS;CHOQUE LATERAL;CONDUCE BAJO LA INFLUENCIA DE ALCOHOL, SUSTANCIAS ESTUPEFACIENTES O PSICOTRÓPICAS Y/O MEDICAMENTOS.;MOTOCICLETA;1;0;NO;2024;6;27;3;JUEVES;23,45;23;NOCHE;-0,25881904510252157;0,9659258262890681;0,43388373911755823;-0,900968867902419;1
2024-06-25;16:50:00;CUENCA;CUENCA;URBANA;-2,899849;-79,024578;AMAZONAS Y ECUADOR;CHOQUE LATERAL;NO CEDER EL DERECHO DE VÍA O PREFERENCIA DE PASO A VEHÍCULOS.;BUS;1;0;NO;2024;6;25;1;MARTES;16,833333333333332;16;TARDE;-0,8660254037844385;-0,5000000000000004;0,7818314824680298;0,6234898018587336;1
2024-06-28;16:50:00;CUENCA;CUENCA;URBANA;-2,872301;-78,975059;CORNELIO VINTIMILLA Y DE LOS MIGRANTES;ATROPELLOS;NO CEDER EL DERECHO DE VÍA O PREFERENCIA DE PASO AL PEATÓN.;MOTOCICLETA;3;0;NO;2024;6;28;4;VIERNES;16,833333333333332;16;TARDE;-0,8660254037844385;-0,5000000000000004;-0,433883739117558;-0,9009688679024191;3
2024-06-29;17:44:00;CUENCA;TARQUI (CUENCA);RURAL;-3,019971;-79,041073;CAMINO A VICTORIA DEL PORTETE Y PANAMERICANA SUR;ROZAMIENTOS;NO GUARDAR LA DISTANCIA LATERAL MÍNIMA DE SEGURIDAD ENTRE VEHÍCULOS.;CAMIÓN;0;0;NO;2024;6;29;5;SABADO;17,733333333333334;17;TARDE;-0,9659258262890683;-0,25881904510252063;-0,9749279121818236;-0,2225209339563146;0
2024-06-19;06:28:00;CUENCA;TURI;RURAL;-2,924054;-79,010421;CAMINO A TURI Y CALLE SN;ESTRELLAMIENTOS;CONDUCIR VEHÍCULO SUPERANDO LOS LÍMITES MÁXIMOS DE VELOCIDAD.;AUTOMÓVIL;0;0;NO;2024;6;19;2;MIERCOLES;6,466666666666667;6;MANANA;1,0;6,123233995736766e-17;0,9749279121818236;-0,22252093395631434;0
2024-06-29;01:09:00;CUENCA;SAYAUSI;URBANA;-2,874192;-79,057141;VIA A SAN MIGUEL DE PUTUSI Y CALLE SIN NOMBRE;PÉRDIDA DE PISTA;CONDUCIR VEHÍCULO SUPERANDO LOS LÍMITES MÁXIMOS DE VELOCIDAD.;AUTOMÓVIL;0;0;NO;2024;6;29;5;SABADO;1,15;1;MADRUGADA;0,25881904510252074;0,9659258262890683;-0,9749279121818236;-0,2225209339563146;0
2024-06-29;00:10:00;CUENCA;CUENCA;URBANA;-2,882174;-78,974866;ESPAÑA Y AV AMERICAS;PÉRDIDA DE PISTA;CONDUCIR DESATENTO A LAS CONDICIONES DE TRÁNSITO (CELULAR, PANTALLAS DE VIDEO, COMIDA, MAQUILLAJE O CUALQUIER OTRO ELEMENTO DISTRACTOR).;MOTOCICLETA;1;0;NO;2024;6;29;5;SABADO;0,16666666666666666;0;MADRUGADA;0,0;1,0;-0,9749279121818236;-0,2225209339563146;1
2024-06-30;05:52:00;CUENCA;CUENCA;URBANA;-2,919238;-79,039181;AVENIDA DE LAS AMERICAS Y PASEO DEL SALADO;PÉRDIDA DE CARRIL;CONDUCIR VEHÍCULO SUPERANDO LOS LÍMITES MÁXIMOS DE VELOCIDAD.;AUTOMÓVIL;0;0;NO;2024;6;30;6;DOMINGO;5,866666666666667;5;MADRUGADA;0,9659258262890683;0,25881904510252074;-0,7818314824680299;0,6234898018587334;0
2024-06-29;21:32:00;CUENCA;CHECA (JIDCAY);RURAL;-2,800452;-78,993196;CAMINO A CHECA;PÉRDIDA DE CARRIL;CONDUCIR VEHÍCULO SUPERANDO LOS LÍMITES MÁXIMOS DE VELOCIDAD.;NO IDENTIFICADO;2;0;NO;2024;6;29;5;SABADO;21,533333333333335;21;NOCHE;-0,7071067811865477;0,7071067811865474;-0,9749279121818236;-0,2225209339563146;2
2024-06-30;12:30:00;CUENCA;CUENCA;URBANA;-2,913918;-79,029357;AVENIDA DON BOSCO Y LA PINTA;PÉRDIDA DE CARRIL;CONDUCE BAJO LA INFLUENCIA DE ALCOHOL, SUSTANCIAS ESTUPEFACIENTES O PSICOTRÓPICAS Y/O MEDICAMENTOS.;CAMIONETA;2;0;NO;2024;6;30;6;DOMINGO;12,5;12;TARDE;1,2246467991473532e-16;-1,0;-0,7818314824680299;0,6234898018587334;2
2024-06-30;14:18:00;CUENCA;CUENCA;URBANA;-2,908202;-79,030849;PRIMERO DE MAYO Y FRAY GASPAR DE CARVAJAL;PÉRDIDA DE CARRIL;CONDUCIR VEHÍCULO SUPERANDO LOS LÍMITES MÁXIMOS DE VELOCIDAD.;VEHÍCULO DEPORTIVO UTILITARIO;1;0;NO;2024;6;30;6;DOMINGO;14,3;14;TARDE;-0,4999999999999997;-0,8660254037844388;-0,7818314824680299;0,6234898018587334;1
2024-06-30;16:28:00;CUENCA;CUENCA;URBANA;-2,920241;-79,003367;RED ESTATAL E35KM 704 AUTOPISTA CUENCA AZOGUES;PÉRDIDA DE CARRIL;CONDUCIR VEHÍCULO SUPERANDO LOS LÍMITES MÁXIMOS DE VELOCIDAD.;AUTOMÓVIL;1;0;NO;2024;6;30;6;DOMINGO;16,466666666666665;16;TARDE;-0,8660254037844385;-0,5000000000000004;-0,7818314824680299;0,6234898018587334;1
2024-06-30;19:18:00;CUENCA;VALLE;RURAL;-2,923069;-78,978091;VIA AL VALLE Y SN;CHOQUE LATERAL;NO CEDER EL DERECHO DE VÍA O PREFERENCIA DE PASO A VEHÍCULOS.;CAMIONETA;0;0;NO;2024;6;30;6;DOMINGO;19,3;19;NOCHE;-0,9659258262890684;0,2588190451025203;-0,7818314824680299;0,6234898018587334;0
2024-07-02;13:20:00;CUENCA;MOLLETURO;RURAL;-2,771222;-79,251222;RED VIAL E-582 KM 37+740;CHOQUE FRONTAL;CONDUCIR EN SENTIDO CONTRARIO A LA VÍA NORMAL DE CIRCULACIÓN.;VEHÍCULO DEPORTIVO UTILITARIO;1;0;NO;2024;7;2;1;MARTES;13,333333333333334;13;TARDE;-0,2588190451025208;-0,9659258262890683;0,7818314824680298;0,6234898018587336;1
2024-07-03;16:00:00;CUENCA;MOLLETURO;RURAL;-2,710667;-79,422972;RED VIAL E 582 KM 73;CHOQUE POSTERIOR;NO MANTENER LA DISTANCIA PRUDENCIAL CON RESPECTO AL VEHÍCULO QUE LE ANTECEDE.;ESPECIAL;0;0;NO;2024;7;3;2;MIERCOLES;16,0;16;TARDE;-0,8660254037844385;-0,5000000000000004;0,9749279121818236;-0,22252093395631434;0
2024-07-06;00:50:00;CUENCA;CUMBE;RURAL;-3,066028;-79,028222;RED VIAL E-35 KM 3.;PÉRDIDA DE CARRIL;CONDUCIR DESATENTO A LAS CONDICIONES DE TRÁNSITO (CELULAR, PANTALLAS DE VIDEO, COMIDA, MAQUILLAJE O CUALQUIER OTRO ELEMENTO DISTRACTOR).;VEHÍCULO DEPORTIVO UTILITARIO;0;0;NO;2024;7;6;5;SABADO;0,8333333333333334;0;MADRUGADA;0,0;1,0;-0,9749279121818236;-0,2225209339563146;0
2024-07-10;15:45:00;CUENCA;SAYAUSI;RURAL;-2,781128;-79,228885;SE  ENCUENTRA UBICADO EN LA RED VIAL E-582  SENTIDO  CAJAS  -  CUENCA  AL LLEGAR AL KM 29+387 APROXIMADAMENTE;PÉRDIDA DE CARRIL;CONDUCIR DESATENTO A LAS CONDICIONES DE TRÁNSITO (CELULAR, PANTALLAS DE VIDEO, COMIDA, MAQUILLAJE O CUALQUIER OTRO ELEMENTO DISTRACTOR).;CAMIONETA;0;0;NO;2024;7;10;2;MIERCOLES;15,75;15;TARDE;-0,7071067811865471;-0,7071067811865479;0,9749279121818236;-0,22252093395631434;0
2024-07-12;14:45:00;CUENCA;CUMBE;RURAL;-3,051324;-79,038925;SE  ENCUENTRA UBICADO EN LA RED VIAL E-35  SENTIDO  CUMBE  - CUENCA   AL LLEGAR AL KM 0+640 APROXIMADAMENTE;CHOQUE LATERAL;NO RESPETAR LAS SEÑALES REGLAMENTARIAS DE TRÁNSITO. (PARE, CEDA EL PASO, LUZ ROJA DEL SEMAFORO, ETC).;CAMIONETA;0;0;NO;2024;7;12;4;VIERNES;14,75;14;TARDE;-0,4999999999999997;-0,8660254037844388;-0,433883739117558;-0,9009688679024191;0
2024-07-16;10:15:00;CUENCA;VICTORIA DEL PORTETE;RURAL;-3,075226;-79,068802;SE  ENCUENTRA UBICADO EN LA RED VIAL E-35 SENTIDO CUENCA  -  GIRO KM 14 APROXIMADAMENTE EN EL INTERIOR DEL REDONDEL DE CUMBE.;CHOQUE LATERAL;NO RESPETAR LAS SEÑALES REGLAMENTARIAS DE TRÁNSITO. (PARE, CEDA EL PASO, LUZ ROJA DEL SEMAFORO, ETC).;CAMIONETA;0;0;NO;2024;7;16;1;MARTES;10,25;10;MANANA;0,49999999999999994;-0,8660254037844387;0,7818314824680298;0,6234898018587336;0
2024-07-16;10:35:00;CUENCA;MOLLETURO;RURAL;-2,806294;-79,313476;SE  ENCUENTRA UBICADO EN LA RED VIAL E-582  SENTIDO CUENCA ¿ MOLLETURO   AL LLEGAR AL KM 36+460 APROXIMADAMENTE;PÉRDIDA DE CARRIL;CONDUCIR DESATENTO A LAS CONDICIONES DE TRÁNSITO (CELULAR, PANTALLAS DE VIDEO, COMIDA, MAQUILLAJE O CUALQUIER OTRO ELEMENTO DISTRACTOR).;VEHÍCULO DEPORTIVO UTILITARIO;3;0;NO;2024;7;16;1;MARTES;10,583333333333334;10;MANANA;0,49999999999999994;-0,8660254037844387;0,7818314824680298;0,6234898018587336;3
2024-07-19;01:30:00;CUENCA;VICTORIA DEL PORTETE;RURAL;-3,093417;-79,086861;RED VIAL E 59 KM 21+900 APROX.;ESTRELLAMIENTOS;CONDUCIR DESATENTO A LAS CONDICIONES DE TRÁNSITO (CELULAR, PANTALLAS DE VIDEO, COMIDA, MAQUILLAJE O CUALQUIER OTRO ELEMENTO DISTRACTOR).;CAMIÓN;0;0;NO;2024;7;19;4;VIERNES;1,5;1;MADRUGADA;0,25881904510252074;0,9659258262890683;-0,433883739117558;-0,9009688679024191;0
2024-07-22;00:53:00;CUENCA;TARQUI (CUENCA);RURAL;-3,033944;-79,041528;RED VIAL E 35 KM 13 APROX.;CHOQUE FRONTAL;CONDUCIR EN SENTIDO CONTRARIO A LA VÍA NORMAL DE CIRCULACIÓN.;AUTOMÓVIL;2;6;NO;2024;7;22;0;LUNES;0,8833333333333333;0;MADRUGADA;0,0;1,0;0,0;1,0;8
2024-07-26;01:40:00;CUENCA;BAÑOS (CUENCA);RURAL;-2,951883;-79,048221;SE  ENCUENTRA UBICADO EN LA RED VIAL E-35  SENTIDO CUENCA  - TARQUI   AL LLEGAR AL KM 2+200 APROXIMADAMENTE UNOS METROS ANTES DE LLEGAR AL ALMACÉN CUMPLEAÑOS;PÉRDIDA DE CARRIL;CONDUCIR DESATENTO A LAS CONDICIONES DE TRÁNSITO (CELULAR, PANTALLAS DE VIDEO, COMIDA, MAQUILLAJE O CUALQUIER OTRO ELEMENTO DISTRACTOR).;AUTOMÓVIL;0;0;NO;2024;7;26;4;VIERNES;1,6666666666666665;1;MADRUGADA;0,25881904510252074;0,9659258262890683;-0,433883739117558;-0,9009688679024191;0
2024-07-27;12:00:00;CUENCA;TARQUI (CUENCA);RURAL;-3,020243;-79,040494;SE ENCUENTRA UBICADO EN LA RED VIAL E-35 SENTIDO CUENCA - TARQUI  KM 12+500 APROXIMADAMENTE  FRENTE A LA GASOLINERA P&S;ESTRELLAMIENTOS;CONDUCIR DESATENTO A LAS CONDICIONES DE TRÁNSITO (CELULAR, PANTALLAS DE VIDEO, COMIDA, MAQUILLAJE O CUALQUIER OTRO ELEMENTO DISTRACTOR).;CAMIÓN;0;0;NO;2024;7;27;5;SABADO;12,0;12;TARDE;1,2246467991473532e-16;-1,0;-0,9749279121818236;-0,2225209339563146;0
2024-07-28;17:10:00;CUENCA;SAYAUSI;RURAL;-2,870324;-79,078801;SE  ENCUENTRA UBICADO EN LA RED VIAL E-582  SENTIDO MOLLETURO ¿ CUENCA  AL LLEGAR AL KM 7  APROXIMADAMENTE;VOLCAMIENTOS;CONDUCIR DESATENTO A LAS CONDICIONES DE TRÁNSITO (CELULAR, PANTALLAS DE VIDEO, COMIDA, MAQUILLAJE O CUALQUIER OTRO ELEMENTO DISTRACTOR).;MOTOCICLETA;1;0;NO;2024;7;28;6;DOMINGO;17,166666666666668;17;TARDE;-0,9659258262890683;-0,25881904510252063;-0,7818314824680299;0,6234898018587334;1
2024-07-30;06:18:00;CUENCA;TARQUI (CUENCA);RURAL;-3,004167;-79,041111;SE  ENCUENTRA UBICADO EN LA RED VIAL E-35 SENTIDO TARQUI ¿ CUENCA  AL LLEGAR AL KM 10 APROXIMADAMENTE   A 50 METROS DE LA ENTRADA A ROSA DE ORO.;CHOQUE FRONTAL;CONDUCIR EN SENTIDO CONTRARIO A LA VÍA NORMAL DE CIRCULACIÓN.;CAMIONETA;4;0;NO;2024;7;30;1;MARTES;6,3;6;MANANA;1,0;6,123233995736766e-17;0,7818314824680298;0,6234898018587336;4
2024-07-31;14:30:00;CUENCA;MOLLETURO;RURAL;-2,625556;-79,463611;SE  ENCUENTRA UBICADO EN LA RED VIAL E-582  SENTIDO MOLLETURO  -  TAMARINDO   AL LLEGAR AL KM 105  APROXIMADAMENTE REFERENCIA SECTOR TAMARINDO LAS FRUTAS;ATROPELLOS;CONDUCIR DESATENTO A LAS CONDICIONES DE TRÁNSITO (CELULAR, PANTALLAS DE VIDEO, COMIDA, MAQUILLAJE O CUALQUIER OTRO ELEMENTO DISTRACTOR).;CAMIONETA;1;0;NO;2024;7;31;2;MIERCOLES;14,5;14;TARDE;-0,4999999999999997;-0,8660254037844388;0,9749279121818236;-0,22252093395631434;1
2024-07-31;19:45:00;CUENCA;TARQUI (CUENCA);RURAL;-2,988341;-79,046183;SE  ENCUENTRA UBICADO EN LA RED VIAL E-35 SENTIDO CUENCA  -  TARQUI AL LLEGAR AL KM 8 APROXIMADAMENTE   REFERENCIA GASOLINERA RANCHO ALEGRE.;ROZAMIENTOS;NO GUARDAR LA DISTANCIA LATERAL MÍNIMA DE SEGURIDAD ENTRE VEHÍCULOS.;AUTOMÓVIL;0;0;NO;2024;7;31;2;MIERCOLES;19,75;19;NOCHE;-0,9659258262890684;0,2588190451025203;0,9749279121818236;-0,22252093395631434;0
2024-07-01;11:07:00;CUENCA;CUENCA;URBANA;-2,885181;-79,006784;AV AMERICAS Y TARQUI;ATROPELLOS;NO TRANSITAR POR LAS ACERAS O ZONAS DE SEGURIDAD DESTINADAS PARA EL EFECTO.;AUTOMÓVIL;2;0;NO;2024;7;1;0;LUNES;11,116666666666667;11;MANANA;0,258819045102521;-0,9659258262890682;0,0;1,0;2
2024-07-02;04:09:00;CUENCA;CUENCA;URBANA;-2,897541;-78,964115;RED ESTATAL E 35 KM 700 Y GUADALAJARA;PÉRDIDA DE PISTA;CONDUCIR VEHÍCULO SUPERANDO LOS LÍMITES MÁXIMOS DE VELOCIDAD.;AUTOMÓVIL;0;0;NO;2024;7;2;1;MARTES;4,15;4;MADRUGADA;0,8660254037844386;0,5000000000000001;0,7818314824680298;0,6234898018587336;0
2024-07-02;18:24:00;CUENCA;CUENCA;URBANA;-2,855507;-78,921164;RED ESTATAL E 35 KM 692 Y SN;CHOQUE POSTERIOR;NO MANTENER LA DISTANCIA PRUDENCIAL CON RESPECTO AL VEHÍCULO QUE LE ANTECEDE.;AUTOMÓVIL;1;0;NO;2024;7;2;1;MARTES;18,4;18;NOCHE;-1,0;-1,8369701987210297e-16;0,7818314824680298;0,6234898018587336;1
2024-07-03;11:21:00;CUENCA;CUENCA;URBANA;-2,907156;-79,016565;ALFONSO MORENO MORA Y RICARDO MUÑOZ;CHOQUE LATERAL;NO RESPETAR LAS SEÑALES REGLAMENTARIAS DE TRÁNSITO. (PARE, CEDA EL PASO, LUZ ROJA DEL SEMAFORO, ETC).;MOTOCICLETA;1;0;NO;2024;7;3;2;MIERCOLES;11,35;11;MANANA;0,258819045102521;-0,9659258262890682;0,9749279121818236;-0,22252093395631434;1
2024-07-03;18:47:00;CUENCA;CUENCA;URBANA;-2,905716;-79,045279;PRIMERO DE SEPTIEMBRE Y CANTON CHORDELEG;CHOQUE FRONTAL;NO CEDER EL DERECHO DE VÍA O PREFERENCIA DE PASO A VEHÍCULOS.;MOTOCICLETA;1;0;NO;2024;7;3;2;MIERCOLES;18,783333333333335;18;NOCHE;-1,0;-1,8369701987210297e-16;0,9749279121818236;-0,22252093395631434;1
2024-07-03;22:00:00;CUENCA;CUENCA;URBANA;-2,901296;-78,965478;VÍA A RAYOLOMA Y SN;CHOQUE LATERAL;NO GUARDAR LA DISTANCIA LATERAL MÍNIMA DE SEGURIDAD ENTRE VEHÍCULOS.;AUTOMÓVIL;0;0;NO;2024;7;3;2;MIERCOLES;22,0;22;NOCHE;-0,5000000000000004;0,8660254037844384;0,9749279121818236;-0,22252093395631434;0
2024-07-04;12:29:00;CUENCA;CUENCA;URBANA;-2,910864;-79,045338;MANUEL ARTURO CISNEROS Y CANTON PUYANGO;ARROLLAMIENTOS;CONDUCIR DESATENTO A LAS CONDICIONES DE TRÁNSITO (CELULAR, PANTALLAS DE VIDEO, COMIDA, MAQUILLAJE O CUALQUIER OTRO ELEMENTO DISTRACTOR).;NO IDENTIFICADO;1;0;NO;2024;7;4;3;JUEVES;12,483333333333333;12;TARDE;1,2246467991473532e-16;-1,0;0,43388373911755823;-0,900968867902419;1
2024-07-04;22:25:00;CUENCA;CUENCA;URBANA;-2,890845;-78,990273;SEVILLA Y GIL RAMIREZ DAVALOS;ESTRELLAMIENTOS;MAL ESTACIONADO - EL CONDUCTOR QUE DETENGA O ESTACIONE VEHÍCULOS EN SITIOS O ZONAS QUE ENTRAÑEN PELIGRO, TALES COMO ZONA DE SEGURIDAD, CURVAS, PUENTES, TÚNELES, PENDIENTES.;AUTOMÓVIL;0;0;NO;2024;7;4;3;JUEVES;22,416666666666668;22;NOCHE;-0,5000000000000004;0,8660254037844384;0,43388373911755823;-0,900968867902419;0
2024-07-05;10:07:00;CUENCA;CUENCA;URBANA;-2,907089;-79,026049;PRIMERO DE MAYO Y LOJA;ROZAMIENTOS;NO CEDER EL DERECHO DE VÍA O PREFERENCIA DE PASO A VEHÍCULOS.;VEHÍCULO DEPORTIVO UTILITARIO;1;0;NO;2024;7;5;4;VIERNES;10,116666666666667;10;MANANA;0,49999999999999994;-0,8660254037844387;-0,433883739117558;-0,9009688679024191;1
2024-07-05;10:35:00;CUENCA;CUENCA;URBANA;-2,876415;-79,036739;LOS CEREZOS Y DEL SARAR;PÉRDIDA DE PISTA;CONDUCIR DESATENTO A LAS CONDICIONES DE TRÁNSITO (CELULAR, PANTALLAS DE VIDEO, COMIDA, MAQUILLAJE O CUALQUIER OTRO ELEMENTO DISTRACTOR).;AUTOMÓVIL;1;0;NO;2024;7;5;4;VIERNES;10,583333333333334;10;MANANA;0,49999999999999994;-0,8660254037844387;-0,433883739117558;-0,9009688679024191;1
2024-07-05;11:51:00;CUENCA;VALLE;URBANA;-2,913532;-78,967484;VIA A MONAY BAGUANCHI Y SN;OTROS;CASO FORTUITO O FUERZA MAYOR (EXPLOSIÓN DE NEUMÁTICO NUEVO, DERRUMBE, INUNDACIÓN, CAÍDA DE PUENTE, ÁRBOL, PRESENCIA INTEMPESTIVA E IMPREVISTA DE SEMOVIENTES EN LA VÍA, ETC.).;ESPECIAL;3;0;NO;2024;7;5;4;VIERNES;11,85;11;MANANA;0,258819045102521;-0,9659258262890682;-0,433883739117558;-0,9009688679024191;3
2024-07-05;13:16:00;CUENCA;CUENCA;URBANA;-2,880437;-78,965178;PANAMERICANA NORTE Y BATALLÓN VENCEDORES;CHOQUE LATERAL;REALIZAR CAMBIO BRUSCO O INDEBIDO DE CARRIL.;MOTOCICLETA;1;0;NO;2024;7;5;4;VIERNES;13,266666666666667;13;TARDE;-0,2588190451025208;-0,9659258262890683;-0,433883739117558;-0,9009688679024191;1
2024-07-05;16:51:00;CUENCA;PACCHA (CUENCA);RURAL;-2,910568;-78,936303;VÍA BAGUANCHI-PACCHA Y SN;CHOQUE POSTERIOR;CONDUCIR DESATENTO A LAS CONDICIONES DE TRÁNSITO (CELULAR, PANTALLAS DE VIDEO, COMIDA, MAQUILLAJE O CUALQUIER OTRO ELEMENTO DISTRACTOR).;BUS;2;0;NO;2024;7;5;4;VIERNES;16,85;16;TARDE;-0,8660254037844385;-0,5000000000000004;-0,433883739117558;-0,9009688679024191;2
2024-07-07;02:03:00;CUENCA;CUENCA;URBANA;-2,914931;-79,037705;AV DE LAS AMERICAS Y NICOLAS DE ROCHA;CHOQUE LATERAL;CONDUCE BAJO LA INFLUENCIA DE ALCOHOL, SUSTANCIAS ESTUPEFACIENTES O PSICOTRÓPICAS Y/O MEDICAMENTOS.;AUTOMÓVIL;0;0;NO;2024;7;7;6;DOMINGO;2,05;2;MADRUGADA;0,49999999999999994;0,8660254037844387;-0,7818314824680299;0,6234898018587334;0
2024-07-07;02:54:00;CUENCA;SAYAUSI;RURAL;-2,875954;-79,071393;ORDOÑEZ LASSO Y SN;ESTRELLAMIENTOS;CONDUCIR VEHÍCULO SUPERANDO LOS LÍMITES MÁXIMOS DE VELOCIDAD.;VEHÍCULO DEPORTIVO UTILITARIO;0;0;NO;2024;7;7;6;DOMINGO;2,9;2;MADRUGADA;0,49999999999999994;0,8660254037844387;-0,7818314824680299;0,6234898018587334;0
2024-07-07;05:44:00;CUENCA;CUENCA;URBANA;-2,884591;-79,052777;ORDOÑEZ LASSO Y DE LA ESPARRAGUERA;ESTRELLAMIENTOS;CONDUCIR DESATENTO A LAS CONDICIONES DE TRÁNSITO (CELULAR, PANTALLAS DE VIDEO, COMIDA, MAQUILLAJE O CUALQUIER OTRO ELEMENTO DISTRACTOR).;AUTOMÓVIL;0;0;NO;2024;7;7;6;DOMINGO;5,733333333333333;5;MADRUGADA;0,9659258262890683;0,25881904510252074;-0,7818314824680299;0,6234898018587334;0
2024-07-08;09:44:00;CUENCA;CUENCA;URBANA;-2,860878;-78,977852;VIA A SAN MIGUEL;PÉRDIDA DE PISTA;CONDUCIR VEHÍCULO SUPERANDO LOS LÍMITES MÁXIMOS DE VELOCIDAD.;MOTOCICLETA;2;0;NO;2024;7;8;0;LUNES;9,733333333333333;9;MANANA;0,7071067811865476;-0,7071067811865475;0,0;1,0;2
2024-07-09;13:23:00;CUENCA;CUENCA;URBANA;-2,908903;-79,036535;LUIS MOSCOSO Y MANUEL OCHOA;OTROS;CASO FORTUITO O FUERZA MAYOR (EXPLOSIÓN DE NEUMÁTICO NUEVO, DERRUMBE, INUNDACIÓN, CAÍDA DE PUENTE, ÁRBOL, PRESENCIA INTEMPESTIVA E IMPREVISTA DE SEMOVIENTES EN LA VÍA, ETC.).;CAMIÓN;0;0;NO;2024;7;9;1;MARTES;13,383333333333333;13;TARDE;-0,2588190451025208;-0,9659258262890683;0,7818314824680298;0,6234898018587336;0
2024-07-09;18:57:00;CUENCA;CUENCA;URBANA;-2,914582;-79,022759;DOCE DE OCTUBRE Y JUAN RAMON JIMENEZ;ATROPELLOS;NO TRANSITAR POR LAS ACERAS O ZONAS DE SEGURIDAD DESTINADAS PARA EL EFECTO.;MOTOCICLETA;1;0;NO;2024;7;9;1;MARTES;18,95;18;NOCHE;-1,0;-1,8369701987210297e-16;0,7818314824680298;0,6234898018587336;1
2024-07-10;07:02:00;CUENCA;CUENCA;URBANA;-2,877153;-78,949926;PANAMERICANA NORTE Y LONDRES;CHOQUE LATERAL;NO CEDER EL DERECHO DE VÍA O PREFERENCIA DE PASO A VEHÍCULOS.;CAMIÓN;1;0;NO;2024;7;10;2;MIERCOLES;7,033333333333333;7;MANANA;0,9659258262890683;-0,25881904510252063;0,9749279121818236;-0,22252093395631434;1
2024-07-10;07:11:00;CUENCA;CUENCA;URBANA;-2,895622;-79,015244;TRES DE NOVIEMBRE Y SIMON BOLIVAR;CHOQUE LATERAL;NO CEDER EL DERECHO DE VÍA O PREFERENCIA DE PASO A VEHÍCULOS.;MOTOCICLETA;1;0;NO;2024;7;10;2;MIERCOLES;7,183333333333334;7;MANANA;0,9659258262890683;-0,25881904510252063;0,9749279121818236;-0,22252093395631434;1
2024-07-10;17:57:00;CUENCA;CUENCA;URBANA;-2,917074;-79,010261;JOSE ORTEGA Y GASSET;ROZAMIENTOS;NO GUARDAR LA DISTANCIA LATERAL MÍNIMA DE SEGURIDAD ENTRE VEHÍCULOS.;MOTOCICLETA;1;0;NO;2024;7;10;2;MIERCOLES;17,95;17;TARDE;-0,9659258262890683;-0,25881904510252063;0,9749279121818236;-0,22252093395631434;1
2024-07-11;16:45:00;CUENCA;CUENCA;URBANA;-2,911261;-79,017416;ISABELA CATOLICA Y TIRSO DE MOLINA;CHOQUE LATERAL;NO CEDER EL DERECHO DE VÍA O PREFERENCIA DE PASO A VEHÍCULOS.;AUTOMÓVIL;1;0;NO;2024;7;11;3;JUEVES;16,75;16;TARDE;-0,8660254037844385;-0,5000000000000004;0,43388373911755823;-0,900968867902419;1
2024-07-12;05:07:00;CUENCA;CUENCA;URBANA;-2,889466;-78,987521;ESPAÑA Y ELIA LIUT;CHOQUE POSTERIOR;CONDUCE BAJO LA INFLUENCIA DE ALCOHOL, SUSTANCIAS ESTUPEFACIENTES O PSICOTRÓPICAS Y/O MEDICAMENTOS.;ESPECIAL;1;0;NO;2024;7;12;4;VIERNES;5,116666666666666;5;MADRUGADA;0,9659258262890683;0,25881904510252074;-0,433883739117558;-0,9009688679024191;1
2024-07-12;13:08:00;CUENCA;CUENCA;URBANA;-2,896538;-78,987971;RIO PALORA Y CUTUCU;PÉRDIDA DE CARRIL;CONDUCIR VEHÍCULO SUPERANDO LOS LÍMITES MÁXIMOS DE VELOCIDAD.;BUS;0;0;NO;2024;7;12;4;VIERNES;13,133333333333333;13;TARDE;-0,2588190451025208;-0,9659258262890683;-0,433883739117558;-0,9009688679024191;0
2024-07-12;19:45:00;CUENCA;CUENCA;URBANA;-2,887736;-79,009949;AMERICAS Y HEROES DE VERDELOMA;CHOQUE POSTERIOR;CONDUCE BAJO LA INFLUENCIA DE ALCOHOL, SUSTANCIAS ESTUPEFACIENTES O PSICOTRÓPICAS Y/O MEDICAMENTOS.;AUTOMÓVIL;1;0;NO;2024;7;12;4;VIERNES;19,75;19;NOCHE;-0,9659258262890684;0,2588190451025203;-0,433883739117558;-0,9009688679024191;1