FECHA;HORA;CANTON;PARROQUIA;ZONA;LATITUD_Y;LONGITUD_X;DIRECCION;TIPO_DE_SINIESTRO;CAUSA_PROBABLE;TIPO_DE_VEHICULO_1;LESIONADOS;FALLECIDOS;FERIADO;ANIO;MES;DIA;DIA_SEMANA;NOMBRE_DIA;HORA_DECIMAL;HORA_NUM;RANGO_HORARIO;HORA_SIN;HORA_COS;DIA_SIN;DIA_COS;TOTAL_VICTIMAS
2024-07-12;23:49:00;CUENCA;CUENCA;URBANA;-2,887254;-78,967586;AV AMERICAS Y SAN PABLO DE LAGO;CHOQUE POSTERIOR;CONDUCE BAJO LA INFLUENCIA DE ALCOHOL, SUSTANCIAS ESTUPEFACIENTES O PSICOTRÓPICAS Y/O MEDICAMENTOS.;AUTOMÓVIL;0;0;NO;2024;7;12;4;VIERNES;23,816666666666666;23;NOCHE;-0,25881904510252157;0,9659258262890681;-0,433883739117558;-0,9009688679024191;0
2024-07-13;09:44:00;CUENCA;CUENCA;URBANA;-2,883525;-78,978127;ESPAÑA Y HURTADO DE MENDOZA;PÉRDIDA DE CARRIL;CONDUCIR DESATENTO A LAS CONDICIONES DE TRÁNSITO (CELULAR, PANTALLAS DE VIDEO, COMIDA, MAQUILLAJE O CUALQUIER OTRO ELEMENTO DISTRACTOR).;ESPECIAL;3;0;NO;2024;7;13;5;SABADO;9,733333333333333;9;MANANA;0,7071067811865476;-0,7071067811865475;-0,9749279121818236;-0,2225209339563146;3
2024-07-13;14:39:00;CUENCA;CUENCA;URBANA;-2,898922;-78,995293;LA REPUBLICA Y PRESIDENTE ROCA;ATROPELLOS;NO TRANSITAR POR LAS ACERAS O ZONAS DE SEGURIDAD DESTINADAS PARA EL EFECTO.;AUTOMÓVIL;1;0;NO;2024;7;13;5;SABADO;14,65;14;TARDE;-0,4999999999999997;-0,8660254037844388;-0,9749279121818236;-0,2225209339563146;1
2024-07-14;10:06:00;CUENCA;CUENCA;RURAL;-2,885631;-78,948591;RED ESTATAL E35 KM 697 Y SN;ROZAMIENTOS;NO GUARDAR LA DISTANCIA LATERAL MÍNIMA DE SEGURIDAD ENTRE VEHÍCULOS.;MOTOCICLETA;2;0;NO;2024;7;14;6;DOMINGO;10,1;10;MANANA;0,49999999999999994;-0,8660254037844387;-0,7818314824680299;0,6234898018587334;2
2024-07-14;20:05:00;CUENCA;CUENCA;URBANA;-2,884604;-78,989238;TURUHUAICO Y HUACAS;CHOQUE LATERAL;NO CEDER EL DERECHO DE VÍA O PREFERENCIA DE PASO A VEHÍCULOS.;MOTOCICLETA;1;0;NO;2024;7;14;6;DOMINGO;20,083333333333332;20;NOCHE;-0,8660254037844386;0,5000000000000001;-0,7818314824680299;0,6234898018587334;1
2024-07-15;09:03:00;CUENCA;SAN JOAQUIN;RURAL;-2,895268;-79,062241;VIA SOLDADOS Y SN;CHOQUE FRONTAL;CONDUCIR EN SENTIDO CONTRARIO A LA VÍA NORMAL DE CIRCULACIÓN.;MOTOCICLETA;3;0;NO;2024;7;15;0;LUNES;9,05;9;MANANA;0,7071067811865476;-0,7071067811865475;0,0;1,0;3
2024-07-15;10:41:00;CUENCA;CUENCA;URBANA;-2,910849;-79,032133;MIGUEL CABELLO DE BALBOA Y DIEGO COLON;ARROLLAMIENTOS;CONDUCIR DESATENTO A LAS CONDICIONES DE TRÁNSITO (CELULAR, PANTALLAS DE VIDEO, COMIDA, MAQUILLAJE O CUALQUIER OTRO ELEMENTO DISTRACTOR).;CAMIONETA;0;1;NO;2024;7;15;0;LUNES;10,683333333333334;10;MANANA;0,49999999999999994;-0,8660254037844387;0,0;1,0;1
2024-07-16;10:29:00;CUENCA;CUENCA;URBANA;-2,913273;-79,013028;PRIMERO DE MAYO Y CARLOS QUINTO;ATROPELLOS;NO TRANSITAR POR LAS ACERAS O ZONAS DE SEGURIDAD DESTINADAS PARA EL EFECTO.;BICICLETA;1;0;NO;2024;7;16;1;MARTES;10,483333333333333;10;MANANA;0,49999999999999994;-0,8660254037844387;0,7818314824680298;0,6234898018587336;1
2024-07-16;17:36:00;CUENCA;CUENCA;URBANA;-2,862057;-78,935165;PANAMERICANA NORTE Y UNIÓN SOVIÉTICA;ESTRELLAMIENTOS;CONDUCIR DESATENTO A LAS CONDICIONES DE TRÁNSITO (CELULAR, PANTALLAS DE VIDEO, COMIDA, MAQUILLAJE O CUALQUIER OTRO ELEMENTO DISTRACTOR).;CAMIÓN;0;0;NO;2024;7;16;1;MARTES;17,6;17;TARDE;-0,9659258262890683;-0,25881904510252063;0,7818314824680298;0,6234898018587336;0
2024-07-16;18:25:00;CUENCA;CUENCA;URBANA;-2,903185;-78,983951;JORGE DONOSO Y JORGE LUIS BORGES;CHOQUE LATERAL;CONDUCE BAJO LA INFLUENCIA DE ALCOHOL, SUSTANCIAS ESTUPEFACIENTES O PSICOTRÓPICAS Y/O MEDICAMENTOS.;AUTOMÓVIL;0;0;NO;2024;7;16;1;MARTES;18,416666666666668;18;NOCHE;-1,0;-1,8369701987210297e-16;0,7818314824680298;0,6234898018587336;0
2024-07-16;18:41:00;CUENCA;CUENCA;URBANA;-2,902094;-78,970698;VIA MONAY BAGUANCHI Y CAMINO A RAYOLOMA;CHOQUE LATERAL;NO CEDER EL DERECHO DE VÍA O PREFERENCIA DE PASO A VEHÍCULOS.;NO IDENTIFICADO;1;0;NO;2024;7;16;1;MARTES;18,683333333333334;18;NOCHE;-1,0;-1,8369701987210297e-16;0,7818314824680298;0,6234898018587336;1
2024-07-17;04:53:00;CUENCA;CUENCA;URBANA;-2,891808;-78,991021;ESPAÑA Y BARCELONA;PÉRDIDA DE CARRIL;CONDUCIR DESATENTO A LAS CONDICIONES DE TRÁNSITO (CELULAR, PANTALLAS DE VIDEO, COMIDA, MAQUILLAJE O CUALQUIER OTRO ELEMENTO DISTRACTOR).;MOTOCICLETA;1;0;NO;2024;7;17;2;MIERCOLES;4,883333333333333;4;MADRUGADA;0,8660254037844386;0,5000000000000001;0,9749279121818236;-0,22252093395631434;1
2024-07-17;13:10:00;CUENCA;CUENCA;URBANA;-2,881581;-79,055588;CAMINO DEL TEJAR Y SAN MIGUEL DE PUTUSHI;CHOQUE LATERAL;NO CEDER EL DERECHO DE VÍA O PREFERENCIA DE PASO A VEHÍCULOS.;BICICLETA;1;0;NO;2024;7;17;2;MIERCOLES;13,166666666666666;13;TARDE;-0,2588190451025208;-0,9659258262890683;0,9749279121818236;-0,22252093395631434;1
2024-07-18;09:21:00;CUENCA;CUENCA;URBANA;-2,886022;-78,995915;AV AMERICAS Y SEGUNDO CUEVA CELI;CHOQUE LATERAL;NO CEDER EL DERECHO DE VÍA O PREFERENCIA DE PASO A VEHÍCULOS.;MOTOCICLETA;2;0;NO;2024;7;18;3;JUEVES;9,35;9;MANANA;0,7071067811865476;-0,7071067811865475;0,43388373911755823;-0,900968867902419;2
2024-07-18;12:28:00;CUENCA;CUENCA;URBANA;-2,872178;-78,984478;DE LOS X JUEGOS BOLIVARIANOS Y ENCUENTRO NACIONAL;ESTRELLAMIENTOS;CONDUCIR DESATENTO A LAS CONDICIONES DE TRÁNSITO (CELULAR, PANTALLAS DE VIDEO, COMIDA, MAQUILLAJE O CUALQUIER OTRO ELEMENTO DISTRACTOR).;NO IDENTIFICADO;0;0;NO;2024;7;18;3;JUEVES;12,466666666666667;12;TARDE;1,2246467991473532e-16;-1,0;0,43388373911755823;-0,900968867902419;0
2024-07-18;21:59:00;CUENCA;CUENCA;RURAL;-2,879035;-78,943833;RED ESTATAL E35 KM 696 Y SN;CHOQUE POSTERIOR;NO MANTENER LA DISTANCIA PRUDENCIAL CON RESPECTO AL VEHÍCULO QUE LE ANTECEDE.;CAMIÓN;0;0;NO;2024;7;18;3;JUEVES;21,983333333333334;21;NOCHE;-0,7071067811865477;0,7071067811865474;0,43388373911755823;-0,900968867902419;0
2024-07-19;15:37:00;CUENCA;CUENCA;URBANA;-2,853682;-78,991436;SN Y VIA A SAN VICENTE DE MAYANCELA;ARROLLAMIENTOS;CONDUCIR DESATENTO A LAS CONDICIONES DE TRÁNSITO (CELULAR, PANTALLAS DE VIDEO, COMIDA, MAQUILLAJE O CUALQUIER OTRO ELEMENTO DISTRACTOR).;NO IDENTIFICADO;0;1;NO;2024;7;19;4;VIERNES;15,616666666666667;15;TARDE;-0,7071067811865471;-0,7071067811865479;-0,433883739117558;-0,9009688679024191;1
2024-07-19;22:43:00;CUENCA;CUENCA;URBANA;-2,915584;-79,034153;NICOLÁS DE ROCHA Y EL SALADO;CHOQUE LATERAL;CONDUCE BAJO LA INFLUENCIA DE ALCOHOL, SUSTANCIAS ESTUPEFACIENTES O PSICOTRÓPICAS Y/O MEDICAMENTOS.;MOTOCICLETA;1;0;NO;2024;7;19;4;VIERNES;22,716666666666665;22;NOCHE;-0,5000000000000004;0,8660254037844384;-0,433883739117558;-0,9009688679024191;1
2024-07-19;22:57:00;CUENCA;CHIQUINTAD;URBANA;-2,850763;-78,986007;VIA A OCHOA LEON Y SN;ESTRELLAMIENTOS;CONDUCE BAJO LA INFLUENCIA DE ALCOHOL, SUSTANCIAS ESTUPEFACIENTES O PSICOTRÓPICAS Y/O MEDICAMENTOS.;AUTOMÓVIL;2;0;NO;2024;7;19;4;VIERNES;22,95;22;NOCHE;-0,5000000000000004;0,8660254037844384;-0,433883739117558;-0,9009688679024191;2
2024-07-19;23:06:00;CUENCA;CUENCA;URBANA;-2,897433;-79,003791;RED ESTATAL E35 KM 690 Y SN;PÉRDIDA DE PISTA;CONDUCE BAJO LA INFLUENCIA DE ALCOHOL, SUSTANCIAS ESTUPEFACIENTES O PSICOTRÓPICAS Y/O MEDICAMENTOS.;MOTOCICLETA;2;0;NO;2024;7;19;4;VIERNES;23,1;23;NOCHE;-0,25881904510252157;0,9659258262890681;-0,433883739117558;-0,9009688679024191;2
2024-07-20;15:50:00;CUENCA;TURI;URBANA;-2,947943;-79,023918;VIA A PUNTA CORRAL Y SN;VOLCAMIENTOS;CONDUCIR DESATENTO A LAS CONDICIONES DE TRÁNSITO (CELULAR, PANTALLAS DE VIDEO, COMIDA, MAQUILLAJE O CUALQUIER OTRO ELEMENTO DISTRACTOR).;CAMIONETA;1;0;NO;2024;7;20;5;SABADO;15,833333333333334;15;TARDE;-0,7071067811865471;-0,7071067811865479;-0,9749279121818236;-0,2225209339563146;1
2024-07-20;18:46:00;CUENCA;CUENCA;URBANA;-2,880728;-78,983443;AV AMERICAS Y EL TABLON;PÉRDIDA DE PISTA;CONDUCE BAJO LA INFLUENCIA DE ALCOHOL, SUSTANCIAS ESTUPEFACIENTES O PSICOTRÓPICAS Y/O MEDICAMENTOS.;AUTOMÓVIL;2;0;NO;2024;7;20;5;SABADO;18,766666666666666;18;NOCHE;-1,0;-1,8369701987210297e-16;-0,9749279121818236;-0,2225209339563146;2
2024-07-20;19:58:00;CUENCA;CUENCA;URBANA;-2,896967;-78,976185;GONZALEZ SUARES Y RAYOLOMA;CHOQUE LATERAL;CONDUCE BAJO LA INFLUENCIA DE ALCOHOL, SUSTANCIAS ESTUPEFACIENTES O PSICOTRÓPICAS Y/O MEDICAMENTOS.;AUTOMÓVIL;1;0;NO;2024;7;20;5;SABADO;19,966666666666665;19;NOCHE;-0,9659258262890684;0,2588190451025203;-0,9749279121818236;-0,2225209339563146;1
2024-07-20;21:00:00;CUENCA;CUENCA;URBANA;-2,882272;-78,987102;AV AMERICAS Y OBISPO MIGUEL LEON;CHOQUE LATERAL;NO RESPETAR LAS SEÑALES REGLAMENTARIAS DE TRÁNSITO. (PARE, CEDA EL PASO, LUZ ROJA DEL SEMAFORO, ETC).;AUTOMÓVIL;0;0;NO;2024;7;20;5;SABADO;21,0;21;NOCHE;-0,7071067811865477;0,7071067811865474;-0,9749279121818236;-0,2225209339563146;0
2024-07-20;22:58:00;CUENCA;CUENCA;URBANA;-2,900917;-79,014824;LOJA Y REMIGIO TAMARIZ;CHOQUE LATERAL;NO RESPETAR LAS SEÑALES REGLAMENTARIAS DE TRÁNSITO. (PARE, CEDA EL PASO, LUZ ROJA DEL SEMAFORO, ETC).;AUTOMÓVIL;3;0;NO;2024;7;20;5;SABADO;22,966666666666665;22;NOCHE;-0,5000000000000004;0,8660254037844384;-0,9749279121818236;-0,2225209339563146;3
2024-07-21;02:40:00;CUENCA;CUENCA;RURAL;-2,871465;-78,937796;RED ESTATAL E35 KM 695 Y SN;CHOQUE POSTERIOR;CONDUCE BAJO LA INFLUENCIA DE ALCOHOL, SUSTANCIAS ESTUPEFACIENTES O PSICOTRÓPICAS Y/O MEDICAMENTOS.;AUTOMÓVIL;5;0;NO;2024;7;21;6;DOMINGO;2,6666666666666665;2;MADRUGADA;0,49999999999999994;0,8660254037844387;-0,7818314824680299;0,6234898018587334;5
2024-07-21;20:41:00;CUENCA;CUENCA;URBANA;-2,881405;-79,061675;ORDÓÑEZ LASSO Y CALLE DE LA MENTA;CHOQUE LATERAL;NO CEDER EL DERECHO DE VÍA O PREFERENCIA DE PASO A VEHÍCULOS.;MOTOCICLETA;0;0;NO;2024;7;21;6;DOMINGO;20,683333333333334;20;NOCHE;-0,8660254037844386;0,5000000000000001;-0,7818314824680299;0,6234898018587334;0
2024-07-22;17:55:00;CUENCA;PACCHA (CUENCA);RURAL;-2,898536;-78,952511;VIA A CABILLIN Y SN;CHOQUE LATERAL;CONDUCIR DESATENTO A LAS CONDICIONES DE TRÁNSITO (CELULAR, PANTALLAS DE VIDEO, COMIDA, MAQUILLAJE O CUALQUIER OTRO ELEMENTO DISTRACTOR).;CAMIONETA;1;0;NO;2024;7;22;0;LUNES;17,916666666666668;17;TARDE;-0,9659258262890683;-0,25881904510252063;0,0;1,0;1
2024-07-22;19:08:00;CUENCA;SAYAUSI;RURAL;-2,876592;-79,071211;ORDÓÑEZ LASSO;CHOQUE LATERAL;CONDUCIR DESATENTO A LAS CONDICIONES DE TRÁNSITO (CELULAR, PANTALLAS DE VIDEO, COMIDA, MAQUILLAJE O CUALQUIER OTRO ELEMENTO DISTRACTOR).;MOTOCICLETA;2;0;NO;2024;7;22;0;LUNES;19,133333333333333;19;NOCHE;-0,9659258262890684;0,2588190451025203;0,0;1,0;2
2024-07-23;07:26:00;CUENCA;CUENCA;URBANA;-2,896726;-79,033338;FRANCISCO CISNEROS Y MANUEL MARIA BORRERO;CHOQUE LATERAL;NO RESPETAR LAS SEÑALES REGLAMENTARIAS DE TRÁNSITO. (PARE, CEDA EL PASO, LUZ ROJA DEL SEMAFORO, ETC).;CAMIONETA;0;0;NO;2024;7;23;1;MARTES;7,433333333333334;7;MANANA;0,9659258262890683;-0,25881904510252063;0,7818314824680298;0,6234898018587336;0
2024-07-23;16:26:00;CUENCA;CUENCA;URBANA;-2,924365;-79,036178;RED ESTATAL E35 KM 708 Y ENTRADA A CARMEN DE GUZHO;CHOQUE LATERAL;REALIZAR CAMBIO BRUSCO O INDEBIDO DE CARRIL.;AUTOMÓVIL;1;0;NO;2024;7;23;1;MARTES;16,433333333333334;16;TARDE;-0,8660254037844385;-0,5000000000000004;0,7818314824680298;0,6234898018587336;1
2024-07-24;16:12:00;CUENCA;CUENCA;URBANA;-2,909661;-79,013408;10 DE AGOSTO Y AGUSTÍN CUEVA;ESTRELLAMIENTOS;PRESENCIA DE AGENTES EXTERNOS EN LA VÍA (AGUA, ACEITE, PIEDRA, LASTRE, ESCOMBROS, MADEROS, ETC.).;CAMIÓN;0;0;NO;2024;7;24;2;MIERCOLES;16,2;16;TARDE;-0,8660254037844385;-0,5000000000000004;0,9749279121818236;-0,22252093395631434;0
2024-07-24;18:34:00;CUENCA;CUENCA;URBANA;-2,877369;-79,000797;MIRAFLORES Y DE LAS COCADAS;CHOQUE FRONTAL;CONDUCIR VEHÍCULO SUPERANDO LOS LÍMITES MÁXIMOS DE VELOCIDAD.;VEHÍCULO DEPORTIVO UTILITARIO;1;0;NO;2024;7;24;2;MIERCOLES;18,566666666666666;18;NOCHE;-1,0;-1,8369701987210297e-16;0,9749279121818236;-0,22252093395631434;1
2024-07-24;19:53:00;CUENCA;CUENCA;URBANA;-2,882425;-78,959883;PANAMERICANA NORTE Y FERNANDO PAZAN;CHOQUE LATERAL;CONDUCIR EN SENTIDO CONTRARIO A LA VÍA NORMAL DE CIRCULACIÓN.;VEHÍCULO DEPORTIVO UTILITARIO;0;0;NO;2024;7;24;2;MIERCOLES;19,883333333333333;19;NOCHE;-0,9659258262890684;0,2588190451025203;0,9749279121818236;-0,22252093395631434;0
2024-07-25;13:30:00;CUENCA;CUENCA;URBANA;-2,909432;-79,002518;CORNELIO MERCHAN Y CARLOS RIGOBERTO VINTIMILLA;CHOQUE LATERAL;CONDUCE BAJO LA INFLUENCIA DE ALCOHOL, SUSTANCIAS ESTUPEFACIENTES O PSICOTRÓPICAS Y/O MEDICAMENTOS.;AUTOMÓVIL;1;0;NO;2024;7;25;3;JUEVES;13,5;13;TARDE;-0,2588190451025208;-0,9659258262890683;0,43388373911755823;-0,900968867902419;1
2024-07-25;21:00:00;CUENCA;CUENCA;URBANA;-2,907451;-79,032468;PRIMERO DE MAYO Y AV AMERICAS;CHOQUE LATERAL;REALIZAR CAMBIO BRUSCO O INDEBIDO DE CARRIL.;AUTOMÓVIL;1;0;NO;2024;7;25;3;JUEVES;21,0;21;NOCHE;-0,7071067811865477;0,7071067811865474;0,43388373911755823;-0,900968867902419;1
2024-07-26;02:08:00;CUENCA;CUENCA;URBANA;-2,906158;-78,996427;HUAYNA CAPAC Y LARGA;ESTRELLAMIENTOS;CONDUCE BAJO LA INFLUENCIA DE ALCOHOL, SUSTANCIAS ESTUPEFACIENTES O PSICOTRÓPICAS Y/O MEDICAMENTOS.;AUTOMÓVIL;0;0;NO;2024;7;26;4;VIERNES;2,1333333333333333;2;MADRUGADA;0,49999999999999994;0,8660254037844387;-0,433883739117558;-0,9009688679024191;0
2024-07-26;02:53:00;CUENCA;CUENCA;URBANA;-2,887527;-79,005544;GENERAL TORRES Y PEDRO LEÓN;ESTRELLAMIENTOS;CONDUCE BAJO LA INFLUENCIA DE ALCOHOL, SUSTANCIAS ESTUPEFACIENTES O PSICOTRÓPICAS Y/O MEDICAMENTOS.;CAMIONETA;0;0;NO;2024;7;26;4;VIERNES;2,8833333333333333;2;MADRUGADA;0,49999999999999994;0,8660254037844387;-0,433883739117558;-0,9009688679024191;0
2024-07-26;09:37:00;CUENCA;CUENCA;URBANA;-2,881328;-78,986621;MARIANO VENTIMILLA Y OBISPO MIGUEL LEÓN;ATROPELLOS;NO CEDER EL DERECHO DE VÍA O PREFERENCIA DE PASO A VEHÍCULOS.;NO IDENTIFICADO;1;0;NO;2024;7;26;4;VIERNES;9,616666666666667;9;MANANA;0,7071067811865476;-0,7071067811865475;-0,433883739117558;-0,9009688679024191;1
2024-07-26;17:11:00;CUENCA;RICAURTE (CUENCA);RURAL;-2,858022;-78,974501;SN Y SN - RICAURTE;ATROPELLOS;CONDUCIR DESATENTO A LAS CONDICIONES DE TRÁNSITO (CELULAR, PANTALLAS DE VIDEO, COMIDA, MAQUILLAJE O CUALQUIER OTRO ELEMENTO DISTRACTOR).;BICICLETA;2;0;NO;2024;7;26;4;VIERNES;17,183333333333334;17;TARDE;-0,9659258262890683;-0,25881904510252063;-0,433883739117558;-0,9009688679024191;2
2024-07-26;18:56:00;CUENCA;CUENCA;URBANA;-2,897001;-79,022319;SANTA CRUZ Y REMIGIO CRESPO;ATROPELLOS;CONDUCIR DESATENTO A LAS CONDICIONES DE TRÁNSITO (CELULAR, PANTALLAS DE VIDEO, COMIDA, MAQUILLAJE O CUALQUIER OTRO ELEMENTO DISTRACTOR).;AUTOMÓVIL;1;0;NO;2024;7;26;4;VIERNES;18,933333333333334;18;NOCHE;-1,0;-1,8369701987210297e-16;-0,433883739117558;-0,9009688679024191;1
2024-07-26;19:01:00;CUENCA;SAN JOAQUIN;RURAL;-2,890436;-79,060178;ENRIQUE ARIZAGA TORAL Y DE LA REINA CLAUDIA;ROZAMIENTOS;REALIZAR CAMBIO BRUSCO O INDEBIDO DE CARRIL.;MOTOCICLETA;0;1;NO;2024;7;26;4;VIERNES;19,016666666666666;19;NOCHE;-0,9659258262890684;0,2588190451025203;-0,433883739117558;-0,9009688679024191;1
2024-07-26;20:20:00;CUENCA;CUENCA;URBANA;-2,898892;-78,975549;PUMAPUNGO Y RAYOLOMA;CHOQUE LATERAL;REALIZAR CAMBIO BRUSCO O INDEBIDO DE CARRIL.;AUTOMÓVIL;0;0;NO;2024;7;26;4;VIERNES;20,333333333333332;20;NOCHE;-0,8660254037844386;0,5000000000000001;-0,433883739117558;-0,9009688679024191;0
2024-07-26;20:49:00;CUENCA;CUENCA;URBANA;-2,864542;-78,939521;PANAMERICANA NORTE KM 7 1/2 Y SN;ESTRELLAMIENTOS;CONDUCE BAJO LA INFLUENCIA DE ALCOHOL, SUSTANCIAS ESTUPEFACIENTES O PSICOTRÓPICAS Y/O MEDICAMENTOS.;MOTOCICLETA;1;0;NO;2024;7;26;4;VIERNES;20,816666666666666;20;NOCHE;-0,8660254037844386;0,5000000000000001;-0,433883739117558;-0,9009688679024191;1
2024-07-26;21:00:00;CUENCA;SAN JOAQUIN;RURAL;-2,895858;-79,051564;MONSEÑOR LEONIDAS PROAÑO Y CARLOS ARIZAGA VEGA;ESTRELLAMIENTOS;CONDUCE BAJO LA INFLUENCIA DE ALCOHOL, SUSTANCIAS ESTUPEFACIENTES O PSICOTRÓPICAS Y/O MEDICAMENTOS.;CAMIONETA;0;0;NO;2024;7;26;4;VIERNES;21,0;21;NOCHE;-0,7071067811865477;0,7071067811865474;-0,433883739117558;-0,9009688679024191;0
2024-07-27;03:36:00;CUENCA;CUENCA;URBANA;-2,914017;-78,996802;10 DE AGOSTO Y PAUCARBAMBA;ESTRELLAMIENTOS;PRESENCIA DE AGENTES EXTERNOS EN LA VÍA (AGUA, ACEITE, PIEDRA, LASTRE, ESCOMBROS, MADEROS, ETC.).;MOTOCICLETA;1;0;NO;2024;7;27;5;SABADO;3,6;3;MADRUGADA;0,7071067811865476;0,7071067811865476;-0,9749279121818236;-0,2225209339563146;1
2024-07-27;09:02:00;CUENCA;CUENCA;URBANA;-2,877417;-78,945388;UCUBAMBA Y VIA A PACCHA;CHOQUE LATERAL;NO RESPETAR LAS SEÑALES REGLAMENTARIAS DE TRÁNSITO. (PARE, CEDA EL PASO, LUZ ROJA DEL SEMAFORO, ETC).;AUTOMÓVIL;3;0;NO;2024;7;27;5;SABADO;9,033333333333333;9;MANANA;0,7071067811865476;-0,7071067811865475;-0,9749279121818236;-0,2225209339563146;3
2024-07-27;15:32:00;CUENCA;CUENCA;URBANA;-2,880461;-79,035885;SN Y LOS CEREZOS;ATROPELLOS;CONDUCE BAJO LA INFLUENCIA DE ALCOHOL, SUSTANCIAS ESTUPEFACIENTES O PSICOTRÓPICAS Y/O MEDICAMENTOS.;CAMIONETA;1;0;NO;2024;7;27;5;SABADO;15,533333333333333;15;TARDE;-0,7071067811865471;-0,7071067811865479;-0,9749279121818236;-0,2225209339563146;1
2024-07-27;21:21:00;CUENCA;CUENCA;URBANA;-2,895255;-79,019244;12 DE ABRIL Y UNIDAD NACIONAL;ARROLLAMIENTOS;NO CEDER EL DERECHO DE VÍA O PREFERENCIA DE PASO AL PEATÓN.;VEHÍCULO DEPORTIVO UTILITARIO;1;0;NO;2024;7;27;5;SABADO;21,35;21;NOCHE;-0,7071067811865477;0,7071067811865474;-0,9749279121818236;-0,2225209339563146;1
2024-07-27;23:12:00;CUENCA;CUENCA;URBANA;-2,907417;-78,983073;24 DE MAYO Y MAX UHLE;CHOQUE LATERAL;CONDUCE BAJO LA INFLUENCIA DE ALCOHOL, SUSTANCIAS ESTUPEFACIENTES O PSICOTRÓPICAS Y/O MEDICAMENTOS.;AUTOMÓVIL;0;0;NO;2024;7;27;5;SABADO;23,2;23;NOCHE;-0,25881904510252157;0,9659258262890681;-0,9749279121818236;-0,2225209339563146;0
2024-07-28;01:33:00;CUENCA;TARQUI (CUENCA);RURAL;-2,967694;-79,053788;CORRALPAMBA Y SN;ESTRELLAMIENTOS;CONDUCIR DESATENTO A LAS CONDICIONES DE TRÁNSITO (CELULAR, PANTALLAS DE VIDEO, COMIDA, MAQUILLAJE O CUALQUIER OTRO ELEMENTO DISTRACTOR).;NO IDENTIFICADO;0;0;NO;2024;7;28;6;DOMINGO;1,55;1;MADRUGADA;0,25881904510252074;0,9659258262890683;-0,7818314824680299;0,6234898018587334;0
2024-07-28;02:06:00;CUENCA;CUENCA;URBANA;-2,924341;-79,036029;RED ESTATAL E 35 KM 708 Y CALVARIO;CHOQUE LATERAL;CONDUCIR DESATENTO A LAS CONDICIONES DE TRÁNSITO (CELULAR, PANTALLAS DE VIDEO, COMIDA, MAQUILLAJE O CUALQUIER OTRO ELEMENTO DISTRACTOR).;MOTOCICLETA;1;1;NO;2024;7;28;6;DOMINGO;2,1;2;MADRUGADA;0,49999999999999994;0,8660254037844387;-0,7818314824680299;0,6234898018587334;2
2024-07-28;02:51:00;CUENCA;CUENCA;URBANA;-2,916363;-78,989391;RED ESTATAL E35 KM 701 Y SN;PÉRDIDA DE CARRIL;CONDUCE BAJO LA INFLUENCIA DE ALCOHOL, SUSTANCIAS ESTUPEFACIENTES O PSICOTRÓPICAS Y/O MEDICAMENTOS.;AUTOMÓVIL;2;0;NO;2024;7;28;6;DOMINGO;2,85;2;MADRUGADA;0,49999999999999994;0,8660254037844387;-0,7818314824680299;0,6234898018587334;2
2024-07-28;09:28:00;CUENCA;CUENCA;URBANA;-2,923107;-79,051175;DEL TOBOGAN Y DE LOS COLUMPIOS;CHOQUE LATERAL;ADELANTAR O REBASAR A OTRO VEHÍCULO EN MOVIMIENTO EN ZONAS O SITIOS PELIGROSOS TALES COMO: CURVAS, PUENTES, TÚNELES, PENDIENTES, ETC.;AUTOMÓVIL;2;0;NO;2024;7;28;6;DOMINGO;9,466666666666667;9;MANANA;0,7071067811865476;-0,7071067811865475;-0,7818314824680299;0,6234898018587334;2
2024-07-29;08:18:00;CUENCA;CUENCA;URBANA;-2,881548;-79,028746;TARCISIO ARTEAGA Y EMILIO LOPEZ ORTEGA;ESTRELLAMIENTOS;REALIZAR CAMBIO BRUSCO O INDEBIDO DE CARRIL.;FURGONETA;0;0;NO;2024;7;29;0;LUNES;8,3;8;MANANA;0,8660254037844387;-0,4999999999999998;0,0;1,0;0
2024-07-30;10:35:00;CUENCA;CUENCA;URBANA;-2,892357;-78,982925;CORDILLERA Y BUERAN;CHOQUE LATERAL;REALIZAR CAMBIO BRUSCO O INDEBIDO DE CARRIL.;MOTOCICLETA;1;0;NO;2024;7;30;1;MARTES;10,583333333333334;10;MANANA;0,49999999999999994;-0,8660254037844387;0,7818314824680298;0,6234898018587336;1