FECHA;HORA;CANTON;PARROQUIA;ZONA;LATITUD_Y;LONGITUD_X;DIRECCION;TIPO_DE_SINIESTRO;CAUSA_PROBABLE;TIPO_DE_VEHICULO_1;LESIONADOS;FALLECIDOS;FERIADO;ANIO;MES;DIA;DIA_SEMANA;NOMBRE_DIA;HORA_DECIMAL;HORA_NUM;RANGO_HORARIO;HORA_SIN;HORA_COS;DIA_SIN;DIA_COS;TOTAL_VICTIMAS
2024-07-30;11:53:00;CUENCA;CUENCA;URBANA;-2,895172;-79,019165;UNIDAD NACIONAL Y 12 DE ABRIL;CHOQUE LATERAL;NO RESPETAR LAS SEÑALES REGLAMENTARIAS DE TRÁNSITO. (PARE, CEDA EL PASO, LUZ ROJA DEL SEMAFORO, ETC).;VEHÍCULO DEPORTIVO UTILITARIO;1;0;NO;2024;7;30;1;MARTES;11,883333333333333;11;MANANA;0,258819045102521;-0,9659258262890682;0,7818314824680298;0,6234898018587336;1
2024-07-30;15:28:00;CUENCA;CUENCA;URBANA;-2,886338;-79,008655;AV AMERICAS Y NICANOR MERCHÁN;CHOQUE LATERAL;NO RESPETAR LAS SEÑALES REGLAMENTARIAS DE TRÁNSITO. (PARE, CEDA EL PASO, LUZ ROJA DEL SEMAFORO, ETC).;CAMIONETA;1;0;NO;2024;7;30;1;MARTES;15,466666666666667;15;TARDE;-0,7071067811865471;-0,7071067811865479;0,7818314824680298;0,6234898018587336;1
2024-07-30;23:35:00;CUENCA;TARQUI (CUENCA);RURAL;-2,990827;-79,008415;VIA TARQUI- GULLANZHAPA - TURI;ESTRELLAMIENTOS;CONDUCIR VEHÍCULO SUPERANDO LOS LÍMITES MÁXIMOS DE VELOCIDAD.;AUTOMÓVIL;1;1;NO;2024;7;30;1;MARTES;23,583333333333332;23;NOCHE;-0,25881904510252157;0,9659258262890681;0,7818314824680298;0,6234898018587336;2
2024-08-01;11:00:00;CUENCA;TARQUI (CUENCA);RURAL;-2,999578;-79,044678;SE  ENCUENTRA UBICADO EN LA RED VIA E-35 SENTIDO CUENCA  - TARQUI  KM 9 APROXIMADAMENTE COMO   REFERENCIA INGRESO A CHAUYAYACU;CHOQUE FRONTAL;CONDUCIR EN SENTIDO CONTRARIO A LA VÍA NORMAL DE CIRCULACIÓN.;AUTOMÓVIL;1;0;NO;2024;8;1;3;JUEVES;11,0;11;MANANA;0,258819045102521;-0,9659258262890682;0,43388373911755823;-0,900968867902419;1
2024-08-03;21:00:00;CUENCA;SAYAUSI;RURAL;-2,802501;-79,158611;RED VIAL E 59 KM 56 APROXIMADAMENTE;CHOQUE POSTERIOR;NO MANTENER LA DISTANCIA PRUDENCIAL CON RESPECTO AL VEHÍCULO QUE LE ANTECEDE.;MOTOCICLETA;1;0;NO;2024;8;3;5;SABADO;21,0;21;NOCHE;-0,7071067811865477;0,7071067811865474;-0,9749279121818236;-0,2225209339563146;1
2024-08-04;23:30:00;CUENCA;MOLLETURO;RURAL;-2,614889;-79,469778;VIA COLECTORA E-582 VIA CUENCA HACIA CRUCE DE JESUS MARIA;CAÍDA DE PASAJERO;BAJARSE O SUBIRSE DE VEHÍCULOS EN MOVIMIENTO SIN TOMAR LAS PRECAUCIONES DEBIDAS.;VEHÍCULO DEPORTIVO UTILITARIO;1;0;NO;2024;8;4;6;DOMINGO;23,5;23;NOCHE;-0,25881904510252157;0,9659258262890681;-0,7818314824680299;0,6234898018587334;1
2024-08-06;12:20:00;CUENCA;MOLLETURO;RURAL;-2,620792;-79,465929;VIA COLECTORA E-582 JESUS MARIA  ¿ TAMARINDO;CHOQUE FRONTAL;CONDUCIR EN SENTIDO CONTRARIO A LA VÍA NORMAL DE CIRCULACIÓN.;MOTOCICLETA;1;0;NO;2024;8;6;1;MARTES;12,333333333333334;12;TARDE;1,2246467991473532e-16;-1,0;0,7818314824680298;0,6234898018587336;1
2024-08-11;19:25:00;CUENCA;VICTORIA DEL PORTETE;RURAL;-3,082606;-79,072987;SE  ENCUENTRA UBICADO EN LA RED VIAL 35  SENTIDO GIRON ¿ CUENCA  AL LLEGAR AL KM 13 APROXIMADAMENTE;COLISIÓN;NO MANTENER LA DISTANCIA PRUDENCIAL CON RESPECTO AL VEHÍCULO QUE LE ANTECEDE.;CAMIONETA;1;0;SI;2024;8;11;6;DOMINGO;19,416666666666668;19;NOCHE;-0,9659258262890684;0,2588190451025203;-0,7818314824680299;0,6234898018587334;1
2024-08-15;02:50:00;CUENCA;MOLLETURO;RURAL;-2,767377;-79,402718;SE  ENCUENTRA UBICADO EN LA RED VIAL 582   SENTIDO MOLLETURO  - CUENCA   AL LLEGAR AL KM 48+080  APROXIMADAMENTE SECTOR MIGUIR;PÉRDIDA DE CARRIL;CONDUCIR DESATENTO A LAS CONDICIONES DE TRÁNSITO (CELULAR, PANTALLAS DE VIDEO, COMIDA, MAQUILLAJE O CUALQUIER OTRO ELEMENTO DISTRACTOR).;AUTOMÓVIL;4;0;NO;2024;8;15;3;JUEVES;2,8333333333333335;2;MADRUGADA;0,49999999999999994;0,8660254037844387;0,43388373911755823;-0,900968867902419;4
2024-08-19;01:05:00;CUENCA;SAYAUSI;RURAL;-2,797778;-79,160556;SE ENCUENTRA UBICADO EN LA RED VIAL E-582 SENTIDO DOS CHORRERAS - Y DE SAYAUSI KM 20 APROXIMADAMENTE;PÉRDIDA DE CARRIL;CONDUCIR DESATENTO A LAS CONDICIONES DE TRÁNSITO (CELULAR, PANTALLAS DE VIDEO, COMIDA, MAQUILLAJE O CUALQUIER OTRO ELEMENTO DISTRACTOR).;NO IDENTIFICADO;0;0;NO;2024;8;19;0;LUNES;1,0833333333333333;1;MADRUGADA;0,25881904510252074;0,9659258262890683;0,0;1,0;0
2024-08-23;11:00:00;CUENCA;SAYAUSI;RURAL;-2,870324;-79,078801;SE ENCUENTRA UBICADO EN LA RED VIAL E-582 SENTIDO CUENCA-MOLLETURO  KM 09 APROXIMADAMENTE SECTOR LOS LIRIOS;CHOQUE FRONTAL;CONDUCIR EN SENTIDO CONTRARIO A LA VÍA NORMAL DE CIRCULACIÓN.;MOTOCICLETA;2;0;NO;2024;8;23;4;VIERNES;11,0;11;MANANA;0,258819045102521;-0,9659258262890682;-0,433883739117558;-0,9009688679024191;2
2024-08-26;15:35:00;CUENCA;BAÑOS (CUENCA);RURAL;-2,947222;-79,046111;SE ENCUENTRA UBICADO EN LA RED VIAL E-35 SENTIDO CUENCA - TARQUI KM 03 APROXIMADAMENTE A 200 METROS  DE LA IMPORTADORA CUMPLEAÑOS.;CHOQUE LATERAL;NO RESPETAR LAS SEÑALES REGLAMENTARIAS DE TRÁNSITO. (PARE, CEDA EL PASO, LUZ ROJA DEL SEMAFORO, ETC).;MOTOCICLETA;1;0;NO;2024;8;26;0;LUNES;15,583333333333334;15;TARDE;-0,7071067811865471;-0,7071067811865479;0,0;1,0;1
2024-08-27;12:00:00;CUENCA;LLACAO;RURAL;-2,841268;-78,887403;SE ENCUENTRA UBICADO EN LA RED VIA E-40 SENTIDO CUENCA ¿ EL DESCANSO   KM 0+920 ESTACIONADA EN EL  INTERIOR DEL PARQUEADERO DEL COMEDOR EL CUMPA;ATROPELLOS;CONDUCIR DESATENTO A LAS CONDICIONES DE TRÁNSITO (CELULAR, PANTALLAS DE VIDEO, COMIDA, MAQUILLAJE O CUALQUIER OTRO ELEMENTO DISTRACTOR).;NO IDENTIFICADO;1;0;NO;2024;8;27;1;MARTES;12,0;12;TARDE;1,2246467991473532e-16;-1,0;0,7818314824680298;0,6234898018587336;1
2024-08-27;16:20:00;CUENCA;VICTORIA DEL PORTETE;RURAL;-3,083751;-79,076306;SE ENCUENTRA UBICADO EN LA RED VIA E-59 SENTIDO GIRON ¿ CUENCA KM 20+500 REFERENCIA  A 500 METROS DE LA GASOLINERA PDV , 300 METROS RECINTO FAREZ;CHOQUE LATERAL;NO RESPETAR LAS SEÑALES REGLAMENTARIAS DE TRÁNSITO. (PARE, CEDA EL PASO, LUZ ROJA DEL SEMAFORO, ETC).;NO IDENTIFICADO;1;0;NO;2024;8;27;1;MARTES;16,333333333333332;16;TARDE;-0,8660254037844385;-0,5000000000000004;0,7818314824680298;0,6234898018587336;1
2024-08-28;11:55:00;CUENCA;TARQUI (CUENCA);RURAL;-2,961667;-79,050001;SE ENCUENTRA UBICADO EN LA RED VIA E-35 SENTIDO CUENCA ¿ TARQUI KM 3 APROXIMADAMENTE A LA ALTURA DE ZHUCAY;ATROPELLOS;CONDUCIR DESATENTO A LAS CONDICIONES DE TRÁNSITO (CELULAR, PANTALLAS DE VIDEO, COMIDA, MAQUILLAJE O CUALQUIER OTRO ELEMENTO DISTRACTOR).;MOTOCICLETA;2;0;NO;2024;8;28;2;MIERCOLES;11,916666666666666;11;MANANA;0,258819045102521;-0,9659258262890682;0,9749279121818236;-0,22252093395631434;2
2024-08-01;10:44:00;CUENCA;CUENCA;URBANA;-2,889375;-79,023483;CAMINO DEL TEJAR Y AV DE LAS AMERICAS;ATROPELLOS;CONDUCIR DESATENTO A LAS CONDICIONES DE TRÁNSITO (CELULAR, PANTALLAS DE VIDEO, COMIDA, MAQUILLAJE O CUALQUIER OTRO ELEMENTO DISTRACTOR).;MOTOCICLETA;1;0;NO;2024;8;1;3;JUEVES;10,733333333333333;10;MANANA;0,49999999999999994;-0,8660254037844387;0,43388373911755823;-0,900968867902419;1
2024-08-01;13:27:00;CUENCA;CUENCA;URBANA;-2,855273;-78,919955;RED ESTATAL E35 Y GUILLERMO VASQUEZ ASTUDILLO;COLISIÓN;CONDUCIR VEHÍCULO SUPERANDO LOS LÍMITES MÁXIMOS DE VELOCIDAD.;VEHÍCULO DEPORTIVO UTILITARIO;0;0;NO;2024;8;1;3;JUEVES;13,45;13;TARDE;-0,2588190451025208;-0,9659258262890683;0,43388373911755823;-0,900968867902419;0
2024-08-02;08:40:00;CUENCA;CUENCA;URBANA;-2,912371;-78,987107;24 DE MAYO Y CA AL VALLE;COLISIÓN;CONDUCIR DESATENTO A LAS CONDICIONES DE TRÁNSITO (CELULAR, PANTALLAS DE VIDEO, COMIDA, MAQUILLAJE O CUALQUIER OTRO ELEMENTO DISTRACTOR).;CAMIÓN;1;0;NO;2024;8;2;4;VIERNES;8,666666666666666;8;MANANA;0,8660254037844387;-0,4999999999999998;-0,433883739117558;-0,9009688679024191;1
2024-08-02;20:04:00;CUENCA;CUENCA;URBANA;-2,885491;-78,987418;TURUHUAYCO Y CALLE VIEJA;CHOQUE LATERAL;CONDUCE BAJO LA INFLUENCIA DE ALCOHOL, SUSTANCIAS ESTUPEFACIENTES O PSICOTRÓPICAS Y/O MEDICAMENTOS.;MOTOCICLETA;1;0;NO;2024;8;2;4;VIERNES;20,066666666666666;20;NOCHE;-0,8660254037844386;0,5000000000000001;-0,433883739117558;-0,9009688679024191;1
2024-08-03;00:21:00;CUENCA;CUENCA;URBANA;-2,891171;-78,984023;HURTADO DE MENDOZA Y FASAYÑAN;CHOQUE LATERAL;CONDUCE BAJO LA INFLUENCIA DE ALCOHOL, SUSTANCIAS ESTUPEFACIENTES O PSICOTRÓPICAS Y/O MEDICAMENTOS.;MOTOCICLETA;1;0;NO;2024;8;3;5;SABADO;0,35;0;MADRUGADA;0,0;1,0;-0,9749279121818236;-0,2225209339563146;1
2024-08-03;07:47:00;CUENCA;CUENCA;URBANA;-2,880744;-79,059978;CALLE DEL TEJAR Y DE LA HIERBA LUISA;CHOQUE POSTERIOR;CONDUCIR DESATENTO A LAS CONDICIONES DE TRÁNSITO (CELULAR, PANTALLAS DE VIDEO, COMIDA, MAQUILLAJE O CUALQUIER OTRO ELEMENTO DISTRACTOR).;NO IDENTIFICADO;1;0;NO;2024;8;3;5;SABADO;7,783333333333333;7;MANANA;0,9659258262890683;-0,25881904510252063;-0,9749279121818236;-0,2225209339563146;1
2024-08-07;00:01:00;CUENCA;CUENCA;URBANA;-2,884457;-79,002451;AV DE LAS AMERICAS Y CALLE LUIS CORDERO;PÉRDIDA DE CARRIL;CONDUCE BAJO LA INFLUENCIA DE ALCOHOL, SUSTANCIAS ESTUPEFACIENTES O PSICOTRÓPICAS Y/O MEDICAMENTOS.;VEHÍCULO DEPORTIVO UTILITARIO;0;0;NO;2024;8;7;2;MIERCOLES;0,016666666666666666;0;MADRUGADA;0,0;1,0;0,9749279121818236;-0,22252093395631434;0
2024-08-04;07:54:00;CUENCA;NULTI;RURAL;-2,867468;-78,886353;VIA JADAN- LLATCON;CHOQUE FRONTAL;CONDUCIR DESATENTO A LAS CONDICIONES DE TRÁNSITO (CELULAR, PANTALLAS DE VIDEO, COMIDA, MAQUILLAJE O CUALQUIER OTRO ELEMENTO DISTRACTOR).;MOTOCICLETA;2;0;NO;2024;8;4;6;DOMINGO;7,9;7;MANANA;0,9659258262890683;-0,25881904510252063;-0,7818314824680299;0,6234898018587334;2
2024-08-03;18:20:00;CUENCA;CUENCA;URBANA;-2,882485;-78,987327;AV DE LAS AMERICAS Y HUACAS;COLISIÓN;CONDUCIR DESATENTO A LAS CONDICIONES DE TRÁNSITO (CELULAR, PANTALLAS DE VIDEO, COMIDA, MAQUILLAJE O CUALQUIER OTRO ELEMENTO DISTRACTOR).;CAMIONETA;0;0;NO;2024;8;3;5;SABADO;18,333333333333332;18;NOCHE;-1,0;-1,8369701987210297e-16;-0,9749279121818236;-0,2225209339563146;0
2024-08-05;07:28:00;CUENCA;CUENCA;URBANA;-2,910248;-78,969153;VA MONAY BAGUANCHI Y VA AL AGUACATE;CHOQUE LATERAL;CONDUCIR DESATENTO A LAS CONDICIONES DE TRÁNSITO (CELULAR, PANTALLAS DE VIDEO, COMIDA, MAQUILLAJE O CUALQUIER OTRO ELEMENTO DISTRACTOR).;MOTOCICLETA;1;0;NO;2024;8;5;0;LUNES;7,466666666666667;7;MANANA;0,9659258262890683;-0,25881904510252063;0,0;1,0;1
2024-08-05;10:23:00;CUENCA;CUENCA;URBANA;-2,900015;-78,971379;RED ESTATAL E35 Y JOSE CARRASCO ARTEAGA;OTROS;CONDUCIR DESATENTO A LAS CONDICIONES DE TRÁNSITO (CELULAR, PANTALLAS DE VIDEO, COMIDA, MAQUILLAJE O CUALQUIER OTRO ELEMENTO DISTRACTOR).;AUTOMÓVIL;1;0;NO;2024;8;5;0;LUNES;10,383333333333333;10;MANANA;0,49999999999999994;-0,8660254037844387;0,0;1,0;1
2024-08-05;19:44:00;CUENCA;CUENCA;URBANA;-2,903612;-79,013627;REMIGIO CRESPO TORAL Y RICARDO MUÑZ;CHOQUE LATERAL;CONDUCIR DESATENTO A LAS CONDICIONES DE TRÁNSITO (CELULAR, PANTALLAS DE VIDEO, COMIDA, MAQUILLAJE O CUALQUIER OTRO ELEMENTO DISTRACTOR).;MOTOCICLETA;1;0;NO;2024;8;5;0;LUNES;19,733333333333334;19;NOCHE;-0,9659258262890684;0,2588190451025203;0,0;1,0;1
2024-08-03;10:51:00;CUENCA;CUENCA;URBANA;-2,909241;-79,009933;ALFONSO MORENO MORA Y FERERICO PROAÑO;CHOQUE LATERAL;CONDUCIR DESATENTO A LAS CONDICIONES DE TRÁNSITO (CELULAR, PANTALLAS DE VIDEO, COMIDA, MAQUILLAJE O CUALQUIER OTRO ELEMENTO DISTRACTOR).;AUTOMÓVIL;0;0;NO;2024;8;3;5;SABADO;10,85;10;MANANA;0,49999999999999994;-0,8660254037844387;-0,9749279121818236;-0,2225209339563146;0
2024-08-04;15:55:00;CUENCA;CUENCA;URBANA;-2,873801;-78,979951;CAMINO A PATAMARCA Y PASEO RIO MACHANGARA;CHOQUE LATERAL;CONDUCE BAJO LA INFLUENCIA DE ALCOHOL, SUSTANCIAS ESTUPEFACIENTES O PSICOTRÓPICAS Y/O MEDICAMENTOS.;AUTOMÓVIL;0;0;NO;2024;8;4;6;DOMINGO;15,916666666666666;15;TARDE;-0,7071067811865471;-0,7071067811865479;-0,7818314824680299;0,6234898018587334;0
2024-08-05;22:53:00;CUENCA;CUENCA;URBANA;-2,896682;-79,019459;UNIDAD NACIONAL Y CALLE DEL BATAN;CHOQUE POSTERIOR;CONDUCE BAJO LA INFLUENCIA DE ALCOHOL, SUSTANCIAS ESTUPEFACIENTES O PSICOTRÓPICAS Y/O MEDICAMENTOS.;VEHÍCULO DEPORTIVO UTILITARIO;0;0;NO;2024;8;5;0;LUNES;22,883333333333333;22;NOCHE;-0,5000000000000004;0,8660254037844384;0,0;1,0;0
2024-08-07;14:47:00;CUENCA;CUENCA;URBANA;-2,903105;-79,006541;FRAY VICENTE SOLANO Y DANIEL CORDOVA;CHOQUE LATERAL;CONDUCIR DESATENTO A LAS CONDICIONES DE TRÁNSITO (CELULAR, PANTALLAS DE VIDEO, COMIDA, MAQUILLAJE O CUALQUIER OTRO ELEMENTO DISTRACTOR).;MOTOCICLETA;1;0;NO;2024;8;7;2;MIERCOLES;14,783333333333333;14;TARDE;-0,4999999999999997;-0,8660254037844388;0,9749279121818236;-0,22252093395631434;1
2024-08-07;08:12:00;CUENCA;CUENCA;URBANA;-2,910168;-79,003737;LUIS MORENO MORA Y ROBERTO CRESPO;CHOQUE LATERAL;CONDUCIR DESATENTO A LAS CONDICIONES DE TRÁNSITO (CELULAR, PANTALLAS DE VIDEO, COMIDA, MAQUILLAJE O CUALQUIER OTRO ELEMENTO DISTRACTOR).;AUTOMÓVIL;0;0;NO;2024;8;7;2;MIERCOLES;8,2;8;MANANA;0,8660254037844387;-0,4999999999999998;0,9749279121818236;-0,22252093395631434;0
2024-08-08;22:52:00;CUENCA;CUENCA;URBANA;-2,886169;-78,995358;AVENIDA DE LAS AMERICAS Y ARMENILLAS;CHOQUE LATERAL;CONDUCE BAJO LA INFLUENCIA DE ALCOHOL, SUSTANCIAS ESTUPEFACIENTES O PSICOTRÓPICAS Y/O MEDICAMENTOS.;VEHÍCULO DEPORTIVO UTILITARIO;2;0;NO;2024;8;8;3;JUEVES;22,866666666666667;22;NOCHE;-0,5000000000000004;0,8660254037844384;0,43388373911755823;-0,900968867902419;2
2024-08-08;22:48:00;CUENCA;CUENCA;URBANA;-2,884812;-79,010861;ABELARDO J ANDRADE Y DESCARTES;CHOQUE POSTERIOR;CONDUCIR DESATENTO A LAS CONDICIONES DE TRÁNSITO (CELULAR, PANTALLAS DE VIDEO, COMIDA, MAQUILLAJE O CUALQUIER OTRO ELEMENTO DISTRACTOR).;VEHÍCULO DEPORTIVO UTILITARIO;0;0;NO;2024;8;8;3;JUEVES;22,8;22;NOCHE;-0,5000000000000004;0,8660254037844384;0,43388373911755823;-0,900968867902419;0
2024-08-09;04:24:00;CUENCA;CUENCA;URBANA;-2,881887;-79,021007;ABELARDO J ANDRADE Y DEL CEBOLLAR;ESTRELLAMIENTOS;PEATÓN TRANSITA BAJO INFLUENCIA DE ALCOHOL, SUSTANCIAS ESTUPEFACIENTES O PSICOTRÓPICAS Y/O MEDICAMENTOS.;AUTOMÓVIL;0;0;SI;2024;8;9;4;VIERNES;4,4;4;MADRUGADA;0,8660254037844386;0,5000000000000001;-0,433883739117558;-0,9009688679024191;0
2024-08-09;04:28:00;CUENCA;BAÑOS (CUENCA);URBANA;-2,907937;-79,053517;1 DE SEPTIEMBRE Y CALLE SIN NOMBRE;ESTRELLAMIENTOS;PEATÓN TRANSITA BAJO INFLUENCIA DE ALCOHOL, SUSTANCIAS ESTUPEFACIENTES O PSICOTRÓPICAS Y/O MEDICAMENTOS.;NO IDENTIFICADO;0;0;SI;2024;8;9;4;VIERNES;4,466666666666667;4;MADRUGADA;0,8660254037844386;0,5000000000000001;-0,433883739117558;-0,9009688679024191;0
2024-08-10;02:05:00;CUENCA;CUENCA;URBANA;-2,890575;-78,990481;GIL RAMIREZ DVALOS Y SEVILLA;PÉRDIDA DE PISTA;CONDUCIR DESATENTO A LAS CONDICIONES DE TRÁNSITO (CELULAR, PANTALLAS DE VIDEO, COMIDA, MAQUILLAJE O CUALQUIER OTRO ELEMENTO DISTRACTOR).;MOTOCICLETA;1;0;SI;2024;8;10;5;SABADO;2,0833333333333335;2;MADRUGADA;0,49999999999999994;0,8660254037844387;-0,9749279121818236;-0,2225209339563146;1
2024-08-10;05:43:00;CUENCA;CUENCA;URBANA;-2,900216;-78,970973;RED ESTATAL E35 KM 700 Y VIA A MONAY BAGUANCHI -PACCHA;CHOQUE LATERAL;CONDUCIR DESATENTO A LAS CONDICIONES DE TRÁNSITO (CELULAR, PANTALLAS DE VIDEO, COMIDA, MAQUILLAJE O CUALQUIER OTRO ELEMENTO DISTRACTOR).;MOTOCICLETA;1;0;SI;2024;8;10;5;SABADO;5,716666666666667;5;MADRUGADA;0,9659258262890683;0,25881904510252074;-0,9749279121818236;-0,2225209339563146;1
2024-08-10;05:40:00;CUENCA;CUENCA;URBANA;-2,894808;-79,026938;VICTOR MANUEL ALBORNOZ Y RAMONA CORDERO Y LEON;CHOQUE FRONTAL;REALIZAR CAMBIO BRUSCO O INDEBIDO DE CARRIL.;ESPECIAL;1;0;SI;2024;8;10;5;SABADO;5,666666666666667;5;MADRUGADA;0,9659258262890683;0,25881904510252074;-0,9749279121818236;-0,2225209339563146;1
2024-08-10;15:41:00;CUENCA;CUENCA;URBANA;-2,875318;-79,001232;RAFAEL CARPIO ABAD Y DE LAS COCADAS;ESTRELLAMIENTOS;CONDUCE BAJO LA INFLUENCIA DE ALCOHOL, SUSTANCIAS ESTUPEFACIENTES O PSICOTRÓPICAS Y/O MEDICAMENTOS.;CAMIONETA;0;0;SI;2024;8;10;5;SABADO;15,683333333333334;15;TARDE;-0,7071067811865471;-0,7071067811865479;-0,9749279121818236;-0,2225209339563146;0
2024-08-11;03:40:00;CUENCA;CUENCA;URBANA;-2,913393;-79,030972;LOJA Y DON BOSCO;CHOQUE LATERAL;PEATÓN TRANSITA BAJO INFLUENCIA DE ALCOHOL, SUSTANCIAS ESTUPEFACIENTES O PSICOTRÓPICAS Y/O MEDICAMENTOS.;AUTOMÓVIL;1;0;SI;2024;8;11;6;DOMINGO;3,6666666666666665;3;MADRUGADA;0,7071067811865476;0,7071067811865476;-0,7818314824680299;0,6234898018587334;1
2024-08-10;14:24:00;CUENCA;VALLE;RURAL;-2,935451;-78,968455;VIA AL VALLE Y SIN NOMBRE;CHOQUE LATERAL;CONDUCE BAJO LA INFLUENCIA DE ALCOHOL, SUSTANCIAS ESTUPEFACIENTES O PSICOTRÓPICAS Y/O MEDICAMENTOS.;NO IDENTIFICADO;1;0;SI;2024;8;10;5;SABADO;14,4;14;TARDE;-0,4999999999999997;-0,8660254037844388;-0,9749279121818236;-0,2225209339563146;1
2024-08-11;16:54:00;CUENCA;SININCAY;RURAL;-2,860565;-79,011022;VIA AL CARMEN DE SININCAY Y NINGUNA;CHOQUE FRONTAL;PEATÓN TRANSITA BAJO INFLUENCIA DE ALCOHOL, SUSTANCIAS ESTUPEFACIENTES O PSICOTRÓPICAS Y/O MEDICAMENTOS.;VEHÍCULO DEPORTIVO UTILITARIO;1;0;SI;2024;8;11;6;DOMINGO;16,9;16;TARDE;-0,8660254037844385;-0,5000000000000004;-0,7818314824680299;0,6234898018587334;1
2024-08-11;20:25:00;CUENCA;CUENCA;URBANA;-2,918215;-79,034899;LOJA Y PUERTO D EPALOS;CHOQUE LATERAL;CONDUCIR DESATENTO A LAS CONDICIONES DE TRÁNSITO (CELULAR, PANTALLAS DE VIDEO, COMIDA, MAQUILLAJE O CUALQUIER OTRO ELEMENTO DISTRACTOR).;MOTOCICLETA;2;0;SI;2024;8;11;6;DOMINGO;20,416666666666668;20;NOCHE;-0,8660254037844386;0,5000000000000001;-0,7818314824680299;0,6234898018587334;2
2024-08-12;14:05:00;CUENCA;CUENCA;URBANA;-2,895579;-78,991533;HURTADO DE MENDOZA Y RIO PALORA;CHOQUE LATERAL;CONDUCIR DESATENTO A LAS CONDICIONES DE TRÁNSITO (CELULAR, PANTALLAS DE VIDEO, COMIDA, MAQUILLAJE O CUALQUIER OTRO ELEMENTO DISTRACTOR).;MOTOCICLETA;2;0;NO;2024;8;12;0;LUNES;14,083333333333334;14;TARDE;-0,4999999999999997;-0,8660254037844388;0,0;1,0;2
2024-08-12;19:42:00;CUENCA;VALLE;RURAL;-2,940035;-78,967119;VIA AL PARAISO-ENTRADA A LA VICTORIA;ESTRELLAMIENTOS;CONDUCE BAJO LA INFLUENCIA DE ALCOHOL, SUSTANCIAS ESTUPEFACIENTES O PSICOTRÓPICAS Y/O MEDICAMENTOS.;NO IDENTIFICADO;0;0;NO;2024;8;12;0;LUNES;19,7;19;NOCHE;-0,9659258262890684;0,2588190451025203;0,0;1,0;0
2024-08-11;16:10:00;CUENCA;CUENCA;URBANA;-2,919227;-78,993775;RED ESTATAL E35 KM703 AZOGUEZ-CUENCA Y ARISTOFANES;ESTRELLAMIENTOS;PEATÓN TRANSITA BAJO INFLUENCIA DE ALCOHOL, SUSTANCIAS ESTUPEFACIENTES O PSICOTRÓPICAS Y/O MEDICAMENTOS.;AUTOMÓVIL;0;0;SI;2024;8;11;6;DOMINGO;16,166666666666668;16;TARDE;-0,8660254037844385;-0,5000000000000004;-0,7818314824680299;0,6234898018587334;0
2024-08-11;04:40:00;CUENCA;MOLLETURO;RURAL;-2,771551;-79,397957;VIA A LA ENTRADA A MOLLETURO;VOLCAMIENTOS;CONDUCIR DESATENTO A LAS CONDICIONES DE TRÁNSITO (CELULAR, PANTALLAS DE VIDEO, COMIDA, MAQUILLAJE O CUALQUIER OTRO ELEMENTO DISTRACTOR).;CAMIÓN;1;0;SI;2024;8;11;6;DOMINGO;4,666666666666667;4;MADRUGADA;0,8660254037844386;0,5000000000000001;-0,7818314824680299;0,6234898018587334;1
2024-08-12;15:44:00;CUENCA;CUENCA;URBANA;-2,895145;-79,018736;12 DE ABRIL Y UNIDAD NACIONAL;CHOQUE POSTERIOR;CONDUCIR DESATENTO A LAS CONDICIONES DE TRÁNSITO (CELULAR, PANTALLAS DE VIDEO, COMIDA, MAQUILLAJE O CUALQUIER OTRO ELEMENTO DISTRACTOR).;AUTOMÓVIL;0;0;NO;2024;8;12;0;LUNES;15,733333333333333;15;TARDE;-0,7071067811865471;-0,7071067811865479;0,0;1,0;0
2024-08-14;10:19:00;CUENCA;CUENCA;URBANA;-2,915621;-79,032993;LOJA Y PABLO HILARIO CHICA Y ASTUDILLO;ATROPELLOS;CONDUCIR DESATENTO A LAS CONDICIONES DE TRÁNSITO (CELULAR, PANTALLAS DE VIDEO, COMIDA, MAQUILLAJE O CUALQUIER OTRO ELEMENTO DISTRACTOR).;CAMIONETA;1;0;NO;2024;8;14;2;MIERCOLES;10,316666666666666;10;MANANA;0,49999999999999994;-0,8660254037844387;0,9749279121818236;-0,22252093395631434;1
2024-08-14;10:32:00;CUENCA;CUENCA;URBANA;-2,880364;-78,979227;JUAN LAVALLE Y GENERAL MIRES;CHOQUE LATERAL;CONDUCIR DESATENTO A LAS CONDICIONES DE TRÁNSITO (CELULAR, PANTALLAS DE VIDEO, COMIDA, MAQUILLAJE O CUALQUIER OTRO ELEMENTO DISTRACTOR).;MOTOCICLETA;1;0;NO;2024;8;14;2;MIERCOLES;10,533333333333333;10;MANANA;0,49999999999999994;-0,8660254037844387;0,9749279121818236;-0,22252093395631434;1