FECHA;HORA;CANTON;PARROQUIA;ZONA;LATITUD_Y;LONGITUD_X;DIRECCION;TIPO_DE_SINIESTRO;CAUSA_PROBABLE;TIPO_DE_VEHICULO_1;LESIONADOS;FALLECIDOS;FERIADO;ANIO;MES;DIA;DIA_SEMANA;NOMBRE_DIA;HORA_DECIMAL;HORA_NUM;RANGO_HORARIO;HORA_SIN;HORA_COS;DIA_SIN;DIA_COS;TOTAL_VICTIMAS
2024-08-15;15:56:00;CUENCA;CUENCA;URBANA;-2,915723;-79,010041;PRIMERO DE MAYO Y DON BOSCO;CHOQUE LATERAL;NO RESPETAR LAS SEÑALES REGLAMENTARIAS DE TRÁNSITO. (PARE, CEDA EL PASO, LUZ ROJA DEL SEMAFORO, ETC).;AUTOMÓVIL;1;0;NO;2024;8;15;3;JUEVES;15,933333333333334;15;TARDE;-0,7071067811865471;-0,7071067811865479;0,43388373911755823;-0,900968867902419;1
2024-08-15;17:52:00;CUENCA;SANTA ANA;RURAL;-2,964084;-78,915975;VIA A SANTA ANA;CHOQUE FRONTAL;CONDUCIR DESATENTO A LAS CONDICIONES DE TRÁNSITO (CELULAR, PANTALLAS DE VIDEO, COMIDA, MAQUILLAJE O CUALQUIER OTRO ELEMENTO DISTRACTOR).;MOTOCICLETA;1;0;NO;2024;8;15;3;JUEVES;17,866666666666667;17;TARDE;-0,9659258262890683;-0,25881904510252063;0,43388373911755823;-0,900968867902419;1
2024-08-15;22:56:00;CUENCA;CUENCA;URBANA;-2,933911;-79,044668;PANAMERICANA SUR;CHOQUE FRONTAL;CONDUCIR DESATENTO A LAS CONDICIONES DE TRÁNSITO (CELULAR, PANTALLAS DE VIDEO, COMIDA, MAQUILLAJE O CUALQUIER OTRO ELEMENTO DISTRACTOR).;VEHÍCULO DEPORTIVO UTILITARIO;1;0;NO;2024;8;15;3;JUEVES;22,933333333333334;22;NOCHE;-0,5000000000000004;0,8660254037844384;0,43388373911755823;-0,900968867902419;1
2024-08-16;08:03:00;CUENCA;CUENCA;URBANA;-2,894872;-78,983873;PASEO DE LOS CAÑARIS Y AYAPUNGO;CHOQUE LATERAL;CONDUCE BAJO LA INFLUENCIA DE ALCOHOL, SUSTANCIAS ESTUPEFACIENTES O PSICOTRÓPICAS Y/O MEDICAMENTOS.;MOTOCICLETA;1;0;NO;2024;8;16;4;VIERNES;8,05;8;MANANA;0,8660254037844387;-0,4999999999999998;-0,433883739117558;-0,9009688679024191;1
2024-08-16;10:00:00;CUENCA;CUENCA;URBANA;-2,887425;-78,988797;ELIA LIUT Y CALLE VIEJA;ATROPELLOS;REALIZAR CAMBIO BRUSCO O INDEBIDO DE CARRIL.;BUS;1;0;NO;2024;8;16;4;VIERNES;10,0;10;MANANA;0,49999999999999994;-0,8660254037844387;-0,433883739117558;-0,9009688679024191;1
2024-08-16;14:58:00;CUENCA;CUENCA;URBANA;-2,886798;-79,009772;AV DEL CHOFER Y THOMAS EDISON;PÉRDIDA DE CARRIL;PEATÓN TRANSITA BAJO INFLUENCIA DE ALCOHOL, SUSTANCIAS ESTUPEFACIENTES O PSICOTRÓPICAS Y/O MEDICAMENTOS.;VEHÍCULO DEPORTIVO UTILITARIO;2;0;NO;2024;8;16;4;VIERNES;14,966666666666667;14;TARDE;-0,4999999999999997;-0,8660254037844388;-0,433883739117558;-0,9009688679024191;2
2024-08-17;10:55:00;CUENCA;CUENCA;URBANA;-2,904789;-79,025023;10 DE AGOSTO Y LOJA;CHOQUE POSTERIOR;NO MANTENER LA DISTANCIA PRUDENCIAL CON RESPECTO AL VEHÍCULO QUE LE ANTECEDE.;VEHÍCULO DEPORTIVO UTILITARIO;1;0;NO;2024;8;17;5;SABADO;10,916666666666666;10;MANANA;0,49999999999999994;-0,8660254037844387;-0,9749279121818236;-0,2225209339563146;1
2024-08-17;02:48:00;CUENCA;CUENCA;URBANA;-2,910537;-78,995621;12 DE ABRIL Y HUAYNA CAPAC;ESTRELLAMIENTOS;PEATÓN TRANSITA BAJO INFLUENCIA DE ALCOHOL, SUSTANCIAS ESTUPEFACIENTES O PSICOTRÓPICAS Y/O MEDICAMENTOS.;AUTOMÓVIL;0;0;NO;2024;8;17;5;SABADO;2,8;2;MADRUGADA;0,49999999999999994;0,8660254037844387;-0,9749279121818236;-0,2225209339563146;0
2024-08-15;21:30:00;CUENCA;CUENCA;URBANA;-2,889081;-78,998871;HEROES DE VERDELOMA Y CORONEL FRANCISCO CALDERON;CHOQUE POSTERIOR;PEATÓN TRANSITA BAJO INFLUENCIA DE ALCOHOL, SUSTANCIAS ESTUPEFACIENTES O PSICOTRÓPICAS Y/O MEDICAMENTOS.;VEHÍCULO DEPORTIVO UTILITARIO;0;0;NO;2024;8;15;3;JUEVES;21,5;21;NOCHE;-0,7071067811865477;0,7071067811865474;0,43388373911755823;-0,900968867902419;0
2024-08-06;19:53:00;CUENCA;BAÑOS (CUENCA);RURAL;-2,910631;-79,068438;1 DE SEPTIEMBRE;CAÍDA DE PASAJERO;CONDUCE BAJO LA INFLUENCIA DE ALCOHOL, SUSTANCIAS ESTUPEFACIENTES O PSICOTRÓPICAS Y/O MEDICAMENTOS.;BUS;1;0;NO;2024;8;6;1;MARTES;19,883333333333333;19;NOCHE;-0,9659258262890684;0,2588190451025203;0,7818314824680298;0,6234898018587336;1
2024-08-06;20:33:00;CUENCA;CUENCA;URBANA;-2,892315;-79,006019;ANTONIO VEGA MUÑOZ Y GENERAL TORRES;CHOQUE LATERAL;CONDUCIR DESATENTO A LAS CONDICIONES DE TRÁNSITO (CELULAR, PANTALLAS DE VIDEO, COMIDA, MAQUILLAJE O CUALQUIER OTRO ELEMENTO DISTRACTOR).;MOTOCICLETA;2;0;NO;2024;8;6;1;MARTES;20,55;20;NOCHE;-0,8660254037844386;0,5000000000000001;0,7818314824680298;0,6234898018587336;2
2024-08-07;00:14:00;CUENCA;CUENCA;URBANA;-2,912139;-78,984205;RED ESTATAL E 35 KM 702;PÉRDIDA DE PISTA;PEATÓN TRANSITA BAJO INFLUENCIA DE ALCOHOL, SUSTANCIAS ESTUPEFACIENTES O PSICOTRÓPICAS Y/O MEDICAMENTOS.;MOTOCICLETA;1;1;NO;2024;8;7;2;MIERCOLES;0,23333333333333334;0;MADRUGADA;0,0;1,0;0,9749279121818236;-0,22252093395631434;2
2024-08-22;19:52:00;CUENCA;CUENCA;URBANA;-2,892879;-78,978245;NAMANGOZA Y SARA URCO;CHOQUE LATERAL;NO RESPETAR LAS SEÑALES REGLAMENTARIAS DE TRÁNSITO. (PARE, CEDA EL PASO, LUZ ROJA DEL SEMAFORO, ETC).;MOTOCICLETA;0;1;NO;2024;8;22;3;JUEVES;19,866666666666667;19;NOCHE;-0,9659258262890684;0,2588190451025203;0,43388373911755823;-0,900968867902419;1
2024-08-18;16:41:00;CUENCA;CUENCA;URBANA;-2,871834;-78,938029;RED ESTATAL E35 KM 695 Y SN;CHOQUE POSTERIOR;NO MANTENER LA DISTANCIA PRUDENCIAL CON RESPECTO AL VEHÍCULO QUE LE ANTECEDE.;MOTOCICLETA;1;0;NO;2024;8;18;6;DOMINGO;16,683333333333334;16;TARDE;-0,8660254037844385;-0,5000000000000004;-0,7818314824680299;0,6234898018587334;1
2024-08-19;19:09:00;CUENCA;CUENCA;URBANA;-2,884561;-79,015169;ABELARDO J ANDRADE Y ESCUELA PARTICULAR CARLOS CRESPI;ATROPELLOS;CONDUCIR DESATENTO A LAS CONDICIONES DE TRÁNSITO (CELULAR, PANTALLAS DE VIDEO, COMIDA, MAQUILLAJE O CUALQUIER OTRO ELEMENTO DISTRACTOR).;MOTOCICLETA;2;0;NO;2024;8;19;0;LUNES;19,15;19;NOCHE;-0,9659258262890684;0,2588190451025203;0,0;1,0;2
2024-08-18;01:24:00;CUENCA;CUENCA;URBANA;-2,909434;-79,034741;AV AMERICAS Y LUIS MOSCOSO;CHOQUE LATERAL;CONDUCE BAJO LA INFLUENCIA DE ALCOHOL, SUSTANCIAS ESTUPEFACIENTES O PSICOTRÓPICAS Y/O MEDICAMENTOS.;AUTOMÓVIL;0;0;NO;2024;8;18;6;DOMINGO;1,4;1;MADRUGADA;0,25881904510252074;0,9659258262890683;-0,7818314824680299;0,6234898018587334;0
2024-08-19;01:27:00;CUENCA;PACCHA (CUENCA);RURAL;-2,889981;-78,928931;VIA PACCHA-NULTI Y INGRESO A LAGUNA QUINTUÑA;CHOQUE FRONTAL;CONDUCE BAJO LA INFLUENCIA DE ALCOHOL, SUSTANCIAS ESTUPEFACIENTES O PSICOTRÓPICAS Y/O MEDICAMENTOS.;VEHÍCULO DEPORTIVO UTILITARIO;0;0;NO;2024;8;19;0;LUNES;1,45;1;MADRUGADA;0,25881904510252074;0,9659258262890683;0,0;1,0;0
2024-08-22;13:29:00;CUENCA;CUENCA;URBANA;-2,922374;-79,038457;AV AMERICAS Y LOJA;ATROPELLOS;CONDUCIR DESATENTO A LAS CONDICIONES DE TRÁNSITO (CELULAR, PANTALLAS DE VIDEO, COMIDA, MAQUILLAJE O CUALQUIER OTRO ELEMENTO DISTRACTOR).;NO IDENTIFICADO;1;0;NO;2024;8;22;3;JUEVES;13,483333333333333;13;TARDE;-0,2588190451025208;-0,9659258262890683;0,43388373911755823;-0,900968867902419;1
2024-08-22;19:34:00;CUENCA;CUENCA;URBANA;-2,916641;-79,001253;FRANCISCO MOSCOSO Y JACINTO FLORES;PÉRDIDA DE PISTA;CONDUCIR DESATENTO A LAS CONDICIONES DE TRÁNSITO (CELULAR, PANTALLAS DE VIDEO, COMIDA, MAQUILLAJE O CUALQUIER OTRO ELEMENTO DISTRACTOR).;MOTOCICLETA;1;0;NO;2024;8;22;3;JUEVES;19,566666666666666;19;NOCHE;-0,9659258262890684;0,2588190451025203;0,43388373911755823;-0,900968867902419;1
2024-08-22;21:11:00;CUENCA;CUENCA;URBANA;-2,917711;-78,998684;24 DE MAYO Y LAS GARZAS;PÉRDIDA DE CARRIL;CONDUCIR VEHÍCULO SUPERANDO LOS LÍMITES MÁXIMOS DE VELOCIDAD.;VEHÍCULO DEPORTIVO UTILITARIO;0;0;NO;2024;8;22;3;JUEVES;21,183333333333334;21;NOCHE;-0,7071067811865477;0,7071067811865474;0,43388373911755823;-0,900968867902419;0
2024-08-22;18:02:00;CUENCA;CUENCA;URBANA;-2,886253;-78,974732;CAJAS Y DE LOS COLORADOS;ESTRELLAMIENTOS;CONDUCE BAJO LA INFLUENCIA DE ALCOHOL, SUSTANCIAS ESTUPEFACIENTES O PSICOTRÓPICAS Y/O MEDICAMENTOS.;MOTOCICLETA;0;0;NO;2024;8;22;3;JUEVES;18,033333333333335;18;NOCHE;-1,0;-1,8369701987210297e-16;0,43388373911755823;-0,900968867902419;0
2024-08-24;13:21:00;CUENCA;SAN JOAQUIN;RURAL;-2,932282;-79,190652;VIA A SOLDADOS (SECTOR AGUAS TERMALES) Y SN;PÉRDIDA DE PISTA;CONDUCE BAJO LA INFLUENCIA DE ALCOHOL, SUSTANCIAS ESTUPEFACIENTES O PSICOTRÓPICAS Y/O MEDICAMENTOS.;FURGONETA;3;0;NO;2024;8;24;5;SABADO;13,35;13;TARDE;-0,2588190451025208;-0,9659258262890683;-0,9749279121818236;-0,2225209339563146;3
2024-08-24;11:36:00;CUENCA;CUENCA;URBANA;-2,897574;-79,029368;CARLOS ARIZAGA VEGA Y ROBERTO CRESPO;ATROPELLOS;CONDUCIR DESATENTO A LAS CONDICIONES DE TRÁNSITO (CELULAR, PANTALLAS DE VIDEO, COMIDA, MAQUILLAJE O CUALQUIER OTRO ELEMENTO DISTRACTOR).;NO IDENTIFICADO;1;0;NO;2024;8;24;5;SABADO;11,6;11;MANANA;0,258819045102521;-0,9659258262890682;-0,9749279121818236;-0,2225209339563146;1
2024-08-27;16:21:00;CUENCA;TURI;RURAL;-2,922811;-79,006361;CAMINO A TURI Y VIA A ICTOCRUZ;CHOQUE LATERAL;NO CEDER EL DERECHO DE VÍA O PREFERENCIA DE PASO A VEHÍCULOS.;MOTOCICLETA;1;0;NO;2024;8;27;1;MARTES;16,35;16;TARDE;-0,8660254037844385;-0,5000000000000004;0,7818314824680298;0,6234898018587336;1
2024-08-27;16:46:00;CUENCA;CUENCA;URBANA;-2,888207;-78,992665;ARMENILLAS Y DEL OBRERO;CHOQUE LATERAL;PEATÓN TRANSITA BAJO INFLUENCIA DE ALCOHOL, SUSTANCIAS ESTUPEFACIENTES O PSICOTRÓPICAS Y/O MEDICAMENTOS.;MOTOCICLETA;1;0;NO;2024;8;27;1;MARTES;16,766666666666666;16;TARDE;-0,8660254037844385;-0,5000000000000004;0,7818314824680298;0,6234898018587336;1
2024-08-28;06:08:00;CUENCA;CUENCA;URBANA;-2,881408;-78,975254;AVENIDA DE LAS AMERICAS Y OCTAVIO CHACON MOSCOSO;ESTRELLAMIENTOS;CONDUCE BAJO LA INFLUENCIA DE ALCOHOL, SUSTANCIAS ESTUPEFACIENTES O PSICOTRÓPICAS Y/O MEDICAMENTOS.;AUTOMÓVIL;0;0;NO;2024;8;28;2;MIERCOLES;6,133333333333334;6;MANANA;1,0;6,123233995736766e-17;0,9749279121818236;-0,22252093395631434;0
2024-08-28;11:34:00;CUENCA;CUENCA;URBANA;-2,913307;-79,013056;PRIMERO DE MAYO Y CARLOS QUINTO;CHOQUE LATERAL;CONDUCE BAJO LA INFLUENCIA DE ALCOHOL, SUSTANCIAS ESTUPEFACIENTES O PSICOTRÓPICAS Y/O MEDICAMENTOS.;MOTOCICLETA;1;0;NO;2024;8;28;2;MIERCOLES;11,566666666666666;11;MANANA;0,258819045102521;-0,9659258262890682;0,9749279121818236;-0,22252093395631434;1
2024-08-28;13:13:00;CUENCA;BAÑOS (CUENCA);RURAL;-2,919908;-79,063942;DE LOS HERVIDEROS;ROZAMIENTOS;CONDUCE BAJO LA INFLUENCIA DE ALCOHOL, SUSTANCIAS ESTUPEFACIENTES O PSICOTRÓPICAS Y/O MEDICAMENTOS.;AUTOMÓVIL;2;0;NO;2024;8;28;2;MIERCOLES;13,216666666666667;13;TARDE;-0,2588190451025208;-0,9659258262890683;0,9749279121818236;-0,22252093395631434;2
2024-08-28;14:49:00;CUENCA;CUENCA;URBANA;-2,879667;-78,981968;AV DE LAS AMÉRICAS  Y JUAN IGNACIO GÓMEZ DE ARCE;COLISIÓN;NO MANTENER LA DISTANCIA PRUDENCIAL CON RESPECTO AL VEHÍCULO QUE LE ANTECEDE.;CAMIONETA;0;0;NO;2024;8;28;2;MIERCOLES;14,816666666666666;14;TARDE;-0,4999999999999997;-0,8660254037844388;0,9749279121818236;-0,22252093395631434;0
2024-08-30;15:13:00;CUENCA;CUENCA;URBANA;-2,854213;-78,914861;RED ESTATAL E35 KM 691 Y CULTURA PIRINCAY;ROZAMIENTOS;CONDUCIR DESATENTO A LAS CONDICIONES DE TRÁNSITO (CELULAR, PANTALLAS DE VIDEO, COMIDA, MAQUILLAJE O CUALQUIER OTRO ELEMENTO DISTRACTOR).;MOTOCICLETA;1;0;NO;2024;8;30;4;VIERNES;15,216666666666667;15;TARDE;-0,7071067811865471;-0,7071067811865479;-0,433883739117558;-0,9009688679024191;1
2024-08-28;15:09:00;CUENCA;CUENCA;URBANA;-2,912423;-79,033661;DON BOSCO Y FRAY GASPAR DE CARVAJAL;CHOQUE LATERAL;NO RESPETAR LAS SEÑALES REGLAMENTARIAS DE TRÁNSITO. (PARE, CEDA EL PASO, LUZ ROJA DEL SEMAFORO, ETC).;MOTOCICLETA;2;0;NO;2024;8;28;2;MIERCOLES;15,15;15;TARDE;-0,7071067811865471;-0,7071067811865479;0,9749279121818236;-0,22252093395631434;2
2024-08-28;21:02:00;CUENCA;CUENCA;URBANA;-2,882076;-79,051678;DEL TEJAR Y DEL ARRIERO;ESTRELLAMIENTOS;CONDUCIR DESATENTO A LAS CONDICIONES DE TRÁNSITO (CELULAR, PANTALLAS DE VIDEO, COMIDA, MAQUILLAJE O CUALQUIER OTRO ELEMENTO DISTRACTOR).;VEHÍCULO DEPORTIVO UTILITARIO;0;0;NO;2024;8;28;2;MIERCOLES;21,033333333333335;21;NOCHE;-0,7071067811865477;0,7071067811865474;0,9749279121818236;-0,22252093395631434;0
2024-08-28;20:05:00;CUENCA;CUENCA;URBANA;-2,902568;-79,032633;DANIEL FERNÁNDEZ DE CORDOVA Y MIGUEL ALBERTO TORAL;ARROLLAMIENTOS;PEATÓN TRANSITA BAJO INFLUENCIA DE ALCOHOL, SUSTANCIAS ESTUPEFACIENTES O PSICOTRÓPICAS Y/O MEDICAMENTOS.;CAMIÓN;1;0;NO;2024;8;28;2;MIERCOLES;20,083333333333332;20;NOCHE;-0,8660254037844386;0,5000000000000001;0,9749279121818236;-0,22252093395631434;1
2024-08-30;09:10:00;CUENCA;CUENCA;URBANA;-2,907232;-79,026439;PRIMERO DE MAYO Y LOJA;CHOQUE LATERAL;NO RESPETAR LAS SEÑALES REGLAMENTARIAS DE TRÁNSITO. (PARE, CEDA EL PASO, LUZ ROJA DEL SEMAFORO, ETC).;BICICLETA;1;0;NO;2024;8;30;4;VIERNES;9,166666666666666;9;MANANA;0,7071067811865476;-0,7071067811865475;-0,433883739117558;-0,9009688679024191;1
2024-08-30;08:21:00;CUENCA;CUENCA;URBANA;-2,888721;-79,020925;AV DE LAS AMERICAS Y CAYAMBE;CHOQUE LATERAL;CONDUCIR DESATENTO A LAS CONDICIONES DE TRÁNSITO (CELULAR, PANTALLAS DE VIDEO, COMIDA, MAQUILLAJE O CUALQUIER OTRO ELEMENTO DISTRACTOR).;CAMIONETA;0;0;NO;2024;8;30;4;VIERNES;8,35;8;MANANA;0,8660254037844387;-0,4999999999999998;-0,433883739117558;-0,9009688679024191;0
2024-08-25;05:35:00;CUENCA;SININCAY;RURAL;-2,861478;-79,008844;VÍA A SININCAY;PÉRDIDA DE PISTA;CONDUCE BAJO LA INFLUENCIA DE ALCOHOL, SUSTANCIAS ESTUPEFACIENTES O PSICOTRÓPICAS Y/O MEDICAMENTOS.;AUTOMÓVIL;1;0;NO;2024;8;25;6;DOMINGO;5,583333333333333;5;MADRUGADA;0,9659258262890683;0,25881904510252074;-0,7818314824680299;0,6234898018587334;1
2024-08-25;12:05:00;CUENCA;TURI;RURAL;-2,956424;-79,022944;LA VIA SUBIDA CORAZÓN JESUS Y SIN NOMBRE;PÉRDIDA DE PISTA;MALAS CONDICIONES DE LA VÍA Y/O CONFIGURACIÓN. (ILUMINACIÓN Y DISEÑO).;VEHÍCULO DEPORTIVO UTILITARIO;1;0;NO;2024;8;25;6;DOMINGO;12,083333333333334;12;TARDE;1,2246467991473532e-16;-1,0;-0,7818314824680299;0,6234898018587334;1
2024-08-26;01:04:00;CUENCA;CUENCA;URBANA;-2,867715;-78,983743;CAMINO A PATAMARCA Y DE LOS CHASQUIS;PÉRDIDA DE PISTA;CONDUCE BAJO LA INFLUENCIA DE ALCOHOL, SUSTANCIAS ESTUPEFACIENTES O PSICOTRÓPICAS Y/O MEDICAMENTOS.;AUTOMÓVIL;0;0;NO;2024;8;26;0;LUNES;1,0666666666666667;1;MADRUGADA;0,25881904510252074;0,9659258262890683;0,0;1,0;0
2024-08-25;18:57:00;CUENCA;CUENCA;URBANA;-2,884012;-78,981012;ESPAÑA Y GIL RAMIREZ DAVALOS;CHOQUE LATERAL;NO RESPETAR LAS SEÑALES REGLAMENTARIAS DE TRÁNSITO. (PARE, CEDA EL PASO, LUZ ROJA DEL SEMAFORO, ETC).;VEHÍCULO DEPORTIVO UTILITARIO;5;0;NO;2024;8;25;6;DOMINGO;18,95;18;NOCHE;-1,0;-1,8369701987210297e-16;-0,7818314824680299;0,6234898018587334;5
2024-08-25;20:29:00;CUENCA;BAÑOS (CUENCA);RURAL;-2,922276;-79,066334;RICARDO DURAN Y ALFONSO CARRION;ESTRELLAMIENTOS;CONDUCIR DESATENTO A LAS CONDICIONES DE TRÁNSITO (CELULAR, PANTALLAS DE VIDEO, COMIDA, MAQUILLAJE O CUALQUIER OTRO ELEMENTO DISTRACTOR).;BUS;0;0;NO;2024;8;25;6;DOMINGO;20,483333333333334;20;NOCHE;-0,8660254037844386;0,5000000000000001;-0,7818314824680299;0,6234898018587334;0
2024-08-30;19:04:00;CUENCA;CUENCA;URBANA;-2,912648;-79,002107;10 DE AGOSTO Y JACINTO FLORES;ATROPELLOS;NO CEDER EL DERECHO DE VÍA O PREFERENCIA DE PASO AL PEATÓN.;NO IDENTIFICADO;1;0;NO;2024;8;30;4;VIERNES;19,066666666666666;19;NOCHE;-0,9659258262890684;0,2588190451025203;-0,433883739117558;-0,9009688679024191;1
2024-08-31;14:14:00;CUENCA;CUENCA;URBANA;-2,915348;-79,025721;DON BOSCO Y BARTOLOME RUIZ;CHOQUE POSTERIOR;CONDUCE BAJO LA INFLUENCIA DE ALCOHOL, SUSTANCIAS ESTUPEFACIENTES O PSICOTRÓPICAS Y/O MEDICAMENTOS.;MOTOCICLETA;1;0;NO;2024;8;31;5;SABADO;14,233333333333333;14;TARDE;-0,4999999999999997;-0,8660254037844388;-0,9749279121818236;-0,2225209339563146;1
2024-08-30;18:02:00;CUENCA;CUENCA;URBANA;-2,874133;-79,037007;DE LOS CEREZOS Y DE LA COLINA;ESTRELLAMIENTOS;CONDUCIR DESATENTO A LAS CONDICIONES DE TRÁNSITO (CELULAR, PANTALLAS DE VIDEO, COMIDA, MAQUILLAJE O CUALQUIER OTRO ELEMENTO DISTRACTOR).;FURGONETA;1;0;NO;2024;8;30;4;VIERNES;18,033333333333335;18;NOCHE;-1,0;-1,8369701987210297e-16;-0,433883739117558;-0,9009688679024191;1
2024-08-22;22:21:00;CUENCA;CUENCA;URBANA;-2,896672;-78,974404;LOS ANDES Y GONZÁLEZ SUÁREZ;PÉRDIDA DE PISTA;CONDUCE BAJO LA INFLUENCIA DE ALCOHOL, SUSTANCIAS ESTUPEFACIENTES O PSICOTRÓPICAS Y/O MEDICAMENTOS.;NO IDENTIFICADO;1;0;NO;2024;8;22;3;JUEVES;22,35;22;NOCHE;-0,5000000000000004;0,8660254037844384;0,43388373911755823;-0,900968867902419;1
2024-08-16;14:54:00;CUENCA;CUENCA;URBANA;-2,909712;-78,982113;MAX UHLE Y RED ESTATAL E35 KM 701;CHOQUE POSTERIOR;NO MANTENER LA DISTANCIA PRUDENCIAL CON RESPECTO AL VEHÍCULO QUE LE ANTECEDE.;VEHÍCULO DEPORTIVO UTILITARIO;0;0;NO;2024;8;16;4;VIERNES;14,9;14;TARDE;-0,4999999999999997;-0,8660254037844388;-0,433883739117558;-0,9009688679024191;0
2024-08-16;21:22:00;CUENCA;VALLE;RURAL;-2,922983;-78,978589;VIA AL VALLE Y VIA A SAN ANTONIO DE GAPAL;CHOQUE LATERAL;REALIZAR CAMBIO BRUSCO O INDEBIDO DE CARRIL.;CAMIONETA;0;0;NO;2024;8;16;4;VIERNES;21,366666666666667;21;NOCHE;-0,7071067811865477;0,7071067811865474;-0,433883739117558;-0,9009688679024191;0
2024-09-01;09:45:00;CUENCA;LLACAO;RURAL;-2,840751;-78,881278;RED VIAL E 40 KM 0+250;CHOQUE FRONTAL;CONDUCIR EN SENTIDO CONTRARIO A LA VÍA NORMAL DE CIRCULACIÓN.;CAMIONETA;1;0;NO;2024;9;1;6;DOMINGO;9,75;9;MANANA;0,7071067811865476;-0,7071067811865475;-0,7818314824680299;0,6234898018587334;1
2024-09-02;11:34:00;CUENCA;MOLLETURO;RURAL;-2,804194;-79,338417;E-582 KM 51 SENTIDO MOLLETURO-CUENCA;OTROS;CASO FORTUITO O FUERZA MAYOR (EXPLOSIÓN DE NEUMÁTICO NUEVO, DERRUMBE, INUNDACIÓN, CAÍDA DE PUENTE, ÁRBOL, PRESENCIA INTEMPESTIVA E IMPREVISTA DE SEMOVIENTES EN LA VÍA, ETC.).;CAMIÓN;0;0;NO;2024;9;2;0;LUNES;11,566666666666666;11;MANANA;0,258819045102521;-0,9659258262890682;0,0;1,0;0
2024-09-04;00:58:00;CUENCA;MOLLETURO;RURAL;-2,625306;-79,459417;RED VIAL E-582 KM 104 APROX.;PÉRDIDA DE CARRIL;CONDUCIR DESATENTO A LAS CONDICIONES DE TRÁNSITO (CELULAR, PANTALLAS DE VIDEO, COMIDA, MAQUILLAJE O CUALQUIER OTRO ELEMENTO DISTRACTOR).;VEHÍCULO DEPORTIVO UTILITARIO;0;0;NO;2024;9;4;2;MIERCOLES;0,9666666666666667;0;MADRUGADA;0,0;1,0;0,9749279121818236;-0,22252093395631434;0
2024-09-04;05:30:00;CUENCA;SAYAUSI;RURAL;-2,784583;-79,192889;RED VIAL E 582 KM 25;ESTRELLAMIENTOS;CONDUCIR DESATENTO A LAS CONDICIONES DE TRÁNSITO (CELULAR, PANTALLAS DE VIDEO, COMIDA, MAQUILLAJE O CUALQUIER OTRO ELEMENTO DISTRACTOR).;CAMIONETA;0;0;NO;2024;9;4;2;MIERCOLES;5,5;5;MADRUGADA;0,9659258262890683;0,25881904510252074;0,9749279121818236;-0,22252093395631434;0
2024-09-04;22:38:00;CUENCA;BAÑOS (CUENCA);RURAL;-2,948889;-79,047139;RED VIAL E 35 KM 2;CHOQUE POSTERIOR;NO MANTENER LA DISTANCIA PRUDENCIAL CON RESPECTO AL VEHÍCULO QUE LE ANTECEDE.;MOTOCICLETA;1;0;NO;2024;9;4;2;MIERCOLES;22,633333333333333;22;NOCHE;-0,5000000000000004;0,8660254037844384;0,9749279121818236;-0,22252093395631434;1
2024-09-08;05:10:00;CUENCA;TARQUI (CUENCA);RURAL;-3,015029;-79,039354;SE  ENCUENTRA UBICADO EN LA RED VIAL E-35 SENTIDO T DE TARQUI  -  CUENCA KM 10+800 APROXIMADAMENTE COMO   REFERENCIA A 100 METROS DEL INGRESO A TARQUI;CHOQUE FRONTAL;CONDUCIR EN SENTIDO CONTRARIO A LA VÍA NORMAL DE CIRCULACIÓN.;MOTOCICLETA;1;0;NO;2024;9;8;6;DOMINGO;5,166666666666667;5;MADRUGADA;0,9659258262890683;0,25881904510252074;-0,7818314824680299;0,6234898018587334;1
2024-09-16;22:34:00;CUENCA;SAYAUSI;RURAL;-2,810306;-79,153111;RED VIAL E 582 KM 18 APROXIMADAMENTE.;PÉRDIDA DE CARRIL;CONDUCIR DESATENTO A LAS CONDICIONES DE TRÁNSITO (CELULAR, PANTALLAS DE VIDEO, COMIDA, MAQUILLAJE O CUALQUIER OTRO ELEMENTO DISTRACTOR).;CAMIONETA;2;0;NO;2024;9;16;0;LUNES;22,566666666666666;22;NOCHE;-0,5000000000000004;0,8660254037844384;0,0;1,0;2
2024-09-21;06:10:00;CUENCA;TARQUI (CUENCA);RURAL;-2,976649;-79,047727;SE  ENCUENTRA UBICADO EN LA RED VIAL E-35   SENTIDO  T DE TARQUI  -  CUENCA, CARRIL DERECHO ÚNICO DE CIRCULACIÓN  Y AL LLEGAR AL KM  4 APROXIMADAMENTE.;CHOQUE FRONTAL;CONDUCIR EN SENTIDO CONTRARIO A LA VÍA NORMAL DE CIRCULACIÓN.;NO IDENTIFICADO;1;0;NO;2024;9;21;5;SABADO;6,166666666666667;6;MANANA;1,0;6,123233995736766e-17;-0,9749279121818236;-0,2225209339563146;1