FECHA;HORA;CANTON;PARROQUIA;ZONA;LATITUD_Y;LONGITUD_X;DIRECCION;TIPO_DE_SINIESTRO;CAUSA_PROBABLE;TIPO_DE_VEHICULO_1;LESIONADOS;FALLECIDOS;FERIADO;ANIO;MES;DIA;DIA_SEMANA;NOMBRE_DIA;HORA_DECIMAL;HORA_NUM;RANGO_HORARIO;HORA_SIN;HORA_COS;DIA_SIN;DIA_COS;TOTAL_VICTIMAS
2024-09-23;11:30:00;CUENCA;CUMBE;RURAL;-3,103056;-79,008889;SE  ENCUENTRA UBICADO EN LA RED VIAL E-35   SENTIDO  LOJA  -  CUENCA, CARRIL DERECHO ÚNICO DE CIRCULACIÓN  Y AL LLEGAR AL KM 9+80 APROXIMADAMENTE;PÉRDIDA DE CARRIL;CONDUCIR DESATENTO A LAS CONDICIONES DE TRÁNSITO (CELULAR, PANTALLAS DE VIDEO, COMIDA, MAQUILLAJE O CUALQUIER OTRO ELEMENTO DISTRACTOR).;CAMIÓN;1;0;NO;2024;9;23;0;LUNES;11,5;11;MANANA;0,258819045102521;-0,9659258262890682;0,0;1,0;1
2024-09-23;14:00:00;CUENCA;MOLLETURO;RURAL;-2,675605;-79,464662;SE ENCUENTRA UBICADO EN LA RED VIAL E-582 SENTIDO CUENCA  - GUAYAQUIL, CARRIL DERECHO ÚNICO DE CIRCULACIÓN Y AL LLEGAR AL KM 84+020 APROXIMADAMENTE A 150 METROS DEL POSTE Nº221702;PÉRDIDA DE CARRIL;CONDUCIR DESATENTO A LAS CONDICIONES DE TRÁNSITO (CELULAR, PANTALLAS DE VIDEO, COMIDA, MAQUILLAJE O CUALQUIER OTRO ELEMENTO DISTRACTOR).;VEHÍCULO DEPORTIVO UTILITARIO;1;0;NO;2024;9;23;0;LUNES;14,0;14;TARDE;-0,4999999999999997;-0,8660254037844388;0,0;1,0;1
2024-09-29;23:01:00;CUENCA;VICTORIA DEL PORTETE;RURAL;-3,053611;-79,047222;RED VIAL E 35 KM 0+080;PÉRDIDA DE CARRIL;CONDUCIR DESATENTO A LAS CONDICIONES DE TRÁNSITO (CELULAR, PANTALLAS DE VIDEO, COMIDA, MAQUILLAJE O CUALQUIER OTRO ELEMENTO DISTRACTOR).;VEHÍCULO DEPORTIVO UTILITARIO;0;0;NO;2024;9;29;6;DOMINGO;23,016666666666666;23;NOCHE;-0,25881904510252157;0,9659258262890681;-0,7818314824680299;0,6234898018587334;0
2024-09-30;12:58:00;CUENCA;SAYAUSI;RURAL;-2,839694;-79,125528;RED VIAL E 582 KM 13+890;ATROPELLOS;CONDUCIR DESATENTO A LAS CONDICIONES DE TRÁNSITO (CELULAR, PANTALLAS DE VIDEO, COMIDA, MAQUILLAJE O CUALQUIER OTRO ELEMENTO DISTRACTOR).;CAMIONETA;1;0;NO;2024;9;30;0;LUNES;12,966666666666667;12;TARDE;1,2246467991473532e-16;-1,0;0,0;1,0;1
2024-09-01;03:45:00;CUENCA;CHIQUINTAD;RURAL;-2,818672;-78,992601;VÍA A CHIQUINTAD Y SN;PÉRDIDA DE PISTA;CONDUCIR DESATENTO A LAS CONDICIONES DE TRÁNSITO (CELULAR, PANTALLAS DE VIDEO, COMIDA, MAQUILLAJE O CUALQUIER OTRO ELEMENTO DISTRACTOR).;NO IDENTIFICADO;1;0;NO;2024;9;1;6;DOMINGO;3,75;3;MADRUGADA;0,7071067811865476;0,7071067811865476;-0,7818314824680299;0,6234898018587334;1
2024-09-01;08:54:00;CUENCA;RICAURTE (CUENCA);RURAL;-2,864366;-78,959904;VICENTE PACHECO Y SN;ESTRELLAMIENTOS;CONDUCIR DESATENTO A LAS CONDICIONES DE TRÁNSITO (CELULAR, PANTALLAS DE VIDEO, COMIDA, MAQUILLAJE O CUALQUIER OTRO ELEMENTO DISTRACTOR).;CAMIONETA;0;1;NO;2024;9;1;6;DOMINGO;8,9;8;MANANA;0,8660254037844387;-0,4999999999999998;-0,7818314824680299;0,6234898018587334;1
2024-09-02;11:54:00;CUENCA;CUENCA;URBANA;-2,903215;-79,030846;AV. DE LAS AMÉRICAS Y LAS ANTILLAS;ATROPELLOS;NO TRANSITAR POR LAS ACERAS O ZONAS DE SEGURIDAD DESTINADAS PARA EL EFECTO.;ESPECIAL;1;0;NO;2024;9;2;0;LUNES;11,9;11;MANANA;0,258819045102521;-0,9659258262890682;0,0;1,0;1
2024-09-02;16:24:00;CUENCA;CUENCA;URBANA;-2,888732;-79,016664;AV AMERICAS Y DANIEL ALVARADO;CHOQUE POSTERIOR;CONDUCIR DESATENTO A LAS CONDICIONES DE TRÁNSITO (CELULAR, PANTALLAS DE VIDEO, COMIDA, MAQUILLAJE O CUALQUIER OTRO ELEMENTO DISTRACTOR).;AUTOMÓVIL;0;0;NO;2024;9;2;0;LUNES;16,4;16;TARDE;-0,8660254037844385;-0,5000000000000004;0,0;1,0;0
2024-09-02;19:15:00;CUENCA;CUENCA;URBANA;-2,882221;-78,987059;AV. DE LAS AMÉRICAS OBISPO MIGUEL LEÓN;ESTRELLAMIENTOS;CONDUCIR DESATENTO A LAS CONDICIONES DE TRÁNSITO (CELULAR, PANTALLAS DE VIDEO, COMIDA, MAQUILLAJE O CUALQUIER OTRO ELEMENTO DISTRACTOR).;CAMIONETA;0;0;NO;2024;9;2;0;LUNES;19,25;19;NOCHE;-0,9659258262890684;0,2588190451025203;0,0;1,0;0
2024-09-02;19:30:00;CUENCA;CUENCA;URBANA;-2,889657;-78,998138;HEROES DE VERDELOMA Y TOMAS ORDOÑEZ;PÉRDIDA DE PISTA;CONDUCE BAJO LA INFLUENCIA DE ALCOHOL, SUSTANCIAS ESTUPEFACIENTES O PSICOTRÓPICAS Y/O MEDICAMENTOS.;VEHÍCULO DEPORTIVO UTILITARIO;0;0;NO;2024;9;2;0;LUNES;19,5;19;NOCHE;-0,9659258262890684;0,2588190451025203;0,0;1,0;0
2024-09-03;03:50:00;CUENCA;CUENCA;URBANA;-2,908931;-78,981104;RED ESTATAL E35 KM 701 AUTOPISTA CUENCA AZOGUES Y MAX UHLE;ESTRELLAMIENTOS;CONDUCE BAJO LA INFLUENCIA DE ALCOHOL, SUSTANCIAS ESTUPEFACIENTES O PSICOTRÓPICAS Y/O MEDICAMENTOS.;CAMIONETA;1;0;NO;2024;9;3;1;MARTES;3,8333333333333335;3;MADRUGADA;0,7071067811865476;0,7071067811865476;0,7818314824680298;0,6234898018587336;1
2024-09-03;21:42:00;CUENCA;CUENCA;URBANA;-2,888711;-79,002351;HÉROES DE VERDELOMA Y LUIS CORDERO;CHOQUE LATERAL;CONDUCE BAJO LA INFLUENCIA DE ALCOHOL, SUSTANCIAS ESTUPEFACIENTES O PSICOTRÓPICAS Y/O MEDICAMENTOS.;MOTOCICLETA;2;0;NO;2024;9;3;1;MARTES;21,7;21;NOCHE;-0,7071067811865477;0,7071067811865474;0,7818314824680298;0,6234898018587336;2
2024-09-04;02:35:00;CUENCA;CUENCA;URBANA;-2,891604;-78,968349;GONZALEZ SUAREZ Y REINA DE QUITO;PÉRDIDA DE CARRIL;CONDUCE BAJO LA INFLUENCIA DE ALCOHOL, SUSTANCIAS ESTUPEFACIENTES O PSICOTRÓPICAS Y/O MEDICAMENTOS.;MOTOCICLETA;1;0;NO;2024;9;4;2;MIERCOLES;2,5833333333333335;2;MADRUGADA;0,49999999999999994;0,8660254037844387;0,9749279121818236;-0,22252093395631434;1
2024-09-04;13:00:00;CUENCA;CUENCA;URBANA;-2,897471;-79,023769;REMIGIO CRESPO TORAL Y EDWIN SACOTO;CHOQUE LATERAL;NO RESPETAR LAS SEÑALES REGLAMENTARIAS DE TRÁNSITO. (PARE, CEDA EL PASO, LUZ ROJA DEL SEMAFORO, ETC).;MOTOCICLETA;1;0;NO;2024;9;4;2;MIERCOLES;13,0;13;TARDE;-0,2588190451025208;-0,9659258262890683;0,9749279121818236;-0,22252093395631434;1
2024-09-04;13:40:00;CUENCA;CUENCA;URBANA;-2,896642;-79,019471;UNIDAD NACIONAL Y DEL BATÁN;CHOQUE LATERAL;CONDUCIR DESATENTO A LAS CONDICIONES DE TRÁNSITO (CELULAR, PANTALLAS DE VIDEO, COMIDA, MAQUILLAJE O CUALQUIER OTRO ELEMENTO DISTRACTOR).;MOTOCICLETA;2;0;NO;2024;9;4;2;MIERCOLES;13,666666666666666;13;TARDE;-0,2588190451025208;-0,9659258262890683;0,9749279121818236;-0,22252093395631434;2
2024-09-05;07:45:00;CUENCA;CUENCA;URBANA;-2,856791;-78,923957;RED ESTATAL E 35 KM 691;CHOQUE POSTERIOR;CONDUCIR DESATENTO A LAS CONDICIONES DE TRÁNSITO (CELULAR, PANTALLAS DE VIDEO, COMIDA, MAQUILLAJE O CUALQUIER OTRO ELEMENTO DISTRACTOR).;BICICLETA;2;0;NO;2024;9;5;3;JUEVES;7,75;7;MANANA;0,9659258262890683;-0,25881904510252063;0,43388373911755823;-0,900968867902419;2
2024-09-05;22:27:00;CUENCA;CUENCA;URBANA;-2,880005;-78,982371;AV DE LAS AMÉRICAS Y JUAN IGNACIO GÓMEZ DE ARCE;VOLCAMIENTOS;CONDUCE BAJO LA INFLUENCIA DE ALCOHOL, SUSTANCIAS ESTUPEFACIENTES O PSICOTRÓPICAS Y/O MEDICAMENTOS.;MOTOCICLETA;1;0;NO;2024;9;5;3;JUEVES;22,45;22;NOCHE;-0,5000000000000004;0,8660254037844384;0,43388373911755823;-0,900968867902419;1
2024-09-06;21:11:00;CUENCA;CUENCA;URBANA;-2,880466;-79,018517;JAMBELI Y GALTE;PÉRDIDA DE PISTA;CONDUCE BAJO LA INFLUENCIA DE ALCOHOL, SUSTANCIAS ESTUPEFACIENTES O PSICOTRÓPICAS Y/O MEDICAMENTOS.;AUTOMÓVIL;0;0;NO;2024;9;6;4;VIERNES;21,183333333333334;21;NOCHE;-0,7071067811865477;0,7071067811865474;-0,433883739117558;-0,9009688679024191;0
2024-09-07;01:57:00;CUENCA;CHECA (JIDCAY);RURAL;-2,790132;-78,999274;VIA A CHECA Y SN;PÉRDIDA DE CARRIL;CONDUCIR DESATENTO A LAS CONDICIONES DE TRÁNSITO (CELULAR, PANTALLAS DE VIDEO, COMIDA, MAQUILLAJE O CUALQUIER OTRO ELEMENTO DISTRACTOR).;NO IDENTIFICADO;1;0;NO;2024;9;7;5;SABADO;1,95;1;MADRUGADA;0,25881904510252074;0,9659258262890683;-0,9749279121818236;-0,2225209339563146;1
2024-09-07;17:42:00;CUENCA;CUENCA;URBANA;-2,897991;-78,987295;YANAHURCO Y RIO CUTUCU;ESTRELLAMIENTOS;CONDUCE BAJO LA INFLUENCIA DE ALCOHOL, SUSTANCIAS ESTUPEFACIENTES O PSICOTRÓPICAS Y/O MEDICAMENTOS.;VEHÍCULO DEPORTIVO UTILITARIO;0;0;NO;2024;9;7;5;SABADO;17,7;17;TARDE;-0,9659258262890683;-0,25881904510252063;-0,9749279121818236;-0,2225209339563146;0
2024-09-07;18:03:00;CUENCA;CUENCA;URBANA;-2,889873;-79,023484;AV AMERICAS Y DEL TEJAR;PÉRDIDA DE CARRIL;CONDUCIR DESATENTO A LAS CONDICIONES DE TRÁNSITO (CELULAR, PANTALLAS DE VIDEO, COMIDA, MAQUILLAJE O CUALQUIER OTRO ELEMENTO DISTRACTOR).;MOTOCICLETA;1;0;NO;2024;9;7;5;SABADO;18,05;18;NOCHE;-1,0;-1,8369701987210297e-16;-0,9749279121818236;-0,2225209339563146;1
2024-09-07;21:24:00;CUENCA;QUINGEO;RURAL;-3,039597;-78,942561;VIA A CUMBE QUINGEO Y SN;ATROPELLOS;CONDUCIR DESATENTO A LAS CONDICIONES DE TRÁNSITO (CELULAR, PANTALLAS DE VIDEO, COMIDA, MAQUILLAJE O CUALQUIER OTRO ELEMENTO DISTRACTOR).;NO IDENTIFICADO;0;1;NO;2024;9;7;5;SABADO;21,4;21;NOCHE;-0,7071067811865477;0,7071067811865474;-0,9749279121818236;-0,2225209339563146;1
2024-09-08;12:21:00;CUENCA;CUENCA;URBANA;-2,918451;-79,039101;AV AMERICAS Y JUAN LARREA;CHOQUE LATERAL;CONDUCIR DESATENTO A LAS CONDICIONES DE TRÁNSITO (CELULAR, PANTALLAS DE VIDEO, COMIDA, MAQUILLAJE O CUALQUIER OTRO ELEMENTO DISTRACTOR).;AUTOMÓVIL;0;0;NO;2024;9;8;6;DOMINGO;12,35;12;TARDE;1,2246467991473532e-16;-1,0;-0,7818314824680299;0,6234898018587334;0
2024-09-08;19:49:00;CUENCA;VALLE;RURAL;-2,924654;-78,976691;VIA AL VALLE Y ENTRADA A CHILCAPAMBA;PÉRDIDA DE CARRIL;CONDUCIR DESATENTO A LAS CONDICIONES DE TRÁNSITO (CELULAR, PANTALLAS DE VIDEO, COMIDA, MAQUILLAJE O CUALQUIER OTRO ELEMENTO DISTRACTOR).;AUTOMÓVIL;0;0;NO;2024;9;8;6;DOMINGO;19,816666666666666;19;NOCHE;-0,9659258262890684;0,2588190451025203;-0,7818314824680299;0,6234898018587334;0
2024-09-09;09:52:00;CUENCA;CUENCA;URBANA;-2,878355;-78,981143;DEL TORIL Y PASEO RIO MACHANGARA;CHOQUE LATERAL;REALIZAR CAMBIO BRUSCO O INDEBIDO DE CARRIL.;MOTOCICLETA;1;0;NO;2024;9;9;0;LUNES;9,866666666666667;9;MANANA;0,7071067811865476;-0,7071067811865475;0,0;1,0;1
2024-09-09;12:49:00;CUENCA;CUENCA;URBANA;-2,888063;-79,005362;HEROES DE VERDELOMA Y GENERAL TORRES;CHOQUE LATERAL;NO RESPETAR LAS SEÑALES REGLAMENTARIAS DE TRÁNSITO. (PARE, CEDA EL PASO, LUZ ROJA DEL SEMAFORO, ETC).;MOTOCICLETA;1;0;NO;2024;9;9;0;LUNES;12,816666666666666;12;TARDE;1,2246467991473532e-16;-1,0;0,0;1,0;1
2024-09-09;20:57:00;CUENCA;CUENCA;URBANA;-2,881617;-79,055568;DEL TEJAR Y SAN MIGUEL DE PUTUSHI;ESTRELLAMIENTOS;CONDUCE BAJO LA INFLUENCIA DE ALCOHOL, SUSTANCIAS ESTUPEFACIENTES O PSICOTRÓPICAS Y/O MEDICAMENTOS.;VEHÍCULO DEPORTIVO UTILITARIO;2;0;NO;2024;9;9;0;LUNES;20,95;20;NOCHE;-0,8660254037844386;0,5000000000000001;0,0;1,0;2
2024-09-10;06:53:00;CUENCA;CUENCA;URBANA;-2,869299;-78,988792;BUENA VISTA Y SN;ESTRELLAMIENTOS;CONDUCIR DESATENTO A LAS CONDICIONES DE TRÁNSITO (CELULAR, PANTALLAS DE VIDEO, COMIDA, MAQUILLAJE O CUALQUIER OTRO ELEMENTO DISTRACTOR).;CAMIONETA;2;0;NO;2024;9;10;1;MARTES;6,883333333333333;6;MANANA;1,0;6,123233995736766e-17;0,7818314824680298;0,6234898018587336;2
2024-09-10;17:36:00;CUENCA;CUENCA;URBANA;-2,914754;-79,022904;12 DE OCTUBRE Y JUAN RAMON JIMENEZ;CHOQUE LATERAL;CONDUCIR DESATENTO A LAS CONDICIONES DE TRÁNSITO (CELULAR, PANTALLAS DE VIDEO, COMIDA, MAQUILLAJE O CUALQUIER OTRO ELEMENTO DISTRACTOR).;VEHÍCULO DEPORTIVO UTILITARIO;1;0;NO;2024;9;10;1;MARTES;17,6;17;TARDE;-0,9659258262890683;-0,25881904510252063;0,7818314824680298;0,6234898018587336;1
2024-09-10;18:03:00;CUENCA;CUENCA;URBANA;-2,888325;-78,994929;CORONEL FRANCISCO CALDERÓN Y DE LAS ALCABALAS;ESTRELLAMIENTOS;CONDUCIR DESATENTO A LAS CONDICIONES DE TRÁNSITO (CELULAR, PANTALLAS DE VIDEO, COMIDA, MAQUILLAJE O CUALQUIER OTRO ELEMENTO DISTRACTOR).;AUTOMÓVIL;1;0;NO;2024;9;10;1;MARTES;18,05;18;NOCHE;-1,0;-1,8369701987210297e-16;0,7818314824680298;0,6234898018587336;1
2024-09-10;18:30:00;CUENCA;CUENCA;RURAL;-2,853929;-78,913171;RED ESTATAL E35 KM 691 Y CULTURA CHALLUABAMBA;ATROPELLOS;NO TRANSITAR POR LAS ACERAS O ZONAS DE SEGURIDAD DESTINADAS PARA EL EFECTO.;MOTOCICLETA;2;0;NO;2024;9;10;1;MARTES;18,5;18;NOCHE;-1,0;-1,8369701987210297e-16;0,7818314824680298;0,6234898018587336;2
2024-09-11;13:56:00;CUENCA;CUENCA;URBANA;-2,900506;-78,975771;POPAYAN Y BRASILIA;CHOQUE LATERAL;NO RESPETAR LAS SEÑALES REGLAMENTARIAS DE TRÁNSITO. (PARE, CEDA EL PASO, LUZ ROJA DEL SEMAFORO, ETC).;AUTOMÓVIL;2;0;NO;2024;9;11;2;MIERCOLES;13,933333333333334;13;TARDE;-0,2588190451025208;-0,9659258262890683;0,9749279121818236;-0,22252093395631434;2
2024-09-12;09:15:00;CUENCA;CUENCA;URBANA;-2,882121;-79,022738;ABELARDO J. ANDRADE Y HOMERO;CHOQUE LATERAL;NO CEDER EL DERECHO DE VÍA O PREFERENCIA DE PASO A VEHÍCULOS.;AUTOMÓVIL;2;0;NO;2024;9;12;3;JUEVES;9,25;9;MANANA;0,7071067811865476;-0,7071067811865475;0,43388373911755823;-0,900968867902419;2
2024-09-12;14:02:00;CUENCA;SININCAY;RURAL;-2,860712;-79,016917;VÍA A SININCAY Y SN;CHOQUE FRONTAL;CONDUCIR EN SENTIDO CONTRARIO A LA VÍA NORMAL DE CIRCULACIÓN.;CAMIONETA;1;0;NO;2024;9;12;3;JUEVES;14,033333333333333;14;TARDE;-0,4999999999999997;-0,8660254037844388;0,43388373911755823;-0,900968867902419;1
2024-09-12;15:53:00;CUENCA;CUENCA;URBANA;-2,916383;-78,997476;24 DE MAYO Y LOS CHUGOS;CHOQUE LATERAL;NO CEDER EL DERECHO DE VÍA O PREFERENCIA DE PASO A VEHÍCULOS.;MOTOCICLETA;1;0;NO;2024;9;12;3;JUEVES;15,883333333333333;15;TARDE;-0,7071067811865471;-0,7071067811865479;0,43388373911755823;-0,900968867902419;1
2024-09-12;20:20:00;CUENCA;CUENCA;URBANA;-2,891441;-78,993702;AV. GIL RAMIREZ DÁVALOS DEL CHORRO;ATROPELLOS;PEATÓN QUE CRUZA LA CALZADA SIN RESPETAR LA SEÑALIZACIÓN EXISTENTE (SEMÁFOROS O SEÑALES MANUALES).;CAMIONETA;1;0;NO;2024;9;12;3;JUEVES;20,333333333333332;20;NOCHE;-0,8660254037844386;0,5000000000000001;0,43388373911755823;-0,900968867902419;1
2024-09-13;08:23:00;CUENCA;CUENCA;URBANA;-2,920101;-78,995513;RED ESTATAL E35 KM 703;CHOQUE POSTERIOR;NO MANTENER LA DISTANCIA PRUDENCIAL CON RESPECTO AL VEHÍCULO QUE LE ANTECEDE.;AUTOMÓVIL;1;0;NO;2024;9;13;4;VIERNES;8,383333333333333;8;MANANA;0,8660254037844387;-0,4999999999999998;-0,433883739117558;-0,9009688679024191;1
2024-09-13;12:18:00;CUENCA;CUENCA;URBANA;-2,905071;-78,998612;CALLE LARGA MIGUEL Y ANGEL ESTRELLA;CHOQUE LATERAL;NO RESPETAR LAS SEÑALES REGLAMENTARIAS DE TRÁNSITO. (PARE, CEDA EL PASO, LUZ ROJA DEL SEMAFORO, ETC).;VEHÍCULO DEPORTIVO UTILITARIO;0;0;NO;2024;9;13;4;VIERNES;12,3;12;TARDE;1,2246467991473532e-16;-1,0;-0,433883739117558;-0,9009688679024191;0
2024-09-13;12:22:00;CUENCA;CHECA (JIDCAY);RURAL;-2,807363;-78,992981;VÍA A CHECA Y GUILLERMO ROBLES;CHOQUE LATERAL;NO RESPETAR LAS SEÑALES REGLAMENTARIAS DE TRÁNSITO. (PARE, CEDA EL PASO, LUZ ROJA DEL SEMAFORO, ETC).;CAMIONETA;0;0;NO;2024;9;13;4;VIERNES;12,366666666666667;12;TARDE;1,2246467991473532e-16;-1,0;-0,433883739117558;-0,9009688679024191;0
2024-09-13;13:11:00;CUENCA;CUENCA;URBANA;-2,883358;-78,955683;PANAMERICANA NORTE Y GONZALEZ SUAREZ;CHOQUE FRONTAL;CONDUCE BAJO LA INFLUENCIA DE ALCOHOL, SUSTANCIAS ESTUPEFACIENTES O PSICOTRÓPICAS Y/O MEDICAMENTOS.;FURGONETA;1;0;NO;2024;9;13;4;VIERNES;13,183333333333334;13;TARDE;-0,2588190451025208;-0,9659258262890683;-0,433883739117558;-0,9009688679024191;1
2024-09-13;16:28:00;CUENCA;CUENCA;URBANA;-2,872204;-78,981003;CAMINO A PATAMARCA Y SOR LUISA DE JESÚS CORDERO;CAÍDA DE PASAJERO;DEJAR O RECOGER PASAJEROS EN LUGARES NO PERMITIDOS.;BUS;1;0;NO;2024;9;13;4;VIERNES;16,466666666666665;16;TARDE;-0,8660254037844385;-0,5000000000000004;-0,433883739117558;-0,9009688679024191;1
2024-09-13;20:55:00;CUENCA;CUENCA;URBANA;-2,903081;-79,034994;ENRIQUE ARIZAGA TORAL Y FRANCISCO CISNEROS;CHOQUE FRONTAL;CONDUCE BAJO LA INFLUENCIA DE ALCOHOL, SUSTANCIAS ESTUPEFACIENTES O PSICOTRÓPICAS Y/O MEDICAMENTOS.;AUTOMÓVIL;1;0;NO;2024;9;13;4;VIERNES;20,916666666666668;20;NOCHE;-0,8660254037844386;0,5000000000000001;-0,433883739117558;-0,9009688679024191;1
2024-09-13;21:12:00;CUENCA;CUENCA;URBANA;-2,908264;-79,034039;AVENIDA DE LAS AMÉRICAS E ISABEL LA CATÓLICA;ROZAMIENTOS;NO GUARDAR LA DISTANCIA LATERAL MÍNIMA DE SEGURIDAD ENTRE VEHÍCULOS.;MOTOCICLETA;2;0;NO;2024;9;13;4;VIERNES;21,2;21;NOCHE;-0,7071067811865477;0,7071067811865474;-0,433883739117558;-0,9009688679024191;2
2024-09-14;02:50:00;CUENCA;CUENCA;URBANA;-2,901721;-79,022107;UNIDAD NACIONAL Y JOSÉ MARÍA VARGAS;ESTRELLAMIENTOS;CONDUCE BAJO LA INFLUENCIA DE ALCOHOL, SUSTANCIAS ESTUPEFACIENTES O PSICOTRÓPICAS Y/O MEDICAMENTOS.;AUTOMÓVIL;0;0;NO;2024;9;14;5;SABADO;2,8333333333333335;2;MADRUGADA;0,49999999999999994;0,8660254037844387;-0,9749279121818236;-0,2225209339563146;0
2024-09-14;03:22:00;CUENCA;CUENCA;URBANA;-2,901481;-78,998555;JUAN JARAMILLO Y  MANUEL VEGA;CHOQUE LATERAL;CONDUCE BAJO LA INFLUENCIA DE ALCOHOL, SUSTANCIAS ESTUPEFACIENTES O PSICOTRÓPICAS Y/O MEDICAMENTOS.;AUTOMÓVIL;2;0;NO;2024;9;14;5;SABADO;3,3666666666666667;3;MADRUGADA;0,7071067811865476;0,7071067811865476;-0,9749279121818236;-0,2225209339563146;2
2024-09-14;03:48:00;CUENCA;CUENCA;URBANA;-2,921441;-79,001297;RED ESTATAL E35 KM 704 Y HERNAN MALO;ESTRELLAMIENTOS;CONDUCE BAJO LA INFLUENCIA DE ALCOHOL, SUSTANCIAS ESTUPEFACIENTES O PSICOTRÓPICAS Y/O MEDICAMENTOS.;CAMIONETA;1;0;NO;2024;9;14;5;SABADO;3,8;3;MADRUGADA;0,7071067811865476;0,7071067811865476;-0,9749279121818236;-0,2225209339563146;1
2024-09-14;09:57:00;CUENCA;CUENCA;URBANA;-2,891495;-78,957192;RED ESTATAL E35 KM 698;ROZAMIENTOS;NO GUARDAR LA DISTANCIA LATERAL MÍNIMA DE SEGURIDAD ENTRE VEHÍCULOS.;BICICLETA;1;0;NO;2024;9;14;5;SABADO;9,95;9;MANANA;0,7071067811865476;-0,7071067811865475;-0,9749279121818236;-0,2225209339563146;1
2024-09-14;18:55:00;CUENCA;CUENCA;URBANA;-2,893797;-79,008381;JUAN MONTALVO Y MARISCAL LAMAR;CHOQUE LATERAL;NO RESPETAR LAS SEÑALES REGLAMENTARIAS DE TRÁNSITO. (PARE, CEDA EL PASO, LUZ ROJA DEL SEMAFORO, ETC).;ESPECIAL;1;0;NO;2024;9;14;5;SABADO;18,916666666666668;18;NOCHE;-1,0;-1,8369701987210297e-16;-0,9749279121818236;-0,2225209339563146;1
2024-09-14;22:47:00;CUENCA;CUENCA;URBANA;-2,900985;-79,000465;JUAN JARAMILLO ANTONIO Y VARGAS MACHUCA;ESTRELLAMIENTOS;CONDUCE BAJO LA INFLUENCIA DE ALCOHOL, SUSTANCIAS ESTUPEFACIENTES O PSICOTRÓPICAS Y/O MEDICAMENTOS.;MOTOCICLETA;0;1;NO;2024;9;14;5;SABADO;22,783333333333335;22;NOCHE;-0,5000000000000004;0,8660254037844384;-0,9749279121818236;-0,2225209339563146;1
2024-09-15;05:34:00;CUENCA;RICAURTE (CUENCA);RURAL;-2,867355;-78,956971;JULIA BERNAL Y CALLE EUROPA;ESTRELLAMIENTOS;CONDUCE BAJO LA INFLUENCIA DE ALCOHOL, SUSTANCIAS ESTUPEFACIENTES O PSICOTRÓPICAS Y/O MEDICAMENTOS.;AUTOMÓVIL;1;0;NO;2024;9;15;6;DOMINGO;5,566666666666666;5;MADRUGADA;0,9659258262890683;0,25881904510252074;-0,7818314824680299;0,6234898018587334;1
2024-09-15;06:00:00;CUENCA;CUENCA;URBANA;-2,922231;-79,026882;RED ESTATAL E35 KM 707 Y 12 DE OCTUBRE;PÉRDIDA DE CARRIL;CONDUCE BAJO LA INFLUENCIA DE ALCOHOL, SUSTANCIAS ESTUPEFACIENTES O PSICOTRÓPICAS Y/O MEDICAMENTOS.;VEHÍCULO DEPORTIVO UTILITARIO;2;0;NO;2024;9;15;6;DOMINGO;6,0;6;MANANA;1,0;6,123233995736766e-17;-0,7818314824680299;0,6234898018587334;2
2024-09-15;07:34:00;CUENCA;CUENCA;URBANA;-2,886126;-79,015231;DEL CHOFER Y DEL ARCO;CHOQUE LATERAL;CONDUCE BAJO LA INFLUENCIA DE ALCOHOL, SUSTANCIAS ESTUPEFACIENTES O PSICOTRÓPICAS Y/O MEDICAMENTOS.;AUTOMÓVIL;1;0;NO;2024;9;15;6;DOMINGO;7,566666666666666;7;MANANA;0,9659258262890683;-0,25881904510252063;-0,7818314824680299;0,6234898018587334;1
2024-09-15;08:57:00;CUENCA;CUENCA;URBANA;-2,897395;-78,980708;CHICAN Y GUSTAVO ORCES;CHOQUE LATERAL;CONDUCE BAJO LA INFLUENCIA DE ALCOHOL, SUSTANCIAS ESTUPEFACIENTES O PSICOTRÓPICAS Y/O MEDICAMENTOS.;AUTOMÓVIL;1;0;NO;2024;9;15;6;DOMINGO;8,95;8;MANANA;0,8660254037844387;-0,4999999999999998;-0,7818314824680299;0,6234898018587334;1
2024-09-15;10:46:00;CUENCA;SININCAY;RURAL;-2,860899;-79,025066;VÍA A SINICAY CALLE SIN NOMBRE;CHOQUE FRONTAL;CONDUCE BAJO LA INFLUENCIA DE ALCOHOL, SUSTANCIAS ESTUPEFACIENTES O PSICOTRÓPICAS Y/O MEDICAMENTOS.;AUTOMÓVIL;2;0;NO;2024;9;15;6;DOMINGO;10,766666666666667;10;MANANA;0,49999999999999994;-0,8660254037844387;-0,7818314824680299;0,6234898018587334;2