FECHA;HORA;CANTON;PARROQUIA;ZONA;LATITUD_Y;LONGITUD_X;DIRECCION;TIPO_DE_SINIESTRO;CAUSA_PROBABLE;TIPO_DE_VEHICULO_1;LESIONADOS;FALLECIDOS;FERIADO;ANIO;MES;DIA;DIA_SEMANA;NOMBRE_DIA;HORA_DECIMAL;HORA_NUM;RANGO_HORARIO;HORA_SIN;HORA_COS;DIA_SIN;DIA_COS;TOTAL_VICTIMAS
2024-09-15;16:38:00;CUENCA;CUENCA;URBANA;-2,903621;-79,013548;AV. REMIGIO CRESPO AV. RICARDO MUÑOZ;CHOQUE POSTERIOR;CONDUCE BAJO LA INFLUENCIA DE ALCOHOL, SUSTANCIAS ESTUPEFACIENTES O PSICOTRÓPICAS Y/O MEDICAMENTOS.;VEHÍCULO DEPORTIVO UTILITARIO;0;0;NO;2024;9;15;6;DOMINGO;16,633333333333333;16;TARDE;-0,8660254037844385;-0,5000000000000004;-0,7818314824680299;0,6234898018587334;0
2024-09-15;19:30:00;CUENCA;CUENCA;URBANA;-2,917127;-78,994891;MOLLOBAMBA Y CAJABAMBA;ESTRELLAMIENTOS;CONDUCE BAJO LA INFLUENCIA DE ALCOHOL, SUSTANCIAS ESTUPEFACIENTES O PSICOTRÓPICAS Y/O MEDICAMENTOS.;AUTOMÓVIL;0;0;NO;2024;9;15;6;DOMINGO;19,5;19;NOCHE;-0,9659258262890684;0,2588190451025203;-0,7818314824680299;0,6234898018587334;0
2024-09-16;07:53:00;CUENCA;CUENCA;URBANA;-2,887021;-79,010083;DEL CHOFER Y DEL MOLINO;CHOQUE LATERAL;NO RESPETAR LAS SEÑALES REGLAMENTARIAS DE TRÁNSITO. (PARE, CEDA EL PASO, LUZ ROJA DEL SEMAFORO, ETC).;AUTOMÓVIL;2;0;NO;2024;9;16;0;LUNES;7,883333333333333;7;MANANA;0,9659258262890683;-0,25881904510252063;0,0;1,0;2
2024-09-16;12:04:00;CUENCA;CUENCA;URBANA;-2,867981;-78,983642;VÍA A PATAMARCA Y DE LOS CHASQUIS;ATROPELLOS;CONDUCE BAJO LA INFLUENCIA DE ALCOHOL, SUSTANCIAS ESTUPEFACIENTES O PSICOTRÓPICAS Y/O MEDICAMENTOS.;NO IDENTIFICADO;1;0;NO;2024;9;16;0;LUNES;12,066666666666666;12;TARDE;1,2246467991473532e-16;-1,0;0,0;1,0;1
2024-09-16;15:03:00;CUENCA;CUENCA;URBANA;-2,913679;-78,992068;10 DE AGOSTO Y MANUEL AGUSTÍN LANDÍVAR;CHOQUE LATERAL;CONDUCE BAJO LA INFLUENCIA DE ALCOHOL, SUSTANCIAS ESTUPEFACIENTES O PSICOTRÓPICAS Y/O MEDICAMENTOS.;MOTOCICLETA;3;0;NO;2024;9;16;0;LUNES;15,05;15;TARDE;-0,7071067811865471;-0,7071067811865479;0,0;1,0;3
2024-09-16;15:20:00;CUENCA;CUENCA;URBANA;-2,885002;-79,013817;. ABELARDO J ANDRADE Y DE LA ESPADAÑA;CHOQUE LATERAL;REALIZAR CAMBIO BRUSCO O INDEBIDO DE CARRIL.;MOTOCICLETA;1;0;NO;2024;9;16;0;LUNES;15,333333333333334;15;TARDE;-0,7071067811865471;-0,7071067811865479;0,0;1,0;1
2024-09-17;09:40:00;CUENCA;CUENCA;RURAL;-2,856066;-78,912622;CULTURA COSANGA Y CULTURA CHIRIJE;ATROPELLOS;CONDUCIR DESATENTO A LAS CONDICIONES DE TRÁNSITO (CELULAR, PANTALLAS DE VIDEO, COMIDA, MAQUILLAJE O CUALQUIER OTRO ELEMENTO DISTRACTOR).;VEHÍCULO DEPORTIVO UTILITARIO;2;0;NO;2024;9;17;1;MARTES;9,666666666666666;9;MANANA;0,7071067811865476;-0,7071067811865475;0,7818314824680298;0,6234898018587336;2
2024-09-17;13:25:00;CUENCA;CUENCA;URBANA;-2,913216;-79,011548;27 DE FEBRERO Y BERNARDO DE LEGARDA;ATROPELLOS;CONDUCIR DESATENTO A LAS CONDICIONES DE TRÁNSITO (CELULAR, PANTALLAS DE VIDEO, COMIDA, MAQUILLAJE O CUALQUIER OTRO ELEMENTO DISTRACTOR).;AUTOMÓVIL;1;0;NO;2024;9;17;1;MARTES;13,416666666666666;13;TARDE;-0,2588190451025208;-0,9659258262890683;0,7818314824680298;0,6234898018587336;1
2024-09-18;00:21:00;CUENCA;RICAURTE (CUENCA);URBANA;-2,875161;-78,948548;PANAMERICANA NORTE Y CAMINO A PACCHA;VOLCAMIENTOS;CONDUCIR DESATENTO A LAS CONDICIONES DE TRÁNSITO (CELULAR, PANTALLAS DE VIDEO, COMIDA, MAQUILLAJE O CUALQUIER OTRO ELEMENTO DISTRACTOR).;MOTOCICLETA;1;0;NO;2024;9;18;2;MIERCOLES;0,35;0;MADRUGADA;0,0;1,0;0,9749279121818236;-0,22252093395631434;1
2024-09-18;07:02:00;CUENCA;VALLE;RURAL;-2,944734;-78,976979;VÍA A LA VICTORIA Y VÍA AL PARAÍSO;ATROPELLOS;CONDUCIR DESATENTO A LAS CONDICIONES DE TRÁNSITO (CELULAR, PANTALLAS DE VIDEO, COMIDA, MAQUILLAJE O CUALQUIER OTRO ELEMENTO DISTRACTOR).;NO IDENTIFICADO;1;0;NO;2024;9;18;2;MIERCOLES;7,033333333333333;7;MANANA;0,9659258262890683;-0,25881904510252063;0,9749279121818236;-0,22252093395631434;1
2024-09-18;15:04:00;CUENCA;CUENCA;URBANA;-2,910371;-79,017057;PRIMERO DE MAYO Y TIRSO DE MOLINA;CHOQUE LATERAL;REALIZAR CAMBIO BRUSCO O INDEBIDO DE CARRIL.;MOTOCICLETA;2;0;NO;2024;9;18;2;MIERCOLES;15,066666666666666;15;TARDE;-0,7071067811865471;-0,7071067811865479;0,9749279121818236;-0,22252093395631434;2
2024-09-18;15:48:00;CUENCA;CUENCA;URBANA;-2,902003;-79,034808;FRANCISCO CISNEROS Y MIGUEL VASCONEZ B.;CHOQUE LATERAL;NO RESPETAR LAS SEÑALES REGLAMENTARIAS DE TRÁNSITO. (PARE, CEDA EL PASO, LUZ ROJA DEL SEMAFORO, ETC).;AUTOMÓVIL;0;0;NO;2024;9;18;2;MIERCOLES;15,8;15;TARDE;-0,7071067811865471;-0,7071067811865479;0,9749279121818236;-0,22252093395631434;0
2024-09-19;11:32:00;CUENCA;CUENCA;URBANA;-2,893275;-78,993035;ESPAÑA Y MADRID;CHOQUE LATERAL;CONDUCE BAJO LA INFLUENCIA DE ALCOHOL, SUSTANCIAS ESTUPEFACIENTES O PSICOTRÓPICAS Y/O MEDICAMENTOS.;AUTOMÓVIL;0;0;NO;2024;9;19;3;JUEVES;11,533333333333333;11;MANANA;0,258819045102521;-0,9659258262890682;0,43388373911755823;-0,900968867902419;0
2024-09-19;13:52:00;CUENCA;CUENCA;URBANA;-2,889839;-79,002553;LUIS CORDERO Y ALBERTO MUÑOZ VERNAZA;CHOQUE LATERAL;NO RESPETAR LAS SEÑALES REGLAMENTARIAS DE TRÁNSITO. (PARE, CEDA EL PASO, LUZ ROJA DEL SEMAFORO, ETC).;VEHÍCULO DEPORTIVO UTILITARIO;0;0;NO;2024;9;19;3;JUEVES;13,866666666666667;13;TARDE;-0,2588190451025208;-0,9659258262890683;0,43388373911755823;-0,900968867902419;0
2024-09-19;19:55:00;CUENCA;CUENCA;URBANA;-2,903671;-79,010424;HONORATO LOYOLA  Y AGUSTIN CUEVA VALLEJO;CHOQUE LATERAL;CONDUCE BAJO LA INFLUENCIA DE ALCOHOL, SUSTANCIAS ESTUPEFACIENTES O PSICOTRÓPICAS Y/O MEDICAMENTOS.;AUTOMÓVIL;2;0;NO;2024;9;19;3;JUEVES;19,916666666666668;19;NOCHE;-0,9659258262890684;0,2588190451025203;0,43388373911755823;-0,900968867902419;2
2024-09-19;23:02:00;CUENCA;CUENCA;URBANA;-2,902807;-78,987874;PASEO DE LOS CAÑARIS Y LIZARDO GARCIA.;PÉRDIDA DE CARRIL;CONDUCE BAJO LA INFLUENCIA DE ALCOHOL, SUSTANCIAS ESTUPEFACIENTES O PSICOTRÓPICAS Y/O MEDICAMENTOS.;CAMIONETA;0;0;NO;2024;9;19;3;JUEVES;23,033333333333335;23;NOCHE;-0,25881904510252157;0,9659258262890681;0,43388373911755823;-0,900968867902419;0
2024-09-20;09:13:00;CUENCA;CUENCA;URBANA;-2,878306;-78,995079;CARDENAL PABLO MUÑOZ VEGA Y DE LA QUENA;ROZAMIENTOS;CONDUCE BAJO LA INFLUENCIA DE ALCOHOL, SUSTANCIAS ESTUPEFACIENTES O PSICOTRÓPICAS Y/O MEDICAMENTOS.;AUTOMÓVIL;0;0;NO;2024;9;20;4;VIERNES;9,216666666666667;9;MANANA;0,7071067811865476;-0,7071067811865475;-0,433883739117558;-0,9009688679024191;0
2024-09-20;09:53:00;CUENCA;CUENCA;RURAL;-2,850684;-78,985903;VIA OCHOA LEON Y SN;CHOQUE FRONTAL;REALIZAR CAMBIO BRUSCO O INDEBIDO DE CARRIL.;BICICLETA;1;0;NO;2024;9;20;4;VIERNES;9,883333333333333;9;MANANA;0,7071067811865476;-0,7071067811865475;-0,433883739117558;-0,9009688679024191;1
2024-09-20;19:29:00;CUENCA;CUENCA;URBANA;-2,903723;-78,997311;ALFONSO JERVES Y JESÚS ARRIAGA;CHOQUE LATERAL;CONDUCE BAJO LA INFLUENCIA DE ALCOHOL, SUSTANCIAS ESTUPEFACIENTES O PSICOTRÓPICAS Y/O MEDICAMENTOS.;VEHÍCULO DEPORTIVO UTILITARIO;0;0;NO;2024;9;20;4;VIERNES;19,483333333333334;19;NOCHE;-0,9659258262890684;0,2588190451025203;-0,433883739117558;-0,9009688679024191;0
2024-09-21;00:26:00;CUENCA;SAYAUSI;URBANA;-2,874937;-79,072169;ORDOÑEZ LASSO Y GARCIA MORENO;ESTRELLAMIENTOS;CONDUCE BAJO LA INFLUENCIA DE ALCOHOL, SUSTANCIAS ESTUPEFACIENTES O PSICOTRÓPICAS Y/O MEDICAMENTOS.;VEHÍCULO DEPORTIVO UTILITARIO;0;0;NO;2024;9;21;5;SABADO;0,43333333333333335;0;MADRUGADA;0,0;1,0;-0,9749279121818236;-0,2225209339563146;0
2024-09-21;15:40:00;CUENCA;CUENCA;URBANA;-2,908962;-78,980938;RED ESTATAL E35 KM 701 CUENCA- AZOGUES Y AVENIDA MAX UHLE;PÉRDIDA DE CARRIL;CONDUCE BAJO LA INFLUENCIA DE ALCOHOL, SUSTANCIAS ESTUPEFACIENTES O PSICOTRÓPICAS Y/O MEDICAMENTOS.;MOTOCICLETA;1;1;NO;2024;9;21;5;SABADO;15,666666666666666;15;TARDE;-0,7071067811865471;-0,7071067811865479;-0,9749279121818236;-0,2225209339563146;2
2024-09-21;22:08:00;CUENCA;CUENCA;URBANA;-2,869616;-79,036849;CAMINO A SAN PEDRO DEL CEBOLLAR Y FRANCISCO CHILCHE;CHOQUE POSTERIOR;NO MANTENER LA DISTANCIA PRUDENCIAL CON RESPECTO AL VEHÍCULO QUE LE ANTECEDE.;NO IDENTIFICADO;1;0;NO;2024;9;21;5;SABADO;22,133333333333333;22;NOCHE;-0,5000000000000004;0,8660254037844384;-0,9749279121818236;-0,2225209339563146;1
2024-09-22;00:27:00;CUENCA;CUENCA;URBANA;-2,900412;-79,015931;REMIGIO CRESPO Y GUAYAS;CHOQUE LATERAL;NO RESPETAR LAS SEÑALES REGLAMENTARIAS DE TRÁNSITO. (PARE, CEDA EL PASO, LUZ ROJA DEL SEMAFORO, ETC).;VEHÍCULO DEPORTIVO UTILITARIO;0;0;NO;2024;9;22;6;DOMINGO;0,45;0;MADRUGADA;0,0;1,0;-0,7818314824680299;0,6234898018587334;0
2024-09-22;02:18:00;CUENCA;CUENCA;URBANA;-2,913382;-79,030977;LOJA Y DON BOSCO;PÉRDIDA DE CARRIL;CONDUCIR DESATENTO A LAS CONDICIONES DE TRÁNSITO (CELULAR, PANTALLAS DE VIDEO, COMIDA, MAQUILLAJE O CUALQUIER OTRO ELEMENTO DISTRACTOR).;AUTOMÓVIL;0;0;NO;2024;9;22;6;DOMINGO;2,3;2;MADRUGADA;0,49999999999999994;0,8660254037844387;-0,7818314824680299;0,6234898018587334;0
2024-09-22;08:23:00;CUENCA;CUENCA;URBANA;-2,900934;-79,037208;ISAURO RODRIGUEZ Y DANIEL FERNANDEZ DE CORDOVA;ESTRELLAMIENTOS;CONDUCE BAJO LA INFLUENCIA DE ALCOHOL, SUSTANCIAS ESTUPEFACIENTES O PSICOTRÓPICAS Y/O MEDICAMENTOS.;VEHÍCULO DEPORTIVO UTILITARIO;0;0;NO;2024;9;22;6;DOMINGO;8,383333333333333;8;MANANA;0,8660254037844387;-0,4999999999999998;-0,7818314824680299;0,6234898018587334;0
2024-09-22;11:28:00;CUENCA;SININCAY;URBANA;-2,845582;-78,993472;SIN NOMBRE Y CALLE  NINGUNA;PÉRDIDA DE PISTA;CONDUCIR DESATENTO A LAS CONDICIONES DE TRÁNSITO (CELULAR, PANTALLAS DE VIDEO, COMIDA, MAQUILLAJE O CUALQUIER OTRO ELEMENTO DISTRACTOR).;NO IDENTIFICADO;1;0;NO;2024;9;22;6;DOMINGO;11,466666666666667;11;MANANA;0,258819045102521;-0,9659258262890682;-0,7818314824680299;0,6234898018587334;1
2024-09-22;12:25:00;CUENCA;CUENCA;URBANA;-2,908162;-78,983679;AVENIDA 24 DE MAYO Y AVENIDA MAX UHLE;PÉRDIDA DE CARRIL;CONDUCE BAJO LA INFLUENCIA DE ALCOHOL, SUSTANCIAS ESTUPEFACIENTES O PSICOTRÓPICAS Y/O MEDICAMENTOS.;VEHÍCULO DEPORTIVO UTILITARIO;0;0;NO;2024;9;22;6;DOMINGO;12,416666666666666;12;TARDE;1,2246467991473532e-16;-1,0;-0,7818314824680299;0,6234898018587334;0
2024-09-23;06:47:00;CUENCA;CUENCA;RURAL;-2,857985;-78,925073;RED ESTATAL E35 KM 697 Y SN;ESTRELLAMIENTOS;CONDUCIR DESATENTO A LAS CONDICIONES DE TRÁNSITO (CELULAR, PANTALLAS DE VIDEO, COMIDA, MAQUILLAJE O CUALQUIER OTRO ELEMENTO DISTRACTOR).;CAMIÓN;1;0;NO;2024;9;23;0;LUNES;6,783333333333333;6;MANANA;1,0;6,123233995736766e-17;0,0;1,0;1
2024-09-23;07:45:00;CUENCA;CUENCA;URBANA;-2,900787;-79,008179;12 DE ABRIL Y AGUSTIN CUEVA VALLEJO;COLISIÓN;NO MANTENER LA DISTANCIA PRUDENCIAL CON RESPECTO AL VEHÍCULO QUE LE ANTECEDE.;AUTOMÓVIL;0;0;NO;2024;9;23;0;LUNES;7,75;7;MANANA;0,9659258262890683;-0,25881904510252063;0,0;1,0;0
2024-09-23;10:18:00;CUENCA;CUENCA;URBANA;-2,894995;-79,011837;MIGUEL VELEZ Y SIMON BOLIVAR;CHOQUE LATERAL;NO RESPETAR LAS SEÑALES REGLAMENTARIAS DE TRÁNSITO. (PARE, CEDA EL PASO, LUZ ROJA DEL SEMAFORO, ETC).;AUTOMÓVIL;0;0;NO;2024;9;23;0;LUNES;10,3;10;MANANA;0,49999999999999994;-0,8660254037844387;0,0;1,0;0
2024-09-23;10:29:00;CUENCA;CUENCA;URBANA;-2,876109;-79,040511;DEL BABACO Y SN;CHOQUE LATERAL;CONDUCIR EN SENTIDO CONTRARIO A LA VÍA NORMAL DE CIRCULACIÓN.;AUTOMÓVIL;0;0;NO;2024;9;23;0;LUNES;10,483333333333333;10;MANANA;0,49999999999999994;-0,8660254037844387;0,0;1,0;0
2024-09-23;16:48:00;CUENCA;PACCHA (CUENCA);RURAL;-2,896744;-78,932872;VIA A PACCHA Y SN;ESTRELLAMIENTOS;CONDUCIR DESATENTO A LAS CONDICIONES DE TRÁNSITO (CELULAR, PANTALLAS DE VIDEO, COMIDA, MAQUILLAJE O CUALQUIER OTRO ELEMENTO DISTRACTOR).;AUTOMÓVIL;0;0;NO;2024;9;23;0;LUNES;16,8;16;TARDE;-0,8660254037844385;-0,5000000000000004;0,0;1,0;0
2024-09-23;18:15:00;CUENCA;CUENCA;URBANA;-2,896793;-78,996626;HUAYNA CAPAC Y MARISCAL LAMAR;ESTRELLAMIENTOS;CONDUCIR DESATENTO A LAS CONDICIONES DE TRÁNSITO (CELULAR, PANTALLAS DE VIDEO, COMIDA, MAQUILLAJE O CUALQUIER OTRO ELEMENTO DISTRACTOR).;CAMIÓN;0;0;NO;2024;9;23;0;LUNES;18,25;18;NOCHE;-1,0;-1,8369701987210297e-16;0,0;1,0;0
2024-09-24;08:40:00;CUENCA;CUENCA;URBANA;-2,859356;-78,933104;PANAMERICANA NORTE Y VIA A LLACAO;CHOQUE LATERAL;NO CEDER EL DERECHO DE VÍA O PREFERENCIA DE PASO A VEHÍCULOS.;CAMIONETA;1;0;NO;2024;9;24;1;MARTES;8,666666666666666;8;MANANA;0,8660254037844387;-0,4999999999999998;0,7818314824680298;0,6234898018587336;1
2024-09-24;20:41:00;CUENCA;CUENCA;URBANA;-2,898791;-79,005176;BENIGNO MALO Y PRESIDENTE CÓRDOVA;CHOQUE LATERAL;NO RESPETAR LAS SEÑALES REGLAMENTARIAS DE TRÁNSITO. (PARE, CEDA EL PASO, LUZ ROJA DEL SEMAFORO, ETC).;MOTOCICLETA;2;0;NO;2024;9;24;1;MARTES;20,683333333333334;20;NOCHE;-0,8660254037844386;0,5000000000000001;0,7818314824680298;0,6234898018587336;2
2024-09-24;23:27:00;CUENCA;CUENCA;URBANA;-2,893041;-79,003163;LUIS CORDERO Y ANTONIO VEGA MUÑOZ;CHOQUE LATERAL;NO RESPETAR LAS SEÑALES REGLAMENTARIAS DE TRÁNSITO. (PARE, CEDA EL PASO, LUZ ROJA DEL SEMAFORO, ETC).;NO IDENTIFICADO;2;0;NO;2024;9;24;1;MARTES;23,45;23;NOCHE;-0,25881904510252157;0,9659258262890681;0,7818314824680298;0,6234898018587336;2
2024-09-25;17:21:00;CUENCA;CUENCA;URBANA;-2,873014;-78,976381;CORNELIO VINTIMILLA Y JUAN ELJURI CHICA;CHOQUE LATERAL;CONDUCIR DESATENTO A LAS CONDICIONES DE TRÁNSITO (CELULAR, PANTALLAS DE VIDEO, COMIDA, MAQUILLAJE O CUALQUIER OTRO ELEMENTO DISTRACTOR).;MOTOCICLETA;1;0;NO;2024;9;25;2;MIERCOLES;17,35;17;TARDE;-0,9659258262890683;-0,25881904510252063;0,9749279121818236;-0,22252093395631434;1
2024-09-25;18:30:00;CUENCA;CUENCA;URBANA;-2,911025;-79,008737;SOLANO Y 10 DE AGOSTO;CHOQUE LATERAL;NO CEDER EL DERECHO DE VÍA O PREFERENCIA DE PASO A VEHÍCULOS.;MOTOCICLETA;1;0;NO;2024;9;25;2;MIERCOLES;18,5;18;NOCHE;-1,0;-1,8369701987210297e-16;0,9749279121818236;-0,22252093395631434;1
2024-09-25;20:13:00;CUENCA;SAN JOAQUIN;RURAL;-2,951943;-79,235389;VÍA A SALDADOS-CHAUCHA;ESTRELLAMIENTOS;CONDUCIR DESATENTO A LAS CONDICIONES DE TRÁNSITO (CELULAR, PANTALLAS DE VIDEO, COMIDA, MAQUILLAJE O CUALQUIER OTRO ELEMENTO DISTRACTOR).;NO IDENTIFICADO;0;0;NO;2024;9;25;2;MIERCOLES;20,216666666666665;20;NOCHE;-0,8660254037844386;0,5000000000000001;0,9749279121818236;-0,22252093395631434;0
2024-09-26;11:57:00;CUENCA;MOLLETURO;RURAL;-2,748381;-79,397421;VÍA PATUL NINGUNA;VOLCAMIENTOS;MALAS CONDICIONES DE LA VÍA Y/O CONFIGURACIÓN. (ILUMINACIÓN Y DISEÑO).;NO IDENTIFICADO;1;0;NO;2024;9;26;3;JUEVES;11,95;11;MANANA;0,258819045102521;-0,9659258262890682;0,43388373911755823;-0,900968867902419;1
2024-09-26;13:29:00;CUENCA;CUENCA;URBANA;-2,897295;-79,024041;REMIGIO CRESPO Y LA ÉPOCA;CHOQUE LATERAL;NO RESPETAR LAS SEÑALES REGLAMENTARIAS DE TRÁNSITO. (PARE, CEDA EL PASO, LUZ ROJA DEL SEMAFORO, ETC).;BUS;0;0;NO;2024;9;26;3;JUEVES;13,483333333333333;13;TARDE;-0,2588190451025208;-0,9659258262890683;0,43388373911755823;-0,900968867902419;0
2024-09-26;14:03:00;CUENCA;CUENCA;URBANA;-2,889736;-78,982121;HURTADO DE MENDOZA Y SARAURCO;CHOQUE LATERAL;REALIZAR CAMBIO BRUSCO O INDEBIDO DE CARRIL.;MOTOCICLETA;1;0;NO;2024;9;26;3;JUEVES;14,05;14;TARDE;-0,4999999999999997;-0,8660254037844388;0,43388373911755823;-0,900968867902419;1
2024-09-27;08:25:00;CUENCA;CUENCA;URBANA;-2,892708;-79,000089;PIO BRAVO Y MARIANO CUEVA;CHOQUE LATERAL;REALIZAR CAMBIO BRUSCO O INDEBIDO DE CARRIL.;BUS;0;0;NO;2024;9;27;4;VIERNES;8,416666666666666;8;MANANA;0,8660254037844387;-0,4999999999999998;-0,433883739117558;-0,9009688679024191;0
2024-09-27;17:45:00;CUENCA;CUENCA;URBANA;-2,896726;-79,030601;CARLOS ARIZAGA VEGA Y MARIANO ESTRELLA;ATROPELLOS;CONDUCE BAJO LA INFLUENCIA DE ALCOHOL, SUSTANCIAS ESTUPEFACIENTES O PSICOTRÓPICAS Y/O MEDICAMENTOS.;NO IDENTIFICADO;1;0;NO;2024;9;27;4;VIERNES;17,75;17;TARDE;-0,9659258262890683;-0,25881904510252063;-0,433883739117558;-0,9009688679024191;1
2024-09-27;17:47:00;CUENCA;CUENCA;URBANA;-2,880871;-79,015973;PEDRO LÓPEZ DE ARGUDO Y AGUSTÍN IGLESIAS LINARES;CHOQUE LATERAL;CONDUCE BAJO LA INFLUENCIA DE ALCOHOL, SUSTANCIAS ESTUPEFACIENTES O PSICOTRÓPICAS Y/O MEDICAMENTOS.;MOTOCICLETA;1;0;NO;2024;9;27;4;VIERNES;17,783333333333335;17;TARDE;-0,9659258262890683;-0,25881904510252063;-0,433883739117558;-0,9009688679024191;1
2024-09-27;21:11:00;CUENCA;CUENCA;URBANA;-2,900026;-79,000331;PRESIDENTE CORDOVA Y ANTONIO VARGAS MACHUCA;CHOQUE LATERAL;DISPOSITIVO REGULADOR DE TRÁNSITO EN MAL ESTADO DE FUNCIONAMIENTO (SEMÁFORO).;VEHÍCULO DEPORTIVO UTILITARIO;1;0;NO;2024;9;27;4;VIERNES;21,183333333333334;21;NOCHE;-0,7071067811865477;0,7071067811865474;-0,433883739117558;-0,9009688679024191;1
2024-09-28;17:48:00;CUENCA;CUENCA;URBANA;-2,914101;-79,041315;JULIO VINUEZA Y CAMINO VIEJO A BAÑOS;ATROPELLOS;CONDUCE BAJO LA INFLUENCIA DE ALCOHOL, SUSTANCIAS ESTUPEFACIENTES O PSICOTRÓPICAS Y/O MEDICAMENTOS.;VEHÍCULO DEPORTIVO UTILITARIO;1;0;NO;2024;9;28;5;SABADO;17,8;17;TARDE;-0,9659258262890683;-0,25881904510252063;-0,9749279121818236;-0,2225209339563146;1
2024-09-28;22:58:00;CUENCA;CUENCA;URBANA;-2,883455;-79,056062;ORDOÑEZ LASSO Y DE LA HIERBABUENA;ESTRELLAMIENTOS;CONDUCE BAJO LA INFLUENCIA DE ALCOHOL, SUSTANCIAS ESTUPEFACIENTES O PSICOTRÓPICAS Y/O MEDICAMENTOS.;CAMIONETA;1;0;NO;2024;9;28;5;SABADO;22,966666666666665;22;NOCHE;-0,5000000000000004;0,8660254037844384;-0,9749279121818236;-0,2225209339563146;1
2024-09-29;15:05:00;CUENCA;CUENCA;URBANA;-2,910355;-79,021879;ISABEL LA CATOLICA Y LOPE DE VEGA;CHOQUE LATERAL;NO RESPETAR LAS SEÑALES REGLAMENTARIAS DE TRÁNSITO. (PARE, CEDA EL PASO, LUZ ROJA DEL SEMAFORO, ETC).;MOTOCICLETA;1;0;NO;2024;9;29;6;DOMINGO;15,083333333333334;15;TARDE;-0,7071067811865471;-0,7071067811865479;-0,7818314824680299;0,6234898018587334;1
2024-09-29;22:10:00;CUENCA;PACCHA (CUENCA);RURAL;-2,913731;-78,937031;VIA MONAY BAGUANCHI - PACCHA;ATROPELLOS;CONDUCE BAJO LA INFLUENCIA DE ALCOHOL, SUSTANCIAS ESTUPEFACIENTES O PSICOTRÓPICAS Y/O MEDICAMENTOS.;NO IDENTIFICADO;1;0;NO;2024;9;29;6;DOMINGO;22,166666666666668;22;NOCHE;-0,5000000000000004;0,8660254037844384;-0,7818314824680299;0,6234898018587334;1
2024-09-29;22:20:00;CUENCA;CUENCA;URBANA;-2,911823;-78,993963;DEL PARAISO Y DEL ARUPO;CHOQUE LATERAL;CONDUCE BAJO LA INFLUENCIA DE ALCOHOL, SUSTANCIAS ESTUPEFACIENTES O PSICOTRÓPICAS Y/O MEDICAMENTOS.;AUTOMÓVIL;0;0;NO;2024;9;29;6;DOMINGO;22,333333333333332;22;NOCHE;-0,5000000000000004;0,8660254037844384;-0,7818314824680299;0,6234898018587334;0
2024-09-30;07:10:00;CUENCA;CUENCA;URBANA;-2,900524;-79,002509;JUAN JARAMILLO Y HERMANO MIGUEL;CHOQUE LATERAL;DISPOSITIVO REGULADOR DE TRÁNSITO EN MAL ESTADO DE FUNCIONAMIENTO (SEMÁFORO).;VEHÍCULO DEPORTIVO UTILITARIO;0;0;NO;2024;9;30;0;LUNES;7,166666666666667;7;MANANA;0,9659258262890683;-0,25881904510252063;0,0;1,0;0
2024-09-30;14:39:00;CUENCA;CUENCA;URBANA;-2,890575;-79,013007;ANTONIO VEGA MUÑOZ Y OCTAVIO CORDERO;COLISIÓN;NO MANTENER LA DISTANCIA PRUDENCIAL CON RESPECTO AL VEHÍCULO QUE LE ANTECEDE.;AUTOMÓVIL;0;0;NO;2024;9;30;0;LUNES;14,65;14;TARDE;-0,4999999999999997;-0,8660254037844388;0,0;1,0;0
2024-09-30;14:55:00;CUENCA;CUENCA;URBANA;-2,885453;-78,987472;TURUHUAYCO Y CALLE VIEJA;CHOQUE LATERAL;DISPOSITIVO REGULADOR DE TRÁNSITO EN MAL ESTADO DE FUNCIONAMIENTO (SEMÁFORO).;CAMIONETA;1;0;NO;2024;9;30;0;LUNES;14,916666666666666;14;TARDE;-0,4999999999999997;-0,8660254037844388;0,0;1,0;1
2024-09-30;18:41:00;CUENCA;CUENCA;URBANA;-2,883016;-79,008216;CAMINO A LAZARETO Y ABELARDO J ANDRADE;ESTRELLAMIENTOS;CONDUCIR DESATENTO A LAS CONDICIONES DE TRÁNSITO (CELULAR, PANTALLAS DE VIDEO, COMIDA, MAQUILLAJE O CUALQUIER OTRO ELEMENTO DISTRACTOR).;AUTOMÓVIL;2;0;NO;2024;9;30;0;LUNES;18,683333333333334;18;NOCHE;-1,0;-1,8369701987210297e-16;0,0;1,0;2
2024-09-30;20:49:00;CUENCA;CUENCA;URBANA;-2,888989;-79,014316;AMERICAS Y ABRAHAM SARMIENTO;CHOQUE POSTERIOR;NO MANTENER LA DISTANCIA PRUDENCIAL CON RESPECTO AL VEHÍCULO QUE LE ANTECEDE.;CAMIÓN;1;0;NO;2024;9;30;0;LUNES;20,816666666666666;20;NOCHE;-0,8660254037844386;0,5000000000000001;0,0;1,0;1