FECHA;HORA;CANTON;PARROQUIA;ZONA;LATITUD_Y;LONGITUD_X;DIRECCION;TIPO_DE_SINIESTRO;CAUSA_PROBABLE;TIPO_DE_VEHICULO_1;LESIONADOS;FALLECIDOS;FERIADO;ANIO;MES;DIA;DIA_SEMANA;NOMBRE_DIA;HORA_DECIMAL;HORA_NUM;RANGO_HORARIO;HORA_SIN;HORA_COS;DIA_SIN;DIA_COS;TOTAL_VICTIMAS
2024-01-10;17:35:00;CUENCA;CUENCA;URBANA;-2,897433;-79,023306;AVENIDA REMIGIO CRESPO TORAL Y CHARLES DARWIN;CHOQUE LATERAL;NO RESPETAR LAS SEÑALES REGLAMENTARIAS DE TRÁNSITO. (PARE, CEDA EL PASO, LUZ ROJA DEL SEMAFORO, ETC).;AUTOMÓVIL;0;0;NO;2024;1;10;2;MIERCOLES;17,583333333333332;17;TARDE;-0,9659258262890683;-0,25881904510252063;0,9749279121818236;-0,22252093395631434;0
2024-01-10;18:43:00;CUENCA;CUENCA;URBANA;-2,92047;-79,002755;RED ESTATAL E35 KM704 AUTOPISTA CUENCA AZOGUES Y NO EXISTE;ATROPELLOS;NO CEDER EL DERECHO DE VÍA O PREFERENCIA DE PASO AL PEATÓN.;NO IDENTIFICADO;1;0;NO;2024;1;10;2;MIERCOLES;18,716666666666665;18;NOCHE;-1,0;-1,8369701987210297e-16;0,9749279121818236;-0,22252093395631434;1
2024-01-10;21:38:00;CUENCA;CUENCA;URBANA;-2,911046;-78,995261;DE LAS HERRERIAS Y AVENIDA 12 DE ABRIL;CHOQUE POSTERIOR;NO RESPETAR LAS SEÑALES REGLAMENTARIAS DE TRÁNSITO. (PARE, CEDA EL PASO, LUZ ROJA DEL SEMAFORO, ETC).;NO IDENTIFICADO;2;0;NO;2024;1;10;2;MIERCOLES;21,633333333333333;21;NOCHE;-0,7071067811865477;0,7071067811865474;0,9749279121818236;-0,22252093395631434;2
2024-02-10;07:29:00;CUENCA;CUENCA;URBANA;-2,878483;-78,943028;RED ESTATAL E35 KM696 Y VIA A PACCHA;CHOQUE POSTERIOR;NO MANTENER LA DISTANCIA PRUDENCIAL CON RESPECTO AL VEHÍCULO QUE LE ANTECEDE.;NO IDENTIFICADO;2;0;NO;2024;2;10;5;SABADO;7,483333333333333;7;MANANA;0,9659258262890683;-0,25881904510252063;-0,9749279121818236;-0,2225209339563146;2
2024-02-10;09:32:00;CUENCA;CUENCA;URBANA;-2,915515;-79,018226;AVENIDA DON BOSCO Y FERNANDO DE ARAGON;ATROPELLOS;NO CEDER EL DERECHO DE VÍA O PREFERENCIA DE PASO AL PEATÓN.;MOTOCICLETA;2;0;NO;2024;2;10;5;SABADO;9,533333333333333;9;MANANA;0,7071067811865476;-0,7071067811865475;-0,9749279121818236;-0,2225209339563146;2
2024-02-10;14:59:00;CUENCA;CUENCA;URBANA;-2,910061;-79,029422;AV. ISABEL LA CATÓLICA Y CIEZA DE LEON;CHOQUE LATERAL;NO RESPETAR LAS SEÑALES REGLAMENTARIAS DE TRÁNSITO. (PARE, CEDA EL PASO, LUZ ROJA DEL SEMAFORO, ETC).;AUTOMÓVIL;0;0;NO;2024;2;10;5;SABADO;14,983333333333333;14;TARDE;-0,4999999999999997;-0,8660254037844388;-0,9749279121818236;-0,2225209339563146;0
2024-02-10;18:30:00;CUENCA;CUENCA;URBANA;-2,88832;-79,004654;AVENIDA HEROES DE VERDELOMA Y PADRE AGUIRRE;CHOQUE LATERAL;NO RESPETAR LAS SEÑALES REGLAMENTARIAS DE TRÁNSITO. (PARE, CEDA EL PASO, LUZ ROJA DEL SEMAFORO, ETC).;AUTOMÓVIL;2;0;NO;2024;2;10;5;SABADO;18,5;18;NOCHE;-1,0;-1,8369701987210297e-16;-0,9749279121818236;-0,2225209339563146;2
2024-02-10;18:59:00;CUENCA;CUENCA;URBANA;-2,888829;-79,020464;AVENIDA DE LAS AMERICAS Y ISAAC ULLOA;COLISIÓN;CONDUCE BAJO LA INFLUENCIA DE ALCOHOL, SUSTANCIAS ESTUPEFACIENTES O PSICOTRÓPICAS Y/O MEDICAMENTOS.;CAMIÓN;0;0;NO;2024;2;10;5;SABADO;18,983333333333334;18;NOCHE;-1,0;-1,8369701987210297e-16;-0,9749279121818236;-0,2225209339563146;0
2024-03-10;12:59:00;CUENCA;BAÑOS (CUENCA);URBANA;-2,951355;-79,06502;CAMINO A NERO Y NO EXISTE;CAÍDA DE PASAJERO;NO RESPETAR LAS SEÑALES REGLAMENTARIAS DE TRÁNSITO. (PARE, CEDA EL PASO, LUZ ROJA DEL SEMAFORO, ETC).;NO IDENTIFICADO;1;0;NO;2024;3;10;6;DOMINGO;12,983333333333333;12;TARDE;1,2246467991473532e-16;-1,0;-0,7818314824680299;0,6234898018587334;1
2024-03-10;13:18:00;CUENCA;CUENCA;URBANA;-2,887023;-78,967919;AV. DE LAS AMÉRICAS Y SAN PABLO DE LAGO;COLISIÓN;NO MANTENER LA DISTANCIA PRUDENCIAL CON RESPECTO AL VEHÍCULO QUE LE ANTECEDE.;VEHÍCULO DEPORTIVO UTILITARIO;0;0;NO;2024;3;10;6;DOMINGO;13,3;13;TARDE;-0,2588190451025208;-0,9659258262890683;-0,7818314824680299;0,6234898018587334;0
2024-03-10;15:44:00;CUENCA;CUENCA;URBANA;-2,897835;-79,013876;CALLE DEL BATAN Y GUAYAS;ESTRELLAMIENTOS;CONDUCE BAJO LA INFLUENCIA DE ALCOHOL, SUSTANCIAS ESTUPEFACIENTES O PSICOTRÓPICAS Y/O MEDICAMENTOS.;CAMIONETA;0;0;NO;2024;3;10;6;DOMINGO;15,733333333333333;15;TARDE;-0,7071067811865471;-0,7071067811865479;-0,7818314824680299;0,6234898018587334;0
2024-04-10;15:32:00;CUENCA;CUENCA;URBANA;-2,916875;-79,009209;AV. DE 24 DE MAYO Y CAMINO VIEJO A TURI;ATROPELLOS;CONDICIONES AMBIENTALES Y/O ATMOSFÉRICAS (NIEBLA, NEBLINA, GRANIZO, LLUVIA).;SCOOTER ELÉCTRICO;1;0;NO;2024;4;10;2;MIERCOLES;15,533333333333333;15;TARDE;-0,7071067811865471;-0,7071067811865479;0,9749279121818236;-0,22252093395631434;1
2024-04-10;16:35:00;CUENCA;CUENCA;URBANA;-2,904189;-79,014187;AV. RICARDO MUÑOZ DAVILA Y PADRE JULIO MATOVELLE;CHOQUE LATERAL;NO RESPETAR LAS SEÑALES REGLAMENTARIAS DE TRÁNSITO. (PARE, CEDA EL PASO, LUZ ROJA DEL SEMAFORO, ETC).;NO IDENTIFICADO;2;0;NO;2024;4;10;2;MIERCOLES;16,583333333333332;16;TARDE;-0,8660254037844385;-0,5000000000000004;0,9749279121818236;-0,22252093395631434;2
2024-04-10;16:36:00;CUENCA;CUENCA;URBANA;-2,882517;-78,987333;AV. DE LAS AMERICAS Y HUACAS;CHOQUE POSTERIOR;NO MANTENER LA DISTANCIA PRUDENCIAL CON RESPECTO AL VEHÍCULO QUE LE ANTECEDE.;AUTOMÓVIL;0;0;NO;2024;4;10;2;MIERCOLES;16,6;16;TARDE;-0,8660254037844385;-0,5000000000000004;0,9749279121818236;-0,22252093395631434;0
2024-04-10;19:02:00;CUENCA;CUENCA;URBANA;-2,924912;-79,03823;RED ESTATAL E35 KM 708 AUTOPISTA CUENCA AZOGUES Y DE LA OPERA;CHOQUE LATERAL;NO RESPETAR LAS SEÑALES REGLAMENTARIAS DE TRÁNSITO. (PARE, CEDA EL PASO, LUZ ROJA DEL SEMAFORO, ETC).;NO IDENTIFICADO;1;0;NO;2024;4;10;2;MIERCOLES;19,033333333333335;19;NOCHE;-0,9659258262890684;0,2588190451025203;0,9749279121818236;-0,22252093395631434;1
2024-04-10;23:21:00;CUENCA;CUENCA;URBANA;-2,933328;-79,044404;RED ESTATAL E35 KM1 Y CALLE DE LA SERENATA;CHOQUE FRONTAL;CONDUCE BAJO LA INFLUENCIA DE ALCOHOL, SUSTANCIAS ESTUPEFACIENTES O PSICOTRÓPICAS Y/O MEDICAMENTOS.;VEHÍCULO DEPORTIVO UTILITARIO;0;0;NO;2024;4;10;2;MIERCOLES;23,35;23;NOCHE;-0,25881904510252157;0,9659258262890681;0,9749279121818236;-0,22252093395631434;0
2024-05-10;07:46:00;CUENCA;CUENCA;URBANA;-2,900455;-78,996779;AV. HUAYNA CAPAC Y MARISCAL SUCRE;CAÍDA DE PASAJERO;NO RESPETAR LAS SEÑALES REGLAMENTARIAS DE TRÁNSITO. (PARE, CEDA EL PASO, LUZ ROJA DEL SEMAFORO, ETC).;BUS;1;0;NO;2024;5;10;4;VIERNES;7,766666666666667;7;MANANA;0,9659258262890683;-0,25881904510252063;-0,433883739117558;-0,9009688679024191;1
2024-05-10;14:57:00;CUENCA;CUENCA;URBANA;-2,883392;-79,055546;AVENIDA ORDOÑEZ LASSO Y SAN MIGUEL DE PUTUSHI;ESTRELLAMIENTOS;CONDUCIR DESATENTO A LAS CONDICIONES DE TRÁNSITO (CELULAR, PANTALLAS DE VIDEO, COMIDA, MAQUILLAJE O CUALQUIER OTRO ELEMENTO DISTRACTOR).;AUTOMÓVIL;0;0;NO;2024;5;10;4;VIERNES;14,95;14;TARDE;-0,4999999999999997;-0,8660254037844388;-0,433883739117558;-0,9009688679024191;0
2024-05-10;18:55:00;CUENCA;CUENCA;URBANA;-2,906255;-79,00025;AV. 12 DE ABRIL Y PAUCARBAMBA;CHOQUE LATERAL;NO TRANSITAR POR LAS ACERAS O ZONAS DE SEGURIDAD DESTINADAS PARA EL EFECTO.;AUTOMÓVIL;1;0;NO;2024;5;10;4;VIERNES;18,916666666666668;18;NOCHE;-1,0;-1,8369701987210297e-16;-0,433883739117558;-0,9009688679024191;1
2024-05-10;23:20:00;CUENCA;CUENCA;URBANA;-2,902896;-79,037747;AV. ENRIQUE ARIZAGA TORAL Y ISAURO RODRIGUEZ;PÉRDIDA DE PISTA;NO RESPETAR LAS SEÑALES REGLAMENTARIAS DE TRÁNSITO. (PARE, CEDA EL PASO, LUZ ROJA DEL SEMAFORO, ETC).;NO IDENTIFICADO;1;0;NO;2024;5;10;4;VIERNES;23,333333333333332;23;NOCHE;-0,25881904510252157;0,9659258262890681;-0,433883739117558;-0,9009688679024191;1
2024-05-10;23:57:00;CUENCA;SININCAY;URBANA;-2,851239;-79,012765;MANUEL ANTONIO MUÑOZ BORRERO Y ISAAC A. CHICO;CHOQUE FRONTAL;NO RESPETAR LAS SEÑALES REGLAMENTARIAS DE TRÁNSITO. (PARE, CEDA EL PASO, LUZ ROJA DEL SEMAFORO, ETC).;AUTOMÓVIL;0;0;NO;2024;5;10;4;VIERNES;23,95;23;NOCHE;-0,25881904510252157;0,9659258262890681;-0,433883739117558;-0,9009688679024191;0
2024-07-10;07:39:00;CUENCA;CUENCA;URBANA;-2,9088;-79,00237;MIGUEL CORDERO DAVILA Y CORNELIO MERCHAN;CHOQUE LATERAL;PEATÓN QUE CRUZA LA CALZADA SIN RESPETAR LA SEÑALIZACIÓN EXISTENTE (SEMÁFOROS O SEÑALES MANUALES).;AUTOMÓVIL;3;0;NO;2024;7;10;2;MIERCOLES;7,65;7;MANANA;0,9659258262890683;-0,25881904510252063;0,9749279121818236;-0,22252093395631434;3
2024-07-10;07:55:00;CUENCA;CUENCA;URBANA;-2,924934;-79,038283;RED ESTATAL E35 KM 708 Y DE LA OPERA;ROZAMIENTOS;REALIZAR CAMBIO BRUSCO O INDEBIDO DE CARRIL.;VEHÍCULO DEPORTIVO UTILITARIO;2;0;NO;2024;7;10;2;MIERCOLES;7,916666666666667;7;MANANA;0,9659258262890683;-0,25881904510252063;0,9749279121818236;-0,22252093395631434;2
2024-07-10;07:56:00;CUENCA;CUENCA;URBANA;-2,889729;-78,964961;AV. GONZALEZ SUÁREZ Y AV. DE LAS AMERICAS;COLISIÓN;NO MANTENER LA DISTANCIA PRUDENCIAL CON RESPECTO AL VEHÍCULO QUE LE ANTECEDE.;CAMIÓN;3;0;NO;2024;7;10;2;MIERCOLES;7,933333333333334;7;MANANA;0,9659258262890683;-0,25881904510252063;0,9749279121818236;-0,22252093395631434;3
2024-07-10;08:15:00;CUENCA;OCTAVIO CORDERO PALACIOS;URBANA;-2,780806;-78,976571;CALLE SIN NOMBRE Y CALLE SIN NOMBRE;CHOQUE LATERAL;NO CEDER EL DERECHO DE VÍA O PREFERENCIA DE PASO A VEHÍCULOS.;MOTOCICLETA;1;0;NO;2024;7;10;2;MIERCOLES;8,25;8;MANANA;0,8660254037844387;-0,4999999999999998;0,9749279121818236;-0,22252093395631434;1
2024-07-10;08:30:00;CUENCA;CUENCA;URBANA;-2,916259;-79,028224;AVENIDA DE LOS CONQUISTADORES Y FRANCISCO DE ORELLANA;CHOQUE LATERAL;CONDUCE BAJO LA INFLUENCIA DE ALCOHOL, SUSTANCIAS ESTUPEFACIENTES O PSICOTRÓPICAS Y/O MEDICAMENTOS.;CAMIONETA;0;0;NO;2024;7;10;2;MIERCOLES;8,5;8;MANANA;0,8660254037844387;-0,4999999999999998;0,9749279121818236;-0,22252093395631434;0
2024-07-10;13:15:00;CUENCA;CUENCA;URBANA;-2,908466;-79,0169;AVENIDA 10 DE AGOSTO Y RICARDO MUÑOZ DAVILA;CHOQUE POSTERIOR;CONDUCIR EN ESTADO DE SOMNOLENCIA O MALAS CONDICIONES FÍSICAS (SUEÑO, CANSANCIO Y FATIGA).;AUTOMÓVIL;0;0;NO;2024;7;10;2;MIERCOLES;13,25;13;TARDE;-0,2588190451025208;-0,9659258262890683;0,9749279121818236;-0,22252093395631434;0
2024-07-10;21:16:00;CUENCA;CUENCA;URBANA;-2,891774;-79,008003;ANTONIO VEGA MUÑOZ Y JUAN MONTALVO;CHOQUE LATERAL;CONDUCIR EN ESTADO DE SOMNOLENCIA O MALAS CONDICIONES FÍSICAS (SUEÑO, CANSANCIO Y FATIGA).;AUTOMÓVIL;0;0;NO;2024;7;10;2;MIERCOLES;21,266666666666666;21;NOCHE;-0,7071067811865477;0,7071067811865474;0,9749279121818236;-0,22252093395631434;0
2024-08-10;07:00:00;CUENCA;CUENCA;URBANA;-2,908426;-79,016847;AVENIDA 10 DE AGOSTO Y AVENIDA RICARDO MUÑOZ DAVILA;CHOQUE LATERAL;CONDUCIR DESATENTO A LAS CONDICIONES DE TRÁNSITO (CELULAR, PANTALLAS DE VIDEO, COMIDA, MAQUILLAJE O CUALQUIER OTRO ELEMENTO DISTRACTOR).;AUTOMÓVIL;0;0;NO;2024;8;10;5;SABADO;7,0;7;MANANA;0,9659258262890683;-0,25881904510252063;-0,9749279121818236;-0,2225209339563146;0
2024-08-10;19:00:00;CUENCA;CUENCA;URBANA;-2,876944;-78,941563;RED ESTATAL E35 KM 695 Y UCUBAMBA;ESTRELLAMIENTOS;NO RESPETAR LAS SEÑALES REGLAMENTARIAS DE TRÁNSITO. (PARE, CEDA EL PASO, LUZ ROJA DEL SEMAFORO, ETC).;AUTOMÓVIL;1;0;NO;2024;8;10;5;SABADO;19,0;19;NOCHE;-0,9659258262890684;0,2588190451025203;-0,9749279121818236;-0,2225209339563146;1
2024-09-10;13:38:00;CUENCA;CUENCA;URBANA;-2,905882;-79,007338;AV. SOLANO Y REMIGIO TAMARIZ CRESPO;ROZAMIENTOS;NO GUARDAR LA DISTANCIA LATERAL MÍNIMA DE SEGURIDAD ENTRE VEHÍCULOS.;CAMIÓN;1;0;NO;2024;9;10;1;MARTES;13,633333333333333;13;TARDE;-0,2588190451025208;-0,9659258262890683;0,7818314824680298;0,6234898018587336;1
2024-09-10;15:13:00;CUENCA;BAÑOS (CUENCA);URBANA;-2,919222;-79,060952;AV. RICARDO DURAN Y DE LA CABALLERIA;ATROPELLOS;NO RESPETAR LAS SEÑALES REGLAMENTARIAS DE TRÁNSITO. (PARE, CEDA EL PASO, LUZ ROJA DEL SEMAFORO, ETC).;AUTOMÓVIL;1;0;NO;2024;9;10;1;MARTES;15,216666666666667;15;TARDE;-0,7071067811865471;-0,7071067811865479;0,7818314824680298;0,6234898018587336;1
2024-09-10;15:40:00;CUENCA;CUENCA;URBANA;-2,886298;-79,008747;AV. DE LAS AMÉRICAS Y AV. DEL CHOFER;CHOQUE LATERAL;NO RESPETAR LAS SEÑALES REGLAMENTARIAS DE TRÁNSITO. (PARE, CEDA EL PASO, LUZ ROJA DEL SEMAFORO, ETC).;MOTOCICLETA;2;0;NO;2024;9;10;1;MARTES;15,666666666666666;15;TARDE;-0,7071067811865471;-0,7071067811865479;0,7818314824680298;0,6234898018587336;2
2024-09-10;20:41:00;CUENCA;CUENCA;URBANA;-2,919323;-79,024176;DIEGO DE TAPIA Y AVENIDA 12 DE OCTUBRE;CHOQUE LATERAL;NO RESPETAR LAS SEÑALES REGLAMENTARIAS DE TRÁNSITO. (PARE, CEDA EL PASO, LUZ ROJA DEL SEMAFORO, ETC).;AUTOMÓVIL;1;0;NO;2024;9;10;1;MARTES;20,683333333333334;20;NOCHE;-0,8660254037844386;0,5000000000000001;0,7818314824680298;0,6234898018587336;1
2024-11-10;12:53:00;CUENCA;CUENCA;URBANA;-2,905244;-79,006881;AVENIDA FRAY VICENTE SOLANO Y AVENIDA FLORENCIA ASTUDILLO;CHOQUE LATERAL;NO RESPETAR LAS SEÑALES REGLAMENTARIAS DE TRÁNSITO. (PARE, CEDA EL PASO, LUZ ROJA DEL SEMAFORO, ETC).;AUTOMÓVIL;0;0;SI;2024;11;10;6;DOMINGO;12,883333333333333;12;TARDE;1,2246467991473532e-16;-1,0;-0,7818314824680299;0,6234898018587334;0
2024-11-10;19:26:00;CUENCA;CUENCA;URBANA;-2,877252;-78,941939;RED ESTATAL  E35 KM696 AZOGUES-CUENCA Y ENTRADA A UCUBAMBA;ESTRELLAMIENTOS;NO RESPETAR LAS SEÑALES REGLAMENTARIAS DE TRÁNSITO. (PARE, CEDA EL PASO, LUZ ROJA DEL SEMAFORO, ETC).;AUTOMÓVIL;0;0;SI;2024;11;10;6;DOMINGO;19,433333333333334;19;NOCHE;-0,9659258262890684;0,2588190451025203;-0,7818314824680299;0,6234898018587334;0
2024-12-10;16:45:00;CUENCA;CUENCA;URBANA;-2,891009;-79,011054;ANTONIO VEGA MUÑOZ Y MIGUEL VÉLEZ;CHOQUE LATERAL;NO RESPETAR LAS SEÑALES REGLAMENTARIAS DE TRÁNSITO. (PARE, CEDA EL PASO, LUZ ROJA DEL SEMAFORO, ETC).;AUTOMÓVIL;0;0;SI;2024;12;10;1;MARTES;16,75;16;TARDE;-0,8660254037844385;-0,5000000000000004;0,7818314824680298;0,6234898018587336;0
2024-10-13;12:04:00;CUENCA;VALLE;URBANA;-2,937212;-78,979994;CAMINO A SAN MIGUEL Y VIA A CUATRO ESQUINAS;ESTRELLAMIENTOS;CONDUCE BAJO LA INFLUENCIA DE ALCOHOL, SUSTANCIAS ESTUPEFACIENTES O PSICOTRÓPICAS Y/O MEDICAMENTOS.;CAMIONETA;0;0;SI;2024;10;13;6;DOMINGO;12,066666666666666;12;TARDE;1,2246467991473532e-16;-1,0;-0,7818314824680299;0,6234898018587334;0
2024-10-14;06:55:00;CUENCA;CUENCA;URBANA;-2,913206;-79,02172;AVENIDA 12 DE OCTUBRE Y CRISTOBAL COLON;ATROPELLOS;NO RESPETAR LAS SEÑALES REGLAMENTARIAS DE TRÁNSITO. (PARE, CEDA EL PASO, LUZ ROJA DEL SEMAFORO, ETC).;MOTOCICLETA;1;0;NO;2024;10;14;0;LUNES;6,916666666666667;6;MANANA;1,0;6,123233995736766e-17;0,0;1,0;1
2024-10-14;07:56:00;CUENCA;RICAURTE (CUENCA);URBANA;-2,863611;-78,95869;VIA AL QUINCHE Y ALEJANDRO PADILLA;CHOQUE LATERAL;NO RESPETAR LAS SEÑALES REGLAMENTARIAS DE TRÁNSITO. (PARE, CEDA EL PASO, LUZ ROJA DEL SEMAFORO, ETC).;CAMIONETA;1;0;NO;2024;10;14;0;LUNES;7,933333333333334;7;MANANA;0,9659258262890683;-0,25881904510252063;0,0;1,0;1
2024-10-14;19:18:00;CUENCA;CUENCA;URBANA;-2,905802;-78,996393;AVENIDA HUAYNA CAPAC Y CACIQUE DUMA;CHOQUE LATERAL;CONDUCIR DESATENTO A LAS CONDICIONES DE TRÁNSITO (CELULAR, PANTALLAS DE VIDEO, COMIDA, MAQUILLAJE O CUALQUIER OTRO ELEMENTO DISTRACTOR).;AUTOMÓVIL;2;0;NO;2024;10;14;0;LUNES;19,3;19;NOCHE;-0,9659258262890684;0,2588190451025203;0,0;1,0;2
2024-10-15;13:53:00;CUENCA;CUENCA;URBANA;-2,908582;-79,016976;AV. 10 DE AGOSTO Y AV.  RICARDO MUÑOZ DAVILA;CHOQUE LATERAL;DISPOSITIVO REGULADOR DE TRÁNSITO EN MAL ESTADO DE FUNCIONAMIENTO (SEMÁFORO).;AUTOMÓVIL;0;0;NO;2024;10;15;1;MARTES;13,883333333333333;13;TARDE;-0,2588190451025208;-0,9659258262890683;0,7818314824680298;0,6234898018587336;0
2024-10-15;20:54:00;CUENCA;CUENCA;URBANA;-2,910998;-78,993115;AV DEL PARAISO Y PASAJE DEL PARAISO;ARROLLAMIENTOS;CONDUCIR DESATENTO A LAS CONDICIONES DE TRÁNSITO (CELULAR, PANTALLAS DE VIDEO, COMIDA, MAQUILLAJE O CUALQUIER OTRO ELEMENTO DISTRACTOR).;NO IDENTIFICADO;1;0;NO;2024;10;15;1;MARTES;20,9;20;NOCHE;-0,8660254037844386;0,5000000000000001;0,7818314824680298;0,6234898018587336;1
2024-10-16;17:35:00;CUENCA;CUENCA;URBANA;-2,887682;-79,035784;AV DE LOS CEREZOS Y DEL BOG;ATROPELLOS;ADELANTAR O REBASAR A OTRO VEHÍCULO EN MOVIMIENTO EN ZONAS O SITIOS PELIGROSOS TALES COMO: CURVAS, PUENTES, TÚNELES, PENDIENTES, ETC.;NO IDENTIFICADO;1;0;NO;2024;10;16;2;MIERCOLES;17,583333333333332;17;TARDE;-0,9659258262890683;-0,25881904510252063;0,9749279121818236;-0,22252093395631434;1
2024-10-17;13:40:00;CUENCA;CUENCA;URBANA;-2,899076;-78,990563;AVENIDA GONZALEZ SUAREZ Y AVENIDA GUAPONDELIG;CHOQUE LATERAL;DISPOSITIVO REGULADOR DE TRÁNSITO EN MAL ESTADO DE FUNCIONAMIENTO (SEMÁFORO).;MOTOCICLETA;2;0;NO;2024;10;17;3;JUEVES;13,666666666666666;13;TARDE;-0,2588190451025208;-0,9659258262890683;0,43388373911755823;-0,900968867902419;2
2024-10-18;14:44:00;CUENCA;CUENCA;URBANA;-2,89792;-79,031546;MARIANO ESTRELLA Y MANUEL BALAREZO COBOS;PÉRDIDA DE CARRIL;CONDUCIR EN ESTADO DE SOMNOLENCIA O MALAS CONDICIONES FÍSICAS (SUEÑO, CANSANCIO Y FATIGA).;AUTOMÓVIL;0;0;NO;2024;10;18;4;VIERNES;14,733333333333333;14;TARDE;-0,4999999999999997;-0,8660254037844388;-0,433883739117558;-0,9009688679024191;0
2024-10-18;18:57:00;CUENCA;CUENCA;URBANA;-2,918944;-79,053352;AVENIDA RICARDO DURAN Y CALLE SIN NOMBRE;CHOQUE LATERAL;NO RESPETAR LAS SEÑALES REGLAMENTARIAS DE TRÁNSITO. (PARE, CEDA EL PASO, LUZ ROJA DEL SEMAFORO, ETC).;NO IDENTIFICADO;1;0;NO;2024;10;18;4;VIERNES;18,95;18;NOCHE;-1,0;-1,8369701987210297e-16;-0,433883739117558;-0,9009688679024191;1
2024-10-19;02:32:00;CUENCA;VALLE;URBANA;-2,936435;-78,96639;VIA AL VALLE Y VÍA A EL  DESPACHO;ATROPELLOS;CONDUCE BAJO LA INFLUENCIA DE ALCOHOL, SUSTANCIAS ESTUPEFACIENTES O PSICOTRÓPICAS Y/O MEDICAMENTOS.;AUTOMÓVIL;1;0;NO;2024;10;19;5;SABADO;2,533333333333333;2;MADRUGADA;0,49999999999999994;0,8660254037844387;-0,9749279121818236;-0,2225209339563146;1
2024-10-19;16:26:00;CUENCA;RICAURTE (CUENCA);URBANA;-2,871695;-78,966007;ANTONIO RICAURTE Y SIN NOMBRE;ESTRELLAMIENTOS;NO RESPETAR LAS SEÑALES REGLAMENTARIAS DE TRÁNSITO. (PARE, CEDA EL PASO, LUZ ROJA DEL SEMAFORO, ETC).;AUTOMÓVIL;0;0;NO;2024;10;19;5;SABADO;16,433333333333334;16;TARDE;-0,8660254037844385;-0,5000000000000004;-0,9749279121818236;-0,2225209339563146;0
2024-10-19;19:25:00;CUENCA;CUENCA;URBANA;-2,854;-78,98592;VÍA A CHECA-CHIQUINTAD Y VÍA A BELLAVISTA;PÉRDIDA DE PISTA;NO RESPETAR LAS SEÑALES REGLAMENTARIAS DE TRÁNSITO. (PARE, CEDA EL PASO, LUZ ROJA DEL SEMAFORO, ETC).;MOTOCICLETA;0;1;NO;2024;10;19;5;SABADO;19,416666666666668;19;NOCHE;-0,9659258262890684;0,2588190451025203;-0,9749279121818236;-0,2225209339563146;1
2024-10-19;23:10:00;CUENCA;CUENCA;URBANA;-2,914677;-79,027517;AV. DON BOSCO Y FRANCISCO DE ORELLANA;CHOQUE LATERAL;NO RESPETAR LAS SEÑALES REGLAMENTARIAS DE TRÁNSITO. (PARE, CEDA EL PASO, LUZ ROJA DEL SEMAFORO, ETC).;CAMIONETA;1;0;NO;2024;10;19;5;SABADO;23,166666666666668;23;NOCHE;-0,25881904510252157;0,9659258262890681;-0,9749279121818236;-0,2225209339563146;1
2024-10-20;03:01:00;CUENCA;CUENCA;URBANA;-2,907602;-78,984815;PUMAPUNGO Y RAÚL ANDRADE;PÉRDIDA DE PISTA;NO RESPETAR LAS SEÑALES REGLAMENTARIAS DE TRÁNSITO. (PARE, CEDA EL PASO, LUZ ROJA DEL SEMAFORO, ETC).;VEHÍCULO DEPORTIVO UTILITARIO;2;0;NO;2024;10;20;6;DOMINGO;3,0166666666666666;3;MADRUGADA;0,7071067811865476;0,7071067811865476;-0,7818314824680299;0,6234898018587334;2
2024-10-20;03:08:00;CUENCA;LLACAO;URBANA;-2,838611;-78,939686;VÍA A LLACAO Y NINGUNA;ATROPELLOS;NO CEDER EL DERECHO DE VÍA O PREFERENCIA DE PASO AL PEATÓN.;MOTOCICLETA;1;0;NO;2024;10;20;6;DOMINGO;3,1333333333333333;3;MADRUGADA;0,7071067811865476;0,7071067811865476;-0,7818314824680299;0,6234898018587334;1
2024-10-20;08:03:00;CUENCA;CUENCA;URBANA;-2,891034;-79,006895;TARQUI Y PIO BRAVO;CHOQUE LATERAL;NO RESPETAR LAS SEÑALES REGLAMENTARIAS DE TRÁNSITO. (PARE, CEDA EL PASO, LUZ ROJA DEL SEMAFORO, ETC).;VEHÍCULO DEPORTIVO UTILITARIO;1;0;NO;2024;10;20;6;DOMINGO;8,05;8;MANANA;0,8660254037844387;-0,4999999999999998;-0,7818314824680299;0,6234898018587334;1
2024-10-20;08:20:00;CUENCA;CUENCA;URBANA;-2,889563;-79,011011;RAFAEL MARIA ARIZAGA Y MIGUEL VELEZ;CHOQUE LATERAL;CONDUCIR DESATENTO A LAS CONDICIONES DE TRÁNSITO (CELULAR, PANTALLAS DE VIDEO, COMIDA, MAQUILLAJE O CUALQUIER OTRO ELEMENTO DISTRACTOR).;NO IDENTIFICADO;2;0;NO;2024;10;20;6;DOMINGO;8,333333333333334;8;MANANA;0,8660254037844387;-0,4999999999999998;-0,7818314824680299;0,6234898018587334;2