FECHA;HORA;CANTON;PARROQUIA;ZONA;LATITUD_Y;LONGITUD_X;DIRECCION;TIPO_DE_SINIESTRO;CAUSA_PROBABLE;TIPO_DE_VEHICULO_1;LESIONADOS;FALLECIDOS;FERIADO;ANIO;MES;DIA;DIA_SEMANA;NOMBRE_DIA;HORA_DECIMAL;HORA_NUM;RANGO_HORARIO;HORA_SIN;HORA_COS;DIA_SIN;DIA_COS;TOTAL_VICTIMAS
2024-11-04;02:30:00;CUENCA;SAN JOAQUIN;RURAL;-2,896783;-79,054735;SE  ENCUENTRA UBICADO RED VIAL E-582 SENTIDO MOLLETURO  - CUENCA AL LLEGAR AL KM 1 APROXIMADAMENTE REFERENCIA Y DE SAYAUSI;ESTRELLAMIENTOS;CONDUCIR DESATENTO A LAS CONDICIONES DE TRÁNSITO (CELULAR, PANTALLAS DE VIDEO, COMIDA, MAQUILLAJE O CUALQUIER OTRO ELEMENTO DISTRACTOR).;VEHÍCULO DEPORTIVO UTILITARIO;0;0;SI;2024;11;4;0;LUNES;2,5;2;MADRUGADA;0,49999999999999994;0,8660254037844387;0,0;1,0;0
2024-11-04;14:20:00;CUENCA;SAYAUSI;RURAL;-2,871667;-79,077222;SE  ENCUENTRA UBICADO RED VIAL E-582 SENTIDO SAN JOAQUIN   -  Y DE SAYAUSI  AL LLEGAR AL KM 6+180 APROXIMADAMENTE REFERENCIA Y DE SAYAUSI;CHOQUE FRONTAL;CONDUCIR EN SENTIDO CONTRARIO A LA VÍA NORMAL DE CIRCULACIÓN.;AUTOMÓVIL;0;0;SI;2024;11;4;0;LUNES;14,333333333333334;14;TARDE;-0,4999999999999997;-0,8660254037844388;0,0;1,0;0
2024-11-07;10:25:00;CUENCA;MOLLETURO;RURAL;-2,699027;-79,477324;SE ENCUENTRA UBICADO EN LA RED VIAL E-582 SENTIDO NARANJAL  - CUENCA AL LLEGAR AL KM 106 A LA ALTURA DE LA CASETA DE TAMARINDO;PÉRDIDA DE CARRIL;CONDUCIR DESATENTO A LAS CONDICIONES DE TRÁNSITO (CELULAR, PANTALLAS DE VIDEO, COMIDA, MAQUILLAJE O CUALQUIER OTRO ELEMENTO DISTRACTOR).;MOTOCICLETA;1;0;NO;2024;11;7;3;JUEVES;10,416666666666666;10;MANANA;0,49999999999999994;-0,8660254037844387;0,43388373911755823;-0,900968867902419;1
2024-11-13;13:30:00;CUENCA;TARQUI (CUENCA);RURAL;-3,019611;-79,04075;RED VIAL E 35 KM 11+500 APROX.;CHOQUE FRONTAL;CONDUCIR EN SENTIDO CONTRARIO A LA VÍA NORMAL DE CIRCULACIÓN.;AUTOMÓVIL;3;0;NO;2024;11;13;2;MIERCOLES;13,5;13;TARDE;-0,2588190451025208;-0,9659258262890683;0,9749279121818236;-0,22252093395631434;3
2024-11-14;01:20:00;CUENCA;VICTORIA DEL PORTETE;RURAL;-3,081119;-79,072427;SE ENCUENTRA UBICADO EN LA RED VIAL E-59  SENTIDO CUMBE  - GIRON  AL LLEGAR AL KM 17.5 REFERENCIA ALTURA DEL COMEDOR LA CASONA DE CUY.;PÉRDIDA DE CARRIL;CONDUCIR DESATENTO A LAS CONDICIONES DE TRÁNSITO (CELULAR, PANTALLAS DE VIDEO, COMIDA, MAQUILLAJE O CUALQUIER OTRO ELEMENTO DISTRACTOR).;AUTOMÓVIL;0;0;NO;2024;11;14;3;JUEVES;1,3333333333333333;1;MADRUGADA;0,25881904510252074;0,9659258262890683;0,43388373911755823;-0,900968867902419;0
2024-11-16;00:20:00;CUENCA;MOLLETURO;RURAL;-2,729127;-79,413455;SE ENCUENTRA UBICADA EN LA  RED VIAL E-582 SENTIDO TAMARINDO  -  CUENCA  AL LLEGAR AL KM 75 APROXIMADAMENTE COMO REFERENCIA 500 METROS ANTES DEL RESTAURANTE LA CHOZA.;CHOQUE POSTERIOR;NO MANTENER LA DISTANCIA PRUDENCIAL CON RESPECTO AL VEHÍCULO QUE LE ANTECEDE.;VEHÍCULO DEPORTIVO UTILITARIO;4;0;NO;2024;11;16;5;SABADO;0,3333333333333333;0;MADRUGADA;0,0;1,0;-0,9749279121818236;-0,2225209339563146;4
2024-11-23;17:30:00;CUENCA;TARQUI (CUENCA);RURAL;-2,999917;-79,044417;RED VIAL E 35 KM 8 APROX.;CHOQUE FRONTAL;CONDUCIR EN SENTIDO CONTRARIO A LA VÍA NORMAL DE CIRCULACIÓN.;MOTOCICLETA;1;0;NO;2024;11;23;5;SABADO;17,5;17;TARDE;-0,9659258262890683;-0,25881904510252063;-0,9749279121818236;-0,2225209339563146;1
2024-11-26;10:30:00;CUENCA;BAÑOS (CUENCA);RURAL;-2,947111;-79,046861;RED VIAL E 59 KM 3 APROXIMADAMENTE;CHOQUE POSTERIOR;NO MANTENER LA DISTANCIA PRUDENCIAL CON RESPECTO AL VEHÍCULO QUE LE ANTECEDE.;AUTOMÓVIL;0;0;NO;2024;11;26;1;MARTES;10,5;10;MANANA;0,49999999999999994;-0,8660254037844387;0,7818314824680298;0,6234898018587336;0
2024-11-29;04:00:00;CUENCA;BAÑOS (CUENCA);RURAL;-2,957778;-79,049389;SE ENCUENTRA UBICADA EN LA  RED VIAL E-35  SENTIDO ZHUCAY  -  CUENCA  AL LLEGAR AL KM 2+100 APROXIMADAMENTE REFERENCIA A LA ALTURA DEL COMEDOR LA CUEVA DEL CASTILLO.;CHOQUE LATERAL;NO RESPETAR LAS SEÑALES REGLAMENTARIAS DE TRÁNSITO. (PARE, CEDA EL PASO, LUZ ROJA DEL SEMAFORO, ETC).;CAMIONETA;1;0;NO;2024;11;29;4;VIERNES;4,0;4;MADRUGADA;0,8660254037844386;0,5000000000000001;-0,433883739117558;-0,9009688679024191;1
2024-11-01;01:24:00;CUENCA;CUENCA;URBANA;-2,885314;-79,050343;ORDOÑEZ LASSO Y DE LOS HORNOS;ESTRELLAMIENTOS;CONDUCE BAJO LA INFLUENCIA DE ALCOHOL, SUSTANCIAS ESTUPEFACIENTES O PSICOTRÓPICAS Y/O MEDICAMENTOS.;MOTOCICLETA;2;0;SI;2024;11;1;4;VIERNES;1,4;1;MADRUGADA;0,25881904510252074;0,9659258262890683;-0,433883739117558;-0,9009688679024191;2
2024-11-01;02:32:00;CUENCA;CUENCA;URBANA;-2,89951;-79,016331;REMIGIO CRESPO Y EL ORO;PÉRDIDA DE PISTA;NO RESPETAR LAS SEÑALES REGLAMENTARIAS DE TRÁNSITO. (PARE, CEDA EL PASO, LUZ ROJA DEL SEMAFORO, ETC).;AUTOMÓVIL;0;0;SI;2024;11;1;4;VIERNES;2,533333333333333;2;MADRUGADA;0,49999999999999994;0,8660254037844387;-0,433883739117558;-0,9009688679024191;0
2024-11-01;05:32:00;CUENCA;CUENCA;URBANA;-2,852925;-78,908996;RED ESTATAL E 35 KM 690 Y SN;ATROPELLOS;MAL ESTACIONADO - EL CONDUCTOR QUE DETENGA O ESTACIONE VEHÍCULOS EN SITIOS O ZONAS QUE ENTRAÑEN PELIGRO, TALES COMO ZONA DE SEGURIDAD, CURVAS, PUENTES, TÚNELES, PENDIENTES.;CAMIONETA;1;0;SI;2024;11;1;4;VIERNES;5,533333333333333;5;MADRUGADA;0,9659258262890683;0,25881904510252074;-0,433883739117558;-0,9009688679024191;1
2024-11-01;09:55:00;CUENCA;CUENCA;URBANA;-2,910286;-79,017196;PRIMERO DE MAYO Y TIRSO DE MOLINA;ESTRELLAMIENTOS;MAL ESTACIONADO - EL CONDUCTOR QUE DETENGA O ESTACIONE VEHÍCULOS EN SITIOS O ZONAS QUE ENTRAÑEN PELIGRO, TALES COMO ZONA DE SEGURIDAD, CURVAS, PUENTES, TÚNELES, PENDIENTES.;CAMIONETA;1;0;SI;2024;11;1;4;VIERNES;9,916666666666666;9;MANANA;0,7071067811865476;-0,7071067811865475;-0,433883739117558;-0,9009688679024191;1
2024-11-01;22:26:00;CUENCA;SANTA ANA;RURAL;-2,968606;-78,913027;VIA A SAN BARTOLOME Y SN;PÉRDIDA DE CARRIL;CONDUCE BAJO LA INFLUENCIA DE ALCOHOL, SUSTANCIAS ESTUPEFACIENTES O PSICOTRÓPICAS Y/O MEDICAMENTOS.;BUS;1;0;SI;2024;11;1;4;VIERNES;22,433333333333334;22;NOCHE;-0,5000000000000004;0,8660254037844384;-0,433883739117558;-0,9009688679024191;1
2024-11-01;22:57:00;CUENCA;CUENCA;URBANA;-2,892256;-79,030209;RICARDO DARQUEA Y ELENA LANDÍVAR;ESTRELLAMIENTOS;CONDUCIR DESATENTO A LAS CONDICIONES DE TRÁNSITO (CELULAR, PANTALLAS DE VIDEO, COMIDA, MAQUILLAJE O CUALQUIER OTRO ELEMENTO DISTRACTOR).;CAMIONETA;0;0;SI;2024;11;1;4;VIERNES;22,95;22;NOCHE;-0,5000000000000004;0,8660254037844384;-0,433883739117558;-0,9009688679024191;0
2024-11-02;03:33:00;CUENCA;CUENCA;URBANA;-2,901285;-79,005632;BENIGNO MALO Y LARGA;ESTRELLAMIENTOS;PEATÓN TRANSITA BAJO INFLUENCIA DE ALCOHOL, SUSTANCIAS ESTUPEFACIENTES O PSICOTRÓPICAS Y/O MEDICAMENTOS.;AUTOMÓVIL;1;0;SI;2024;11;2;5;SABADO;3,55;3;MADRUGADA;0,7071067811865476;0,7071067811865476;-0,9749279121818236;-0,2225209339563146;1
2024-11-02;04:55:00;CUENCA;CUENCA;URBANA;-2,897037;-79,007926;TARQUI Y MARISCAL SUCRE;CHOQUE LATERAL;CONDUCE BAJO LA INFLUENCIA DE ALCOHOL, SUSTANCIAS ESTUPEFACIENTES O PSICOTRÓPICAS Y/O MEDICAMENTOS.;AUTOMÓVIL;2;0;SI;2024;11;2;5;SABADO;4,916666666666667;4;MADRUGADA;0,8660254037844386;0,5000000000000001;-0,9749279121818236;-0,2225209339563146;2
2024-11-02;11:22:00;CUENCA;CUENCA;URBANA;-2,904828;-78,984112;MAX UHLE Y PASAJE PARESPATA;CHOQUE LATERAL;NO CEDER EL DERECHO DE VÍA O PREFERENCIA DE PASO A VEHÍCULOS.;MOTOCICLETA;1;0;SI;2024;11;2;5;SABADO;11,366666666666667;11;MANANA;0,258819045102521;-0,9659258262890682;-0,9749279121818236;-0,2225209339563146;1
2024-11-02;15:10:00;CUENCA;TURI;RURAL;-2,933055;-79,032855;VÍA AL CALVARIO Y SN;ROZAMIENTOS;NO GUARDAR LA DISTANCIA LATERAL MÍNIMA DE SEGURIDAD ENTRE VEHÍCULOS.;AUTOMÓVIL;0;0;SI;2024;11;2;5;SABADO;15,166666666666666;15;TARDE;-0,7071067811865471;-0,7071067811865479;-0,9749279121818236;-0,2225209339563146;0
2024-11-02;20:02:00;CUENCA;CUENCA;URBANA;-2,898926;-79,026756;AV AMERICAS Y AMAZONAS;ESTRELLAMIENTOS;DISPOSITIVO REGULADOR DE TRÁNSITO EN MAL ESTADO DE FUNCIONAMIENTO (SEMÁFORO).;AUTOMÓVIL;0;0;SI;2024;11;2;5;SABADO;20,033333333333335;20;NOCHE;-0,8660254037844386;0,5000000000000001;-0,9749279121818236;-0,2225209339563146;0
2024-11-03;03:39:00;CUENCA;CUENCA;URBANA;-2,881296;-79,019247;ABELARDO J ANDRADE Y JARAMIJO;ESTRELLAMIENTOS;CONDUCIR DESATENTO A LAS CONDICIONES DE TRÁNSITO (CELULAR, PANTALLAS DE VIDEO, COMIDA, MAQUILLAJE O CUALQUIER OTRO ELEMENTO DISTRACTOR).;AUTOMÓVIL;1;0;SI;2024;11;3;6;DOMINGO;3,65;3;MADRUGADA;0,7071067811865476;0,7071067811865476;-0,7818314824680299;0,6234898018587334;1
2024-11-03;07:34:00;CUENCA;CUENCA;URBANA;-2,880928;-79,059564;DEL TEJAR Y DE LA HIERBA LUISA;CHOQUE LATERAL;NO MANTENER LA DISTANCIA PRUDENCIAL CON RESPECTO AL VEHÍCULO QUE LE ANTECEDE.;CAMIONETA;2;0;SI;2024;11;3;6;DOMINGO;7,566666666666666;7;MANANA;0,9659258262890683;-0,25881904510252063;-0,7818314824680299;0,6234898018587334;2
2024-11-03;17:38:00;CUENCA;TURI;RURAL;-2,936944;-79,026836;VÍA A PUNTA CORRAL SAN AGUSTIN Y ENTRADA A SIGSALES;CHOQUE LATERAL;ADELANTAR O REBASAR A OTRO VEHÍCULO EN MOVIMIENTO EN ZONAS O SITIOS PELIGROSOS TALES COMO: CURVAS, PUENTES, TÚNELES, PENDIENTES, ETC.;AUTOMÓVIL;2;0;SI;2024;11;3;6;DOMINGO;17,633333333333333;17;TARDE;-0,9659258262890683;-0,25881904510252063;-0,7818314824680299;0,6234898018587334;2
2024-11-04;04:31:00;CUENCA;CUENCA;URBANA;-2,899651;-78,984592;MAX UHLE  Y  GONZALEZ SUAREZ;ESTRELLAMIENTOS;CONDUCE BAJO LA INFLUENCIA DE ALCOHOL, SUSTANCIAS ESTUPEFACIENTES O PSICOTRÓPICAS Y/O MEDICAMENTOS.;CAMIONETA;0;0;SI;2024;11;4;0;LUNES;4,516666666666667;4;MADRUGADA;0,8660254037844386;0,5000000000000001;0,0;1,0;0
2024-11-04;06:13:00;CUENCA;CUENCA;URBANA;-2,910455;-78,994027;12 DE ABRIL Y DEL PARAÍSO;CHOQUE LATERAL;NO CEDER EL DERECHO DE VÍA O PREFERENCIA DE PASO A VEHÍCULOS.;AUTOMÓVIL;1;0;SI;2024;11;4;0;LUNES;6,216666666666667;6;MANANA;1,0;6,123233995736766e-17;0,0;1,0;1
2024-11-04;07:49:00;CUENCA;CUENCA;URBANA;-2,84603;-78,912177;PANAMERICANA NORTE  Y  DEL BOMBERO;CHOQUE LATERAL;NO CEDER EL DERECHO DE VÍA O PREFERENCIA DE PASO A VEHÍCULOS.;MOTOCICLETA;1;0;SI;2024;11;4;0;LUNES;7,816666666666666;7;MANANA;0,9659258262890683;-0,25881904510252063;0,0;1,0;1
2024-11-04;10:21:00;CUENCA;CUENCA;URBANA;-2,915779;-79,021232;DON BOSCO Y JUAN DE SAMA;ATROPELLOS;NO CEDER EL DERECHO DE VÍA O PREFERENCIA DE PASO AL PEATÓN.;MOTOCICLETA;1;0;SI;2024;11;4;0;LUNES;10,35;10;MANANA;0,49999999999999994;-0,8660254037844387;0,0;1,0;1
2024-11-04;12:12:00;CUENCA;CUENCA;URBANA;-2,893104;-79,027445;C. VICTOR MANUEL ALBORNOZ  Y M. GALARZA;ATROPELLOS;CONDUCIR VEHÍCULO SUPERANDO LOS LÍMITES MÁXIMOS DE VELOCIDAD.;CAMIONETA;1;0;SI;2024;11;4;0;LUNES;12,2;12;TARDE;1,2246467991473532e-16;-1,0;0,0;1,0;1
2024-11-04;17:19:00;CUENCA;CUENCA;URBANA;-2,901435;-78,992103;GUSTAVO LEMUS  Y  GUAPONDELIG;ESTRELLAMIENTOS;NO GUARDAR LA DISTANCIA LATERAL MÍNIMA DE SEGURIDAD ENTRE VEHÍCULOS.;AUTOMÓVIL;0;0;SI;2024;11;4;0;LUNES;17,316666666666666;17;TARDE;-0,9659258262890683;-0,25881904510252063;0,0;1,0;0
2024-11-06;20:00:00;CUENCA;CUENCA;URBANA;-2,917791;-78,999572;24 DE MAYO  Y  LAS GARZAS;CHOQUE POSTERIOR;CONDUCE BAJO LA INFLUENCIA DE ALCOHOL, SUSTANCIAS ESTUPEFACIENTES O PSICOTRÓPICAS Y/O MEDICAMENTOS.;AUTOMÓVIL;0;0;NO;2024;11;6;2;MIERCOLES;20,0;20;NOCHE;-0,8660254037844386;0,5000000000000001;0,9749279121818236;-0,22252093395631434;0
2024-11-07;08:07:00;CUENCA;CUENCA;URBANA;-2,888733;-78,976751;TOTORACOCHA  Y  YAGUARCOCHA;ATROPELLOS;CONDUCIR VEHÍCULO SUPERANDO LOS LÍMITES MÁXIMOS DE VELOCIDAD.;NO IDENTIFICADO;0;0;NO;2024;11;7;3;JUEVES;8,116666666666667;8;MANANA;0,8660254037844387;-0,4999999999999998;0,43388373911755823;-0,900968867902419;0
2024-11-07;11:23:00;CUENCA;CUENCA;URBANA;-2,90091;-79,014863;LOJA Y REMIGIO TAMARIZ CRESPO;CHOQUE LATERAL;NO RESPETAR LAS SEÑALES REGLAMENTARIAS DE TRÁNSITO. (PARE, CEDA EL PASO, LUZ ROJA DEL SEMAFORO, ETC).;VEHÍCULO DEPORTIVO UTILITARIO;2;0;NO;2024;11;7;3;JUEVES;11,383333333333333;11;MANANA;0,258819045102521;-0,9659258262890682;0,43388373911755823;-0,900968867902419;2
2024-11-07;11:24:00;CUENCA;CUENCA;URBANA;-2,911839;-78,993974;PASAJE DEL PARAISO Y DEL ARUPO;CHOQUE LATERAL;NO RESPETAR LAS SEÑALES REGLAMENTARIAS DE TRÁNSITO. (PARE, CEDA EL PASO, LUZ ROJA DEL SEMAFORO, ETC).;CAMIONETA;1;0;NO;2024;11;7;3;JUEVES;11,4;11;MANANA;0,258819045102521;-0,9659258262890682;0,43388373911755823;-0,900968867902419;1
2024-11-07;15:25:00;CUENCA;CUENCA;URBANA;-2,908855;-79,007788;FRAY VICENTE SOLANO Y MIGUEL CORDERO DAVILA;CHOQUE LATERAL;NO CEDER EL DERECHO DE VÍA O PREFERENCIA DE PASO A VEHÍCULOS.;AUTOMÓVIL;0;0;NO;2024;11;7;3;JUEVES;15,416666666666666;15;TARDE;-0,7071067811865471;-0,7071067811865479;0,43388373911755823;-0,900968867902419;0
2024-11-07;15:25:00;CUENCA;CUENCA;URBANA;-2,908855;-79,007788;FRAY VICENTE SOLANO Y MIGUEL CORDERO DAVILA;CHOQUE LATERAL;NO RESPETAR LAS SEÑALES REGLAMENTARIAS DE TRÁNSITO. (PARE, CEDA EL PASO, LUZ ROJA DEL SEMAFORO, ETC).;AUTOMÓVIL;0;0;NO;2024;11;7;3;JUEVES;15,416666666666666;15;TARDE;-0,7071067811865471;-0,7071067811865479;0,43388373911755823;-0,900968867902419;0
2024-11-07;16:40:00;CUENCA;CUENCA;URBANA;-2,909219;-79,009938;ALFONSO MORENO MORA Y FEDERICO PROAÑO;CHOQUE LATERAL;DISPOSITIVO REGULADOR DE TRÁNSITO EN MAL ESTADO DE FUNCIONAMIENTO (SEMÁFORO).;CAMIONETA;2;0;NO;2024;11;7;3;JUEVES;16,666666666666668;16;TARDE;-0,8660254037844385;-0,5000000000000004;0,43388373911755823;-0,900968867902419;2
2024-11-08;00:21:00;CUENCA;CUENCA;URBANA;-2,890875;-79,025881;ORDOÑEZ LAZO Y LOS PINOS;PÉRDIDA DE CARRIL;CONDUCIR VEHÍCULO SUPERANDO LOS LÍMITES MÁXIMOS DE VELOCIDAD.;NO IDENTIFICADO;0;0;NO;2024;11;8;4;VIERNES;0,35;0;MADRUGADA;0,0;1,0;-0,433883739117558;-0,9009688679024191;0
2024-11-08;00:21:00;CUENCA;CUENCA;URBANA;-2,890875;-79,025881;ORDOÑEZ LAZO Y LOS PINOS;PÉRDIDA DE CARRIL;CONDUCIR VEHÍCULO SUPERANDO LOS LÍMITES MÁXIMOS DE VELOCIDAD.;MOTOCICLETA;0;1;NO;2024;11;8;4;VIERNES;0,35;0;MADRUGADA;0,0;1,0;-0,433883739117558;-0,9009688679024191;1
2024-11-08;12:54:00;CUENCA;CUENCA;URBANA;-2,91905;-79,015582;AV FELIPE II  Y JOSE ORTEGA Y GASSET;CHOQUE LATERAL;NO MANTENER LA DISTANCIA PRUDENCIAL CON RESPECTO AL VEHÍCULO QUE LE ANTECEDE.;CAMIONETA;0;0;NO;2024;11;8;4;VIERNES;12,9;12;TARDE;1,2246467991473532e-16;-1,0;-0,433883739117558;-0,9009688679024191;0
2024-11-08;13:50:00;CUENCA;CUENCA;URBANA;-2,899812;-79,01185;LOJA Y LORENZO PIEDRA;ROZAMIENTOS;REALIZAR CAMBIO BRUSCO O INDEBIDO DE CARRIL.;CAMIÓN;0;0;NO;2024;11;8;4;VIERNES;13,833333333333334;13;TARDE;-0,2588190451025208;-0,9659258262890683;-0,433883739117558;-0,9009688679024191;0
2024-11-08;15:38:00;CUENCA;CUENCA;URBANA;-2,898697;-78,996695;HUAYNA CAPAC Y SIMON BOLIVAR;CHOQUE LATERAL;NO RESPETAR LAS SEÑALES REGLAMENTARIAS DE TRÁNSITO. (PARE, CEDA EL PASO, LUZ ROJA DEL SEMAFORO, ETC).;AUTOMÓVIL;1;0;NO;2024;11;8;4;VIERNES;15,633333333333333;15;TARDE;-0,7071067811865471;-0,7071067811865479;-0,433883739117558;-0,9009688679024191;1
2024-11-08;19:22:00;CUENCA;CUENCA;URBANA;-2,924379;-79,036606;RED ESTATAL E35 KM 708 Y  VIA AL CALVARIO;CHOQUE POSTERIOR;NO MANTENER LA DISTANCIA PRUDENCIAL CON RESPECTO AL VEHÍCULO QUE LE ANTECEDE.;MOTOCICLETA;1;0;NO;2024;11;8;4;VIERNES;19,366666666666667;19;NOCHE;-0,9659258262890684;0,2588190451025203;-0,433883739117558;-0,9009688679024191;1
2024-11-09;13:21:00;CUENCA;CUENCA;URBANA;-2,893913;-79,006317;GENERAL TORRES Y MARISCAL LAMAR;ATROPELLOS;NO CEDER EL DERECHO DE VÍA O PREFERENCIA DE PASO AL PEATÓN.;NO IDENTIFICADO;0;0;NO;2024;11;9;5;SABADO;13,35;13;TARDE;-0,2588190451025208;-0,9659258262890683;-0,9749279121818236;-0,2225209339563146;0
2024-11-09;13:21:00;CUENCA;CUENCA;URBANA;-2,893913;-79,006317;GENERAL TORRES Y MARISCAL LAMAR;ATROPELLOS;NO CEDER EL DERECHO DE VÍA O PREFERENCIA DE PASO AL PEATÓN.;NO IDENTIFICADO;0;0;NO;2024;11;9;5;SABADO;13,35;13;TARDE;-0,2588190451025208;-0,9659258262890683;-0,9749279121818236;-0,2225209339563146;0
2024-11-09;23:13:00;CUENCA;CUENCA;URBANA;-2,899051;-79,004284;PRESIDENTE CORDOVA  Y  LUIS CORDERO;CHOQUE LATERAL;NO RESPETAR LAS SEÑALES REGLAMENTARIAS DE TRÁNSITO. (PARE, CEDA EL PASO, LUZ ROJA DEL SEMAFORO, ETC).;MOTOCICLETA;1;0;NO;2024;11;9;5;SABADO;23,216666666666665;23;NOCHE;-0,25881904510252157;0,9659258262890681;-0,9749279121818236;-0,2225209339563146;1
2024-11-10;11:35:00;CUENCA;CUENCA;URBANA;-2,918118;-78,992965;RED ESTATAL E35 KM 703 Y  MOLLOBAMBA;CHOQUE POSTERIOR;NO MANTENER LA DISTANCIA PRUDENCIAL CON RESPECTO AL VEHÍCULO QUE LE ANTECEDE.;SCOOTER ELÉCTRICO;3;0;NO;2024;11;10;6;DOMINGO;11,583333333333334;11;MANANA;0,258819045102521;-0,9659258262890682;-0,7818314824680299;0,6234898018587334;3
2024-11-10;20:30:00;CUENCA;CUENCA;URBANA;-2,893093;-78,99814;PÍO BRAVO Y TOMAS ORDOÑEZ;CHOQUE LATERAL;CONDUCE BAJO LA INFLUENCIA DE ALCOHOL, SUSTANCIAS ESTUPEFACIENTES O PSICOTRÓPICAS Y/O MEDICAMENTOS.;MOTOCICLETA;1;0;NO;2024;11;10;6;DOMINGO;20,5;20;NOCHE;-0,8660254037844386;0,5000000000000001;-0,7818314824680299;0,6234898018587334;1
2024-11-10;21:02:00;CUENCA;CUENCA;URBANA;-2,852439;-78,906249;RED ESTATAL E35 KM 691;PÉRDIDA DE CARRIL;CONDUCIR VEHÍCULO SUPERANDO LOS LÍMITES MÁXIMOS DE VELOCIDAD.;VEHÍCULO DEPORTIVO UTILITARIO;0;0;NO;2024;11;10;6;DOMINGO;21,033333333333335;21;NOCHE;-0,7071067811865477;0,7071067811865474;-0,7818314824680299;0,6234898018587334;0
2024-11-10;23:50:00;CUENCA;CUENCA;URBANA;-2,888625;-78,988093;AV. GIL RAMIREZ DÁVALOS  Y  ELIA LIUT;CHOQUE LATERAL;NO CEDER EL DERECHO DE VÍA O PREFERENCIA DE PASO A VEHÍCULOS.;MOTOCICLETA;1;0;NO;2024;11;10;6;DOMINGO;23,833333333333332;23;NOCHE;-0,25881904510252157;0,9659258262890681;-0,7818314824680299;0,6234898018587334;1
2024-11-11;09:48:00;CUENCA;CUENCA;URBANA;-2,909675;-79,013448;AV 10 DE AGOSTO Y  AV 27 DE FEBRERO;CHOQUE LATERAL;CONDUCE BAJO LA INFLUENCIA DE ALCOHOL, SUSTANCIAS ESTUPEFACIENTES O PSICOTRÓPICAS Y/O MEDICAMENTOS.;AUTOMÓVIL;0;0;NO;2024;11;11;0;LUNES;9,8;9;MANANA;0,7071067811865476;-0,7071067811865475;0,0;1,0;0
2024-11-11;19:40:00;CUENCA;CUENCA;URBANA;-2,88266;-78,984677;CALLE VIEJA  Y DE LAS LADERAS;CHOQUE LATERAL;CONDUCE BAJO LA INFLUENCIA DE ALCOHOL, SUSTANCIAS ESTUPEFACIENTES O PSICOTRÓPICAS Y/O MEDICAMENTOS.;MOTOCICLETA;1;0;NO;2024;11;11;0;LUNES;19,666666666666668;19;NOCHE;-0,9659258262890684;0,2588190451025203;0,0;1,0;1
2024-11-11;22:32:00;CUENCA;CUENCA;URBANA;-2,912968;-79,001166;10 DE AGOSTO Y FRANCISCO MOSCOSO;CHOQUE LATERAL;NO CEDER EL DERECHO DE VÍA O PREFERENCIA DE PASO A VEHÍCULOS.;BICICLETA;2;0;NO;2024;11;11;0;LUNES;22,533333333333335;22;NOCHE;-0,5000000000000004;0,8660254037844384;0,0;1,0;2
2024-11-12;14:06:00;CUENCA;SAN JOAQUIN;RURAL;-2,934726;-79,214602;VIA A SOLDADOS;VOLCAMIENTOS;CONDUCIR VEHÍCULO SUPERANDO LOS LÍMITES MÁXIMOS DE VELOCIDAD.;CAMIONETA;2;0;NO;2024;11;12;1;MARTES;14,1;14;TARDE;-0,4999999999999997;-0,8660254037844388;0,7818314824680298;0,6234898018587336;2
2024-11-12;15:26:00;CUENCA;CUENCA;URBANA;-2,886346;-79,008948;DE LAS AMERICAS  Y  DEL CHOFER;PÉRDIDA DE CARRIL;CONDUCIR VEHÍCULO SUPERANDO LOS LÍMITES MÁXIMOS DE VELOCIDAD.;MOTOCICLETA;0;1;NO;2024;11;12;1;MARTES;15,433333333333334;15;TARDE;-0,7071067811865471;-0,7071067811865479;0,7818314824680298;0,6234898018587336;1
2024-11-12;23:04:00;CUENCA;CUENCA;URBANA;-2,881794;-79,041744;CESAR ANDRADE CORDERO Y  DE LOS HIGOS;ESTRELLAMIENTOS;CONDUCE BAJO LA INFLUENCIA DE ALCOHOL, SUSTANCIAS ESTUPEFACIENTES O PSICOTRÓPICAS Y/O MEDICAMENTOS.;NO IDENTIFICADO;0;0;NO;2024;11;12;1;MARTES;23,066666666666666;23;NOCHE;-0,25881904510252157;0,9659258262890681;0,7818314824680298;0,6234898018587336;0
2024-11-13;13:49:00;CUENCA;CUENCA;URBANA;-2,898863;-78,975547;RAYOLOMA  Y PUMAPUNGO;CHOQUE LATERAL;NO CEDER EL DERECHO DE VÍA O PREFERENCIA DE PASO A VEHÍCULOS.;CAMIONETA;1;0;NO;2024;11;13;2;MIERCOLES;13,816666666666666;13;TARDE;-0,2588190451025208;-0,9659258262890683;0,9749279121818236;-0,22252093395631434;1