FECHA;HORA;CANTON;PARROQUIA;ZONA;LATITUD_Y;LONGITUD_X;DIRECCION;TIPO_DE_SINIESTRO;CAUSA_PROBABLE;TIPO_DE_VEHICULO_1;LESIONADOS;FALLECIDOS;FERIADO;ANIO;MES;DIA;DIA_SEMANA;NOMBRE_DIA;HORA_DECIMAL;HORA_NUM;RANGO_HORARIO;HORA_SIN;HORA_COS;DIA_SIN;DIA_COS;TOTAL_VICTIMAS
2024-12-22;03:06:00;CUENCA;CUENCA;URBANA;-2,897433;-79,003791;RED ESTATAL E35 KM702 AZOGUES-CUENCA Y ENTRADA VIA  AL VALLE;ROZAMIENTOS;NO GUARDAR LA DISTANCIA LATERAL MÍNIMA DE SEGURIDAD ENTRE VEHÍCULOS.;MOTOCICLETA;1;0;NO;2024;12;22;6;DOMINGO;3,1;3;MADRUGADA;0,7071067811865476;0,7071067811865476;-0,7818314824680299;0,6234898018587334;1
2024-12-22;05:46:00;CUENCA;CUENCA;URBANA;-2,897433;-79,003791;AV ABELARDO J ANDRADE Y DE LA ESPADAÑA;ESTRELLAMIENTOS;CONDUCIR DESATENTO A LAS CONDICIONES DE TRÁNSITO (CELULAR, PANTALLAS DE VIDEO, COMIDA, MAQUILLAJE O CUALQUIER OTRO ELEMENTO DISTRACTOR).;VEHÍCULO DEPORTIVO UTILITARIO;0;0;NO;2024;12;22;6;DOMINGO;5,766666666666667;5;MADRUGADA;0,9659258262890683;0,25881904510252074;-0,7818314824680299;0,6234898018587334;0
2024-12-22;23:43:00;CUENCA;CUENCA;URBANA;-2,897433;-79,003791;AV HURTADO DE MENDOZA  Y PASEO DE LOS CAÑARIS;CHOQUE LATERAL;CONDUCE BAJO LA INFLUENCIA DE ALCOHOL, SUSTANCIAS ESTUPEFACIENTES O PSICOTRÓPICAS Y/O MEDICAMENTOS.;MOTOCICLETA;2;0;NO;2024;12;22;6;DOMINGO;23,716666666666665;23;NOCHE;-0,25881904510252157;0,9659258262890681;-0,7818314824680299;0,6234898018587334;2
2024-12-26;06:11:00;CUENCA;CUENCA;URBANA;-2,897433;-79,003791;PANAMERICANA NORTE Y MARIA POLO;PÉRDIDA DE CARRIL;CONDUCE BAJO LA INFLUENCIA DE ALCOHOL, SUSTANCIAS ESTUPEFACIENTES O PSICOTRÓPICAS Y/O MEDICAMENTOS.;AUTOMÓVIL;3;0;NO;2024;12;26;3;JUEVES;6,183333333333334;6;MANANA;1,0;6,123233995736766e-17;0,43388373911755823;-0,900968867902419;3
2024-12-26;08:02:00;CUENCA;CUENCA;URBANA;-2,897433;-79,003791;HURTADO DE MENDOZA Y ANTISANA;CHOQUE LATERAL;NO MANTENER LA DISTANCIA PRUDENCIAL CON RESPECTO AL VEHÍCULO QUE LE ANTECEDE.;VEHÍCULO DEPORTIVO UTILITARIO;1;0;NO;2024;12;26;3;JUEVES;8,033333333333333;8;MANANA;0,8660254037844387;-0,4999999999999998;0,43388373911755823;-0,900968867902419;1
2024-12-26;15:46:00;CUENCA;CUENCA;URBANA;-2,897433;-79,003791;RED ESTATAL E35 KM 704 Y HERNAN MALO;PÉRDIDA DE CARRIL;CONDUCE BAJO LA INFLUENCIA DE ALCOHOL, SUSTANCIAS ESTUPEFACIENTES O PSICOTRÓPICAS Y/O MEDICAMENTOS.;VEHÍCULO DEPORTIVO UTILITARIO;0;3;NO;2024;12;26;3;JUEVES;15,766666666666667;15;TARDE;-0,7071067811865471;-0,7071067811865479;0,43388373911755823;-0,900968867902419;3
2024-12-26;22:24:00;CUENCA;TURI;URBANA;-2,928684;-79,022944;RED ESTATAL E35 KM 708 Y ALFONSO PINZON;ROZAMIENTOS;CONDUCE BAJO LA INFLUENCIA DE ALCOHOL, SUSTANCIAS ESTUPEFACIENTES O PSICOTRÓPICAS Y/O MEDICAMENTOS.;AUTOMÓVIL;0;0;NO;2024;12;26;3;JUEVES;22,4;22;NOCHE;-0,5000000000000004;0,8660254037844384;0,43388373911755823;-0,900968867902419;0
2024-12-31;18:41:00;CUENCA;CUENCA;URBANA;-2,897433;-79,003791;DE LOS ADOBES Y CHIRIMOYA;ESTRELLAMIENTOS;CASO FORTUITO O FUERZA MAYOR (EXPLOSIÓN DE NEUMÁTICO NUEVO, DERRUMBE, INUNDACIÓN, CAÍDA DE PUENTE, ÁRBOL, PRESENCIA INTEMPESTIVA E IMPREVISTA DE SEMOVIENTES EN LA VÍA, ETC.).;NO IDENTIFICADO;1;0;SI;2024;12;31;1;MARTES;18,683333333333334;18;NOCHE;-1,0;-1,8369701987210297e-16;0,7818314824680298;0,6234898018587336;1
2024-12-31;18:53:00;CUENCA;CUENCA;URBANA;-2,897433;-79,003791;RED ESTATAL E35 KM 11.5 Y SN;CHOQUE POSTERIOR;PRESENCIA DE AGENTES EXTERNOS EN LA VÍA (AGUA, ACEITE, PIEDRA, LASTRE, ESCOMBROS, MADEROS, ETC.).;NO IDENTIFICADO;1;0;SI;2024;12;31;1;MARTES;18,883333333333333;18;NOCHE;-1,0;-1,8369701987210297e-16;0,7818314824680298;0,6234898018587336;1
2024-12-03;10:50:00;CUENCA;MOLLETURO;RURAL;-2,789819;-79,360078;SE ENCUENTRA UBICADA EN LA  RED VIAL E-582 SENTIDO CUENCA  -  MOLLETURO  AL LLEGAR AL KM 57+260 APROXIMADAMENTE;PÉRDIDA DE CARRIL;CONDUCIR DESATENTO A LAS CONDICIONES DE TRÁNSITO (CELULAR, PANTALLAS DE VIDEO, COMIDA, MAQUILLAJE O CUALQUIER OTRO ELEMENTO DISTRACTOR).;CAMIÓN;0;0;NO;2024;12;3;1;MARTES;10,833333333333334;10;MANANA;0,49999999999999994;-0,8660254037844387;0,7818314824680298;0,6234898018587336;0
2024-12-05;08:42:00;CUENCA;BAÑOS (CUENCA);RURAL;-2,9585;-79,048611;RED VIAL E 59 KM 3+980;PÉRDIDA DE CARRIL;CONDUCIR DESATENTO A LAS CONDICIONES DE TRÁNSITO (CELULAR, PANTALLAS DE VIDEO, COMIDA, MAQUILLAJE O CUALQUIER OTRO ELEMENTO DISTRACTOR).;CAMIONETA;0;0;NO;2024;12;5;3;JUEVES;8,7;8;MANANA;0,8660254037844387;-0,4999999999999998;0,43388373911755823;-0,900968867902419;0
2024-12-05;15:45:00;CUENCA;SAYAUSI;RURAL;-2,873472;-79,075556;RED VIAL E 582 KM 6+450 APROX.;ATROPELLOS;CONDUCIR DESATENTO A LAS CONDICIONES DE TRÁNSITO (CELULAR, PANTALLAS DE VIDEO, COMIDA, MAQUILLAJE O CUALQUIER OTRO ELEMENTO DISTRACTOR).;CAMIÓN;1;0;NO;2024;12;5;3;JUEVES;15,75;15;TARDE;-0,7071067811865471;-0,7071067811865479;0,43388373911755823;-0,900968867902419;1
2024-12-07;12:00:00;CUENCA;MOLLETURO;RURAL;-2,774111;-79,385667;RED VIAL E 582 KM 61;PÉRDIDA DE CARRIL;CONDUCIR DESATENTO A LAS CONDICIONES DE TRÁNSITO (CELULAR, PANTALLAS DE VIDEO, COMIDA, MAQUILLAJE O CUALQUIER OTRO ELEMENTO DISTRACTOR).;CAMIÓN;0;0;NO;2024;12;7;5;SABADO;12,0;12;TARDE;1,2246467991473532e-16;-1,0;-0,9749279121818236;-0,2225209339563146;0
2024-12-08;10:35:00;CUENCA;TARQUI (CUENCA);RURAL;-2,987361;-79,046889;RED VIAL E59 KM 7+500;COLISIÓN;NO MANTENER LA DISTANCIA PRUDENCIAL CON RESPECTO AL VEHÍCULO QUE LE ANTECEDE.;NO IDENTIFICADO;0;0;NO;2024;12;8;6;DOMINGO;10,583333333333334;10;MANANA;0,49999999999999994;-0,8660254037844387;-0,7818314824680299;0,6234898018587334;0
2024-12-11;21:40:00;CUENCA;SAYAUSI;RURAL;-2,871722;-79,077278;RED VIAL E 582 KM 6+840.;ROZAMIENTOS;NO GUARDAR LA DISTANCIA LATERAL MÍNIMA DE SEGURIDAD ENTRE VEHÍCULOS.;MOTOCICLETA;0;0;NO;2024;12;11;2;MIERCOLES;21,666666666666668;21;NOCHE;-0,7071067811865477;0,7071067811865474;0,9749279121818236;-0,22252093395631434;0
2024-12-16;06:45:00;CUENCA;BAÑOS (CUENCA);RURAL;-2,947451;-79,046934;SE ENCUENTRA UBICADA EN LA  RED VIAL E-35  SENTIDO T DE TARQUI  ¿ CUENCA AL LLEGAR AL KM 2 APROXIMADAMENTE  A LA ALTURA DE LA IMPORTADORA CUMPLEAÑOS;ATROPELLOS;CONDUCIR DESATENTO A LAS CONDICIONES DE TRÁNSITO (CELULAR, PANTALLAS DE VIDEO, COMIDA, MAQUILLAJE O CUALQUIER OTRO ELEMENTO DISTRACTOR).;MOTOCICLETA;1;0;NO;2024;12;16;0;LUNES;6,75;6;MANANA;1,0;6,123233995736766e-17;0,0;1,0;1
2024-12-16;19:30:00;CUENCA;MOLLETURO;RURAL;-2,737347;-79,412843;SE ENCUENTRA UBICADA EN LA  RED VIAL E-582  SENTIDO GUAYAQUI   -  CUENCA  AL LLEGAR AL KM 101 APROXIMADAMENTE SECTOR TAMARINDO DIAGONAL AL POSTE Nº828 DE TELCONEL.;CHOQUE FRONTAL;CONDUCIR EN SENTIDO CONTRARIO A LA VÍA NORMAL DE CIRCULACIÓN.;CAMIONETA;1;0;NO;2024;12;16;0;LUNES;19,5;19;NOCHE;-0,9659258262890684;0,2588190451025203;0,0;1,0;1
2024-12-17;15:05:00;CUENCA;TARQUI (CUENCA);RURAL;-2,995556;-79,046444;SE ENCUENTRA UBICADA EN LA  RED VIAL E-35 SENTIDO T DE TARQUI  -  CUENCA AL LLEGAR AL KM 9+400 APROXIMADAMENTE DIAGONAL  A LA GASOLINERA TARQUI;CHOQUE LATERAL;NO RESPETAR LAS SEÑALES REGLAMENTARIAS DE TRÁNSITO. (PARE, CEDA EL PASO, LUZ ROJA DEL SEMAFORO, ETC).;MOTOCICLETA;1;0;NO;2024;12;17;1;MARTES;15,083333333333334;15;TARDE;-0,7071067811865471;-0,7071067811865479;0,7818314824680298;0,6234898018587336;1
2024-12-19;18:45:00;CUENCA;CUMBE;RURAL;-3,060861;-79,034731;SE ENCUENTRA UBICADA EN LA  RED VIAL E-35 A LA ALTURA DEL REDONDEL DE CUMBE AL LLEGAR AL KM 1+200 APROXIMADAMENTE;ATROPELLOS;CONDUCIR DESATENTO A LAS CONDICIONES DE TRÁNSITO (CELULAR, PANTALLAS DE VIDEO, COMIDA, MAQUILLAJE O CUALQUIER OTRO ELEMENTO DISTRACTOR).;NO IDENTIFICADO;0;1;NO;2024;12;19;3;JUEVES;18,75;18;NOCHE;-1,0;-1,8369701987210297e-16;0,43388373911755823;-0,900968867902419;1
2024-12-22;13:40:00;CUENCA;MOLLETURO;RURAL;-2,775941;-79,394971;SE ENCUENTRA UBICADA EN LA  RED VIAL E-582 SENTIDO CUENCA  -  MOLLETURO  AL LLEGAR AL KM 84+360 APROXIMADAMENTE A LA ALTURA DE LA FALLA GEOLÓGICA.;ROZAMIENTOS;NO GUARDAR LA DISTANCIA LATERAL MÍNIMA DE SEGURIDAD ENTRE VEHÍCULOS.;AUTOMÓVIL;0;2;NO;2024;12;22;6;DOMINGO;13,666666666666666;13;TARDE;-0,2588190451025208;-0,9659258262890683;-0,7818314824680299;0,6234898018587334;2
2024-12-29;00:25:00;CUENCA;TARQUI (CUENCA);RURAL;-2,988833;-79,045778;RED VIAL E 59 KM  8+500;ATROPELLOS;CONDUCIR DESATENTO A LAS CONDICIONES DE TRÁNSITO (CELULAR, PANTALLAS DE VIDEO, COMIDA, MAQUILLAJE O CUALQUIER OTRO ELEMENTO DISTRACTOR).;NO IDENTIFICADO;0;1;NO;2024;12;29;6;DOMINGO;0,4166666666666667;0;MADRUGADA;0,0;1,0;-0,7818314824680299;0,6234898018587334;1
2024-12-30;12:45:00;CUENCA;SAYAUSI;RURAL;-2,852167;-79,104917;RED VIAL E 582 KM 10 APROXIMADAMENTE.;PÉRDIDA DE CARRIL;CONDUCIR DESATENTO A LAS CONDICIONES DE TRÁNSITO (CELULAR, PANTALLAS DE VIDEO, COMIDA, MAQUILLAJE O CUALQUIER OTRO ELEMENTO DISTRACTOR).;VEHÍCULO DEPORTIVO UTILITARIO;2;0;SI;2024;12;30;0;LUNES;12,75;12;TARDE;1,2246467991473532e-16;-1,0;0,0;1,0;2
2025-01-01;04:25:00;CUENCA;SAYAUSI;RURAL;-2,866389;-79,088333;RED VIAL E 582 KM 8+280;ATROPELLOS;CONDUCIR DESATENTO A LAS CONDICIONES DE TRÁNSITO (CELULAR, PANTALLAS DE VIDEO, COMIDA, MAQUILLAJE O CUALQUIER OTRO ELEMENTO DISTRACTOR).;NO IDENTIFICADO;1;0;SI;2025;1;1;2;MIERCOLES;4,416666666666667;4;MADRUGADA;0,8660254037844386;0,5000000000000001;0,9749279121818236;-0,22252093395631434;1
2025-01-01;10:00:00;CUENCA;MOLLETURO;RURAL;-2,712694;-79,420139;RED VIAL E 582 KM 72;CHOQUE LATERAL;NO RESPETAR LAS SEÑALES REGLAMENTARIAS DE TRÁNSITO. (PARE, CEDA EL PASO, LUZ ROJA DEL SEMAFORO, ETC).;AUTOMÓVIL;0;0;SI;2025;1;1;2;MIERCOLES;10,0;10;MANANA;0,49999999999999994;-0,8660254037844387;0,9749279121818236;-0,22252093395631434;0
2025-01-07;14:20:00;CUENCA;TARQUI (CUENCA);RURAL;-2,962222;-79,050139;RED VIAL E 59 KM 4;PÉRDIDA DE CARRIL;CONDUCIR DESATENTO A LAS CONDICIONES DE TRÁNSITO (CELULAR, PANTALLAS DE VIDEO, COMIDA, MAQUILLAJE O CUALQUIER OTRO ELEMENTO DISTRACTOR).;CAMIONETA;0;0;NO;2025;1;7;1;MARTES;14,333333333333334;14;TARDE;-0,4999999999999997;-0,8660254037844388;0,7818314824680298;0,6234898018587336;0
2025-01-11;10:15:00;CUENCA;BAÑOS (CUENCA);RURAL;-2,95225;-79,048444;RED VIAL E 59 KM 3;CHOQUE LATERAL;NO RESPETAR LAS SEÑALES REGLAMENTARIAS DE TRÁNSITO. (PARE, CEDA EL PASO, LUZ ROJA DEL SEMAFORO, ETC).;AUTOMÓVIL;0;0;NO;2025;1;11;5;SABADO;10,25;10;MANANA;0,49999999999999994;-0,8660254037844387;-0,9749279121818236;-0,2225209339563146;0
2025-01-13;17:40:00;CUENCA;TARQUI (CUENCA);RURAL;-3,0125;-79,039167;SE ENCUENTRA UBICADA EN LA RED VIAL E-35  SENTIDO  TARQUI   ¿  CUENCA AL LLEGAR AL KM 11 ALTURA DE LA Y DE TARQUI;PÉRDIDA DE CARRIL;CONDUCIR DESATENTO A LAS CONDICIONES DE TRÁNSITO (CELULAR, PANTALLAS DE VIDEO, COMIDA, MAQUILLAJE O CUALQUIER OTRO ELEMENTO DISTRACTOR).;MOTOCICLETA;1;0;NO;2025;1;13;0;LUNES;17,666666666666668;17;TARDE;-0,9659258262890683;-0,25881904510252063;0,0;1,0;1
2025-01-15;19:15:00;CUENCA;BAÑOS (CUENCA);RURAL;-2,941882;-79,045685;SE ENCUENTRA UBICADO EN LA RED VIAL E-35 SENTIDO TARQUI  -  CUENCA AL LLEGAR AL KM 5 APROXIMADAMENTE COMO REFERENCIA A 200 METROS DE LA IMPORTADORA CUMPLEAÑOS.;CHOQUE FRONTAL;CONDUCIR EN SENTIDO CONTRARIO A LA VÍA NORMAL DE CIRCULACIÓN.;AUTOMÓVIL;3;0;NO;2025;1;15;2;MIERCOLES;19,25;19;NOCHE;-0,9659258262890684;0,2588190451025203;0,9749279121818236;-0,22252093395631434;3
2025-01-16;21:13:00;CUENCA;SAYAUSI;RURAL;-2,867861;-79,086139;RED VIAL E 582 KM 8;CHOQUE POSTERIOR;NO MANTENER LA DISTANCIA PRUDENCIAL CON RESPECTO AL VEHÍCULO QUE LE ANTECEDE.;MOTOCICLETA;1;0;NO;2025;1;16;3;JUEVES;21,216666666666665;21;NOCHE;-0,7071067811865477;0,7071067811865474;0,43388373911755823;-0,900968867902419;1
2025-01-18;16:00:00;CUENCA;SAYAUSI;RURAL;-2,867806;-79,086194;RED VIAL E 582 KM 7;CHOQUE LATERAL;NO RESPETAR LAS SEÑALES REGLAMENTARIAS DE TRÁNSITO. (PARE, CEDA EL PASO, LUZ ROJA DEL SEMAFORO, ETC).;CAMIÓN;2;0;NO;2025;1;18;5;SABADO;16,0;16;TARDE;-0,8660254037844385;-0,5000000000000004;-0,9749279121818236;-0,2225209339563146;2
2025-01-20;23:19:00;CUENCA;MOLLETURO;RURAL;-2,675528;-79,463917;RED VIAL E 582 KM 90+500;COLISIÓN;NO MANTENER LA DISTANCIA PRUDENCIAL CON RESPECTO AL VEHÍCULO QUE LE ANTECEDE.;AUTOMÓVIL;0;0;NO;2025;1;20;0;LUNES;23,316666666666666;23;NOCHE;-0,25881904510252157;0,9659258262890681;0,0;1,0;0
2025-01-21;13:32:00;CUENCA;TARQUI (CUENCA);RURAL;-3,025306;-79,038861;RED VIAL E 35 KM 12+500;CHOQUE POSTERIOR;NO MANTENER LA DISTANCIA PRUDENCIAL CON RESPECTO AL VEHÍCULO QUE LE ANTECEDE.;CAMIONETA;0;1;NO;2025;1;21;1;MARTES;13,533333333333333;13;TARDE;-0,2588190451025208;-0,9659258262890683;0,7818314824680298;0,6234898018587336;1
2025-01-25;16:40:00;CUENCA;TARQUI (CUENCA);RURAL;-2,961667;-79,05;SE ENCUENTRA UBICADO EN LA RED VIAL E-35 SENTIDO TARQUI  -  CUENCA AL LLEGAR AL KM 4 APROXIMADAMENTE COMO REFERENCIA  INGRESO A ZHUCAY.;CHOQUE LATERAL;NO RESPETAR LAS SEÑALES REGLAMENTARIAS DE TRÁNSITO. (PARE, CEDA EL PASO, LUZ ROJA DEL SEMAFORO, ETC).;VEHÍCULO DEPORTIVO UTILITARIO;1;0;NO;2025;1;25;5;SABADO;16,666666666666668;16;TARDE;-0,8660254037844385;-0,5000000000000004;-0,9749279121818236;-0,2225209339563146;1
2025-01-01;06:38:00;CUENCA;VALLE;RURAL;-2,924676;-78,976481;VIA AL VALLE Y SN;CHOQUE LATERAL;CONDUCIR EN SENTIDO CONTRARIO A LA VÍA NORMAL DE CIRCULACIÓN.;CAMIONETA;0;0;SI;2025;1;1;2;MIERCOLES;6,633333333333333;6;MANANA;1,0;6,123233995736766e-17;0,9749279121818236;-0,22252093395631434;0
2025-01-01;23:56:00;CUENCA;CUENCA;URBANA;-2,880171;-78,982928;AV. DE LAS AMERICAS Y PASEO DE MILCHICHIG;ESTRELLAMIENTOS;CONDUCIR DESATENTO A LAS CONDICIONES DE TRÁNSITO (CELULAR, PANTALLAS DE VIDEO, COMIDA, MAQUILLAJE O CUALQUIER OTRO ELEMENTO DISTRACTOR).;VEHÍCULO DEPORTIVO UTILITARIO;0;0;SI;2025;1;1;2;MIERCOLES;23,933333333333334;23;NOCHE;-0,25881904510252157;0,9659258262890681;0,9749279121818236;-0,22252093395631434;0
2025-02-01;06:19:00;CUENCA;CUENCA;URBANA;-2,897433;-79,003791;RED ESTATAL E35 KM 691 Y SN;PÉRDIDA DE PISTA;CONDUCIR DESATENTO A LAS CONDICIONES DE TRÁNSITO (CELULAR, PANTALLAS DE VIDEO, COMIDA, MAQUILLAJE O CUALQUIER OTRO ELEMENTO DISTRACTOR).;VEHÍCULO DEPORTIVO UTILITARIO;1;0;NO;2025;2;1;5;SABADO;6,316666666666666;6;MANANA;1,0;6,123233995736766e-17;-0,9749279121818236;-0,2225209339563146;1
2025-02-01;03:52:00;CUENCA;CUENCA;URBANA;-2,92114;-79,001731;RED ESTATAL E35 KM 704 Y HERNAN MALO GONZALEZ;PÉRDIDA DE CARRIL;CONDUCIR DESATENTO A LAS CONDICIONES DE TRÁNSITO (CELULAR, PANTALLAS DE VIDEO, COMIDA, MAQUILLAJE O CUALQUIER OTRO ELEMENTO DISTRACTOR).;VEHÍCULO DEPORTIVO UTILITARIO;0;0;NO;2025;2;1;5;SABADO;3,8666666666666667;3;MADRUGADA;0,7071067811865476;0,7071067811865476;-0,9749279121818236;-0,2225209339563146;0
2025-02-01;18:23:00;CUENCA;SININCAY;RURAL;-2,83531;-79,007492;VIA AL SALADO Y SN;ROZAMIENTOS;CONDUCE BAJO LA INFLUENCIA DE ALCOHOL, SUSTANCIAS ESTUPEFACIENTES O PSICOTRÓPICAS Y/O MEDICAMENTOS.;VEHÍCULO DEPORTIVO UTILITARIO;1;0;NO;2025;2;1;5;SABADO;18,383333333333333;18;NOCHE;-1,0;-1,8369701987210297e-16;-0,9749279121818236;-0,2225209339563146;1
2025-02-01;12:08:00;CUENCA;CUENCA;URBANA;-2,905078;-78,986351;CAMILO PONCE Y MEDARDO ANGEL SILVA;ATROPELLOS;CONDUCIR DESATENTO A LAS CONDICIONES DE TRÁNSITO (CELULAR, PANTALLAS DE VIDEO, COMIDA, MAQUILLAJE O CUALQUIER OTRO ELEMENTO DISTRACTOR).;MOTOCICLETA;0;1;NO;2025;2;1;5;SABADO;12,133333333333333;12;TARDE;1,2246467991473532e-16;-1,0;-0,9749279121818236;-0,2225209339563146;1
2025-02-02;09:06:00;CUENCA;CUENCA;URBANA;-2,89671;-78,974973;LOS ANDES Y GONZALEZ SUAREZ;CHOQUE POSTERIOR;CONDUCIR DESATENTO A LAS CONDICIONES DE TRÁNSITO (CELULAR, PANTALLAS DE VIDEO, COMIDA, MAQUILLAJE O CUALQUIER OTRO ELEMENTO DISTRACTOR).;VEHÍCULO DEPORTIVO UTILITARIO;0;0;NO;2025;2;2;6;DOMINGO;9,1;9;MANANA;0,7071067811865476;-0,7071067811865475;-0,7818314824680299;0,6234898018587334;0
2025-02-03;06:57:00;CUENCA;SAN JOAQUIN;RURAL;-2,889139;-79,062054;RED ESTATAL E582 KM 4 Y SN;CHOQUE LATERAL;NO CEDER EL DERECHO DE VÍA O PREFERENCIA DE PASO A VEHÍCULOS.;MOTOCICLETA;1;0;NO;2025;2;3;0;LUNES;6,95;6;MANANA;1,0;6,123233995736766e-17;0,0;1,0;1
2025-02-01;19:08:00;CUENCA;CUENCA;URBANA;-2,915245;-79,004569;27 DE FEBRERO Y ROBERTO CRESPO TORAL;ROZAMIENTOS;CONDUCE BAJO LA INFLUENCIA DE ALCOHOL, SUSTANCIAS ESTUPEFACIENTES O PSICOTRÓPICAS Y/O MEDICAMENTOS.;MOTOCICLETA;0;0;NO;2025;2;1;5;SABADO;19,133333333333333;19;NOCHE;-0,9659258262890684;0,2588190451025203;-0,9749279121818236;-0,2225209339563146;0
2025-02-18;15:57:00;CUENCA;CUENCA;RURAL;-2,86269;-78,936864;PANAMERICANA NORTE Y JULIA BERNAL;ATROPELLOS;NO TRANSITAR POR LAS ACERAS O ZONAS DE SEGURIDAD DESTINADAS PARA EL EFECTO.;NO IDENTIFICADO;1;0;NO;2025;2;18;1;MARTES;15,95;15;TARDE;-0,7071067811865471;-0,7071067811865479;0,7818314824680298;0,6234898018587336;1
2025-02-02;17:10:00;CUENCA;BAÑOS (CUENCA);URBANA;-2,925952;-79,057877;NARANCAY ALTO Y CALLE DEL PALO ENCEBADO;CHOQUE FRONTAL;CONDUCIR EN SENTIDO CONTRARIO A LA VÍA NORMAL DE CIRCULACIÓN.;VEHÍCULO DEPORTIVO UTILITARIO;1;0;NO;2025;2;2;6;DOMINGO;17,166666666666668;17;TARDE;-0,9659258262890683;-0,25881904510252063;-0,7818314824680299;0,6234898018587334;1
2025-02-04;14:52:00;CUENCA;CUENCA;URBANA;-2,910393;-79,021933;ISABEL LA CATOLICA Y  LOPE DE VEGA;ATROPELLOS;NO CEDER EL DERECHO DE VÍA O PREFERENCIA DE PASO AL PEATÓN.;AUTOMÓVIL;1;0;NO;2025;2;4;1;MARTES;14,866666666666667;14;TARDE;-0,4999999999999997;-0,8660254037844388;0,7818314824680298;0,6234898018587336;1
2025-02-05;12:57:00;CUENCA;CUENCA;URBANA;-2,913934;-79,020386;CRISTOBAL COLON Y FRAY LUIS DE LEÓN;CHOQUE LATERAL;NO RESPETAR LAS SEÑALES REGLAMENTARIAS DE TRÁNSITO. (PARE, CEDA EL PASO, LUZ ROJA DEL SEMAFORO, ETC).;AUTOMÓVIL;1;0;NO;2025;2;5;2;MIERCOLES;12,95;12;TARDE;1,2246467991473532e-16;-1,0;0,9749279121818236;-0,22252093395631434;1
2025-02-06;13:14:00;CUENCA;CUENCA;URBANA;-2,900524;-79,002525;JUAN JARAMILLO Y HERMANO MIGUEL;ATROPELLOS;NO CEDER EL DERECHO DE VÍA O PREFERENCIA DE PASO AL PEATÓN.;MOTOCICLETA;1;0;NO;2025;2;6;3;JUEVES;13,233333333333333;13;TARDE;-0,2588190451025208;-0,9659258262890683;0,43388373911755823;-0,900968867902419;1
2025-02-06;14:13:00;CUENCA;CUENCA;URBANA;-2,898637;-79,011607;12 DE ABRIL Y DEL FAROL;ATROPELLOS;NO CEDER EL DERECHO DE VÍA O PREFERENCIA DE PASO AL PEATÓN.;VEHÍCULO DEPORTIVO UTILITARIO;1;0;NO;2025;2;6;3;JUEVES;14,216666666666667;14;TARDE;-0,4999999999999997;-0,8660254037844388;0,43388373911755823;-0,900968867902419;1
2025-02-20;12:45:00;CUENCA;BAÑOS (CUENCA);URBANA;-2,937737;-79,046406;PANAMERICANA SUR Y ENTRADA A NERO;CHOQUE POSTERIOR;CONDUCE BAJO LA INFLUENCIA DE ALCOHOL, SUSTANCIAS ESTUPEFACIENTES O PSICOTRÓPICAS Y/O MEDICAMENTOS.;AUTOMÓVIL;1;0;NO;2025;2;20;3;JUEVES;12,75;12;TARDE;1,2246467991473532e-16;-1,0;0,43388373911755823;-0,900968867902419;1
2025-02-07;13:52:00;CUENCA;CUENCA;URBANA;-2,91585;-79,025955;BARTOLOME RUIZ Y LOS CONQUISTADORES;CHOQUE LATERAL;REALIZAR CAMBIO BRUSCO O INDEBIDO DE CARRIL.;AUTOMÓVIL;0;0;NO;2025;2;7;4;VIERNES;13,866666666666667;13;TARDE;-0,2588190451025208;-0,9659258262890683;-0,433883739117558;-0,9009688679024191;0
2025-02-07;13:25:00;CUENCA;CHAUCHA;RURAL;-2,875236;-79,422505;VIA EL CEDRO-ZHIN ALTO Y VIA EL CEDRO-ZHIN ALTO;PÉRDIDA DE PISTA;CONDUCIR DESATENTO A LAS CONDICIONES DE TRÁNSITO (CELULAR, PANTALLAS DE VIDEO, COMIDA, MAQUILLAJE O CUALQUIER OTRO ELEMENTO DISTRACTOR).;NO IDENTIFICADO;1;0;NO;2025;2;7;4;VIERNES;13,416666666666666;13;TARDE;-0,2588190451025208;-0,9659258262890683;-0,433883739117558;-0,9009688679024191;1
2025-02-07;20:49:00;CUENCA;SININCAY;RURAL;-2,859608;-79,020431;SACERDOTE GONZALO VASQUEZ Y LOS ARTESANOS;CHOQUE LATERAL;NO RESPETAR LAS SEÑALES REGLAMENTARIAS DE TRÁNSITO. (PARE, CEDA EL PASO, LUZ ROJA DEL SEMAFORO, ETC).;MOTOCICLETA;1;0;NO;2025;2;7;4;VIERNES;20,816666666666666;20;NOCHE;-0,8660254037844386;0,5000000000000001;-0,433883739117558;-0,9009688679024191;1