FECHA;HORA;CANTON;PARROQUIA;ZONA;LATITUD_Y;LONGITUD_X;DIRECCION;TIPO_DE_SINIESTRO;CAUSA_PROBABLE;TIPO_DE_VEHICULO_1;LESIONADOS;FALLECIDOS;FERIADO;ANIO;MES;DIA;DIA_SEMANA;NOMBRE_DIA;HORA_DECIMAL;HORA_NUM;RANGO_HORARIO;HORA_SIN;HORA_COS;DIA_SIN;DIA_COS;TOTAL_VICTIMAS
2025-02-07;11:03:00;CUENCA;CUENCA;URBANA;-2,899285;-79,007801;MIGUEL ULLAURI Y LARGA;ARROLLAMIENTOS;MAL ESTACIONADO - EL CONDUCTOR QUE DETENGA O ESTACIONE VEHÍCULOS EN SITIOS O ZONAS QUE ENTRAÑEN PELIGRO, TALES COMO ZONA DE SEGURIDAD, CURVAS, PUENTES, TÚNELES, PENDIENTES.;AUTOMÓVIL;1;0;NO;2025;2;7;4;VIERNES;11,05;11;MANANA;0,258819045102521;-0,9659258262890682;-0,433883739117558;-0,9009688679024191;1
2025-02-08;10:20:00;CUENCA;CUENCA;URBANA;-2,887727;-79,007453;HÉROES DE VERDELOMA Y NICARNOR MERCHAN;CHOQUE POSTERIOR;NO MANTENER LA DISTANCIA PRUDENCIAL CON RESPECTO AL VEHÍCULO QUE LE ANTECEDE.;VEHÍCULO DEPORTIVO UTILITARIO;0;0;NO;2025;2;8;5;SABADO;10,333333333333334;10;MANANA;0,49999999999999994;-0,8660254037844387;-0,9749279121818236;-0,2225209339563146;0
2025-02-08;14:29:00;CUENCA;TARQUI (CUENCA);RURAL;-3,015234;-79,036229;SIN NOMBRE Y VIA A TARQUI-GULLANZHAPA-TURI;PÉRDIDA DE PISTA;CONDUCIR DESATENTO A LAS CONDICIONES DE TRÁNSITO (CELULAR, PANTALLAS DE VIDEO, COMIDA, MAQUILLAJE O CUALQUIER OTRO ELEMENTO DISTRACTOR).;MOTOCICLETA;2;0;NO;2025;2;8;5;SABADO;14,483333333333333;14;TARDE;-0,4999999999999997;-0,8660254037844388;-0,9749279121818236;-0,2225209339563146;2
2025-02-08;04:44:00;CUENCA;SAN JOAQUIN;RURAL;-2,891593;-79,057274;RED ESTATAL E582 KM 3 Y DE LA REINA CLAUDIA;PÉRDIDA DE CARRIL;CONDUCE BAJO LA INFLUENCIA DE ALCOHOL, SUSTANCIAS ESTUPEFACIENTES O PSICOTRÓPICAS Y/O MEDICAMENTOS.;MOTOCICLETA;0;0;NO;2025;2;8;5;SABADO;4,733333333333333;4;MADRUGADA;0,8660254037844386;0,5000000000000001;-0,9749279121818236;-0,2225209339563146;0
2025-02-08;20:04:00;CUENCA;CUENCA;URBANA;-2,913897;-78,985884;RED ESTATAL E35 KM 702 Y VIA AL VALLE;PÉRDIDA DE CARRIL;CONDUCIR DESATENTO A LAS CONDICIONES DE TRÁNSITO (CELULAR, PANTALLAS DE VIDEO, COMIDA, MAQUILLAJE O CUALQUIER OTRO ELEMENTO DISTRACTOR).;MOTOCICLETA;2;0;NO;2025;2;8;5;SABADO;20,066666666666666;20;NOCHE;-0,8660254037844386;0,5000000000000001;-0,9749279121818236;-0,2225209339563146;2
2025-02-08;19:07:00;CUENCA;TURI;RURAL;-2,93291;-79,013956;VIA TARQUI - GULLANZHAPA  TURI  Y SN;PÉRDIDA DE CARRIL;CONDUCIR DESATENTO A LAS CONDICIONES DE TRÁNSITO (CELULAR, PANTALLAS DE VIDEO, COMIDA, MAQUILLAJE O CUALQUIER OTRO ELEMENTO DISTRACTOR).;MOTOCICLETA;1;0;NO;2025;2;8;5;SABADO;19,116666666666667;19;NOCHE;-0,9659258262890684;0,2588190451025203;-0,9749279121818236;-0,2225209339563146;1
2025-02-10;01:08:00;CUENCA;CUENCA;URBANA;-2,884425;-79,009874;ABELARDO J ANDRADE Y ARQUÍMEDES;PÉRDIDA DE CARRIL;CONDUCIR DESATENTO A LAS CONDICIONES DE TRÁNSITO (CELULAR, PANTALLAS DE VIDEO, COMIDA, MAQUILLAJE O CUALQUIER OTRO ELEMENTO DISTRACTOR).;AUTOMÓVIL;0;0;NO;2025;2;10;0;LUNES;1,1333333333333333;1;MADRUGADA;0,25881904510252074;0,9659258262890683;0,0;1,0;0
2025-02-11;20:13:00;CUENCA;CUENCA;URBANA;-2,924808;-79,040558;AV AMERICAS Y JORGE JUAN;CHOQUE POSTERIOR;NO MANTENER LA DISTANCIA PRUDENCIAL CON RESPECTO AL VEHÍCULO QUE LE ANTECEDE.;BUS;0;0;NO;2025;2;11;1;MARTES;20,216666666666665;20;NOCHE;-0,8660254037844386;0,5000000000000001;0,7818314824680298;0,6234898018587336;0
2025-02-12;06:49:00;CUENCA;CUENCA;URBANA;-2,899437;-79,028075;CARLOS ARIZAGA VEGA Y AV AMERICAS;CAÍDA DE PASAJERO;BAJARSE O SUBIRSE DE VEHÍCULOS EN MOVIMIENTO SIN TOMAR LAS PRECAUCIONES DEBIDAS.;BUS;1;0;NO;2025;2;12;2;MIERCOLES;6,816666666666666;6;MANANA;1,0;6,123233995736766e-17;0,9749279121818236;-0,22252093395631434;1
2025-02-12;13:20:00;CUENCA;CUENCA;URBANA;-2,883434;-78,991758;TURUHUAYCO Y ENRIQUE ESPIN;ESTRELLAMIENTOS;NO MANTENER LA DISTANCIA PRUDENCIAL CON RESPECTO AL VEHÍCULO QUE LE ANTECEDE.;AUTOMÓVIL;1;0;NO;2025;2;12;2;MIERCOLES;13,333333333333334;13;TARDE;-0,2588190451025208;-0,9659258262890683;0,9749279121818236;-0,22252093395631434;1
2025-02-12;19:50:00;CUENCA;CUENCA;URBANA;-2,899158;-79,010051;12 DE ABRIL Y LOJA;ATROPELLOS;NO CEDER EL DERECHO DE VÍA O PREFERENCIA DE PASO AL PEATÓN.;NO IDENTIFICADO;1;0;NO;2025;2;12;2;MIERCOLES;19,833333333333332;19;NOCHE;-0,9659258262890684;0,2588190451025203;0,9749279121818236;-0,22252093395631434;1
2025-02-13;07:03:00;CUENCA;SANTA ANA;RURAL;-2,969056;-78,911791;VIA SAN BARTOLOME Y SN;CHOQUE LATERAL;NO GUARDAR LA DISTANCIA LATERAL MÍNIMA DE SEGURIDAD ENTRE VEHÍCULOS.;AUTOMÓVIL;1;0;NO;2025;2;13;3;JUEVES;7,05;7;MANANA;0,9659258262890683;-0,25881904510252063;0,43388373911755823;-0,900968867902419;1
2025-02-11;19:31:00;CUENCA;CUENCA;URBANA;-2,891191;-78,983974;HURTADO DE MENDOZA Y FASAYÑAN;CHOQUE LATERAL;CONDUCIR DESATENTO A LAS CONDICIONES DE TRÁNSITO (CELULAR, PANTALLAS DE VIDEO, COMIDA, MAQUILLAJE O CUALQUIER OTRO ELEMENTO DISTRACTOR).;VEHÍCULO DEPORTIVO UTILITARIO;0;0;NO;2025;2;11;1;MARTES;19,516666666666666;19;NOCHE;-0,9659258262890684;0,2588190451025203;0,7818314824680298;0,6234898018587336;0
2025-02-13;20:07:00;CUENCA;CUENCA;URBANA;-2,848598;-78,917434;PANAMERICANA NORTE Y SN;PÉRDIDA DE CARRIL;CONDUCIR DESATENTO A LAS CONDICIONES DE TRÁNSITO (CELULAR, PANTALLAS DE VIDEO, COMIDA, MAQUILLAJE O CUALQUIER OTRO ELEMENTO DISTRACTOR).;VEHÍCULO DEPORTIVO UTILITARIO;0;0;NO;2025;2;13;3;JUEVES;20,116666666666667;20;NOCHE;-0,8660254037844386;0,5000000000000001;0,43388373911755823;-0,900968867902419;0
2025-02-14;19:09:00;CUENCA;CUENCA;URBANA;-2,90311;-79,006566;SOLANO Y DANIEL CÓRDOVA TORAL;CHOQUE LATERAL;REALIZAR CAMBIO BRUSCO O INDEBIDO DE CARRIL.;MOTOCICLETA;1;0;NO;2025;2;14;4;VIERNES;19,15;19;NOCHE;-0,9659258262890684;0,2588190451025203;-0,433883739117558;-0,9009688679024191;1
2025-02-15;10:37:00;CUENCA;CUENCA;URBANA;-2,903407;-78,996677;HUAYNA CAPAC Y VIRACOCHABAMBA;CHOQUE POSTERIOR;CONDUCE BAJO LA INFLUENCIA DE ALCOHOL, SUSTANCIAS ESTUPEFACIENTES O PSICOTRÓPICAS Y/O MEDICAMENTOS.;MOTOCICLETA;1;0;NO;2025;2;15;5;SABADO;10,616666666666667;10;MANANA;0,49999999999999994;-0,8660254037844387;-0,9749279121818236;-0,2225209339563146;1
2025-02-15;16:32:00;CUENCA;SAN JOAQUIN;RURAL;-2,896533;-79,050933;SN Y CARLOS ARIZAGA VEGA;PÉRDIDA DE CARRIL;CONDUCIR DESATENTO A LAS CONDICIONES DE TRÁNSITO (CELULAR, PANTALLAS DE VIDEO, COMIDA, MAQUILLAJE O CUALQUIER OTRO ELEMENTO DISTRACTOR).;CAMIONETA;0;0;NO;2025;2;15;5;SABADO;16,533333333333335;16;TARDE;-0,8660254037844385;-0,5000000000000004;-0,9749279121818236;-0,2225209339563146;0
2025-02-15;00:09:00;CUENCA;CUENCA;URBANA;-2,902464;-78,987009;PASEO DE LOS CAÑARIS Y MODESTO LARREA;CHOQUE LATERAL;REALIZAR CAMBIO BRUSCO O INDEBIDO DE CARRIL.;MOTOCICLETA;3;0;NO;2025;2;15;5;SABADO;0,15;0;MADRUGADA;0,0;1,0;-0,9749279121818236;-0,2225209339563146;3
2025-02-15;23:44:00;CUENCA;NULTI;RURAL;-2,869777;-78,926371;VÍA A NULTI KM 2 1/2 Y SN;CHOQUE LATERAL;CONDUCIR EN SENTIDO CONTRARIO A LA VÍA NORMAL DE CIRCULACIÓN.;AUTOMÓVIL;1;0;NO;2025;2;15;5;SABADO;23,733333333333334;23;NOCHE;-0,25881904510252157;0,9659258262890681;-0,9749279121818236;-0,2225209339563146;1
2025-02-19;14:07:00;CUENCA;CUENCA;URBANA;-2,895165;-79,019199;12 DE ABRIL Y UNIDAD NACIONAL;CHOQUE LATERAL;REALIZAR CAMBIO BRUSCO O INDEBIDO DE CARRIL.;MOTOCICLETA;1;0;NO;2025;2;19;2;MIERCOLES;14,116666666666667;14;TARDE;-0,4999999999999997;-0,8660254037844388;0,9749279121818236;-0,22252093395631434;1
2025-02-19;08:54:00;CUENCA;CUENCA;URBANA;-2,91837;-79,006675;24 DE MAYO Y SUBIDA A TURI;ROZAMIENTOS;NO GUARDAR LA DISTANCIA LATERAL MÍNIMA DE SEGURIDAD ENTRE VEHÍCULOS.;AUTOMÓVIL;1;0;NO;2025;2;19;2;MIERCOLES;8,9;8;MANANA;0,8660254037844387;-0,4999999999999998;0,9749279121818236;-0,22252093395631434;1
2025-02-01;06:29:00;CUENCA;MOLLETURO;RURAL;-2,667944;-79,449278;RED VIAL E 582 KM 95;PÉRDIDA DE CARRIL;CONDUCIR DESATENTO A LAS CONDICIONES DE TRÁNSITO (CELULAR, PANTALLAS DE VIDEO, COMIDA, MAQUILLAJE O CUALQUIER OTRO ELEMENTO DISTRACTOR).;CAMIONETA;0;0;NO;2025;2;1;5;SABADO;6,483333333333333;6;MANANA;1,0;6,123233995736766e-17;-0,9749279121818236;-0,2225209339563146;0
2025-02-04;16:43:00;CUENCA;CUMBE;RURAL;-3,106972;-79,010444;RED VIAL E-35 KM 9;ESTRELLAMIENTOS;CONDUCIR DESATENTO A LAS CONDICIONES DE TRÁNSITO (CELULAR, PANTALLAS DE VIDEO, COMIDA, MAQUILLAJE O CUALQUIER OTRO ELEMENTO DISTRACTOR).;CAMIÓN;4;0;NO;2025;2;4;1;MARTES;16,716666666666665;16;TARDE;-0,8660254037844385;-0,5000000000000004;0,7818314824680298;0,6234898018587336;4
2025-02-05;17:19:00;CUENCA;SAYAUSI;RURAL;-2,789056;-79,200028;RED VIAL E 582 KM 28+680 APROX.;CHOQUE FRONTAL;CONDUCIR EN SENTIDO CONTRARIO A LA VÍA NORMAL DE CIRCULACIÓN.;CAMIÓN;1;0;NO;2025;2;5;2;MIERCOLES;17,316666666666666;17;TARDE;-0,9659258262890683;-0,25881904510252063;0,9749279121818236;-0,22252093395631434;1
2025-02-09;16:20:00;CUENCA;TARQUI (CUENCA);RURAL;-2,971389;-79,0475;SE ENCUENTRA UBICADO EN LA RED VIAL E-59 SENTIDO TARQUI  ¿ CUENCA AL LLEGAR AL KM 5+500 APROXIMADAMENTE;CHOQUE FRONTAL;CONDUCIR EN SENTIDO CONTRARIO A LA VÍA NORMAL DE CIRCULACIÓN.;CAMIONETA;0;0;NO;2025;2;9;6;DOMINGO;16,333333333333332;16;TARDE;-0,8660254037844385;-0,5000000000000004;-0,7818314824680299;0,6234898018587334;0
2025-02-14;20:38:00;CUENCA;MOLLETURO;RURAL;-2,782444;-79,269333;RED VIAL E 582 KM 40+480;CHOQUE LATERAL;NO RESPETAR LAS SEÑALES REGLAMENTARIAS DE TRÁNSITO. (PARE, CEDA EL PASO, LUZ ROJA DEL SEMAFORO, ETC).;AUTOMÓVIL;0;0;NO;2025;2;14;4;VIERNES;20,633333333333333;20;NOCHE;-0,8660254037844386;0,5000000000000001;-0,433883739117558;-0,9009688679024191;0
2025-02-22;07:45:00;CUENCA;VICTORIA DEL PORTETE;RURAL;-3,029944;-79,075806;SE ENCUENTRA UBICADO EN LA RED VIAL E-35 SENTIDO TARQUI   - CUMBE AL LLEGAR LA KM 11 APROXIMADAMENTE;CHOQUE LATERAL;NO RESPETAR LAS SEÑALES REGLAMENTARIAS DE TRÁNSITO. (PARE, CEDA EL PASO, LUZ ROJA DEL SEMAFORO, ETC).;CAMIÓN;1;0;NO;2025;2;22;5;SABADO;7,75;7;MANANA;0,9659258262890683;-0,25881904510252063;-0,9749279121818236;-0,2225209339563146;1
2025-03-04;18:50:00;CUENCA;CUENCA;RURAL;-2,932662;-79,044078;SE ENCUENTRA UBICADO EN LA RED VIAL E-35 KM 01 SENTIDO CUENCA  - CUMBE;CHOQUE FRONTAL;CONDUCIR EN SENTIDO CONTRARIO A LA VÍA NORMAL DE CIRCULACIÓN.;MOTOCICLETA;1;0;SI;2025;3;4;1;MARTES;18,833333333333332;18;NOCHE;-1,0;-1,8369701987210297e-16;0,7818314824680298;0,6234898018587336;1
2025-03-06;18:20:00;CUENCA;SAYAUSI;RURAL;-2,854545;-79,101574;RED VIAL E-582 KM 10;CHOQUE LATERAL;NO RESPETAR LAS SEÑALES REGLAMENTARIAS DE TRÁNSITO. (PARE, CEDA EL PASO, LUZ ROJA DEL SEMAFORO, ETC).;VEHÍCULO DEPORTIVO UTILITARIO;0;0;NO;2025;3;6;3;JUEVES;18,333333333333332;18;NOCHE;-1,0;-1,8369701987210297e-16;0,43388373911755823;-0,900968867902419;0
2025-03-09;19:20:00;CUENCA;TARQUI (CUENCA);RURAL;-2,962561;-79,049992;SE ENCUENTRA UBICADO EN LA RED VIAL E-35 KM 7 APROXIMADAMENTE  SENTIDO T DE TARQUI - CUENCA A 50 METROS DE LA GASOLINERA P$S;PÉRDIDA DE CARRIL;CONDUCIR DESATENTO A LAS CONDICIONES DE TRÁNSITO (CELULAR, PANTALLAS DE VIDEO, COMIDA, MAQUILLAJE O CUALQUIER OTRO ELEMENTO DISTRACTOR).;AUTOMÓVIL;0;0;NO;2025;3;9;6;DOMINGO;19,333333333333332;19;NOCHE;-0,9659258262890684;0,2588190451025203;-0,7818314824680299;0,6234898018587334;0
2025-03-12;15:00:00;CUENCA;MOLLETURO;RURAL;-2,783003;-79,376456;SE  ENCUENTRA UBICADO EN LA RED VIAL E-582 SENTIDO TAMARINDO  -  CUENCA AL LLEGAR AL KM 66+510 REFERENCIA A 100 METROS DEL INGRESO A SAN PEDRO DE YUMATE  FRENTE AL POSTE DE TENDIDO ELÉCTRICO Nº581488 DE CENTRO SUR.;CHOQUE FRONTAL;CONDUCIR EN SENTIDO CONTRARIO A LA VÍA NORMAL DE CIRCULACIÓN.;CAMIÓN;5;0;NO;2025;3;12;2;MIERCOLES;15,0;15;TARDE;-0,7071067811865471;-0,7071067811865479;0,9749279121818236;-0,22252093395631434;5
2025-03-15;03:35:00;CUENCA;TARQUI (CUENCA);RURAL;-3,036389;-79,041722;RED VIAL E 35 KM 13+800 APROX.;PÉRDIDA DE CARRIL;CONDUCIR DESATENTO A LAS CONDICIONES DE TRÁNSITO (CELULAR, PANTALLAS DE VIDEO, COMIDA, MAQUILLAJE O CUALQUIER OTRO ELEMENTO DISTRACTOR).;AUTOMÓVIL;1;0;NO;2025;3;15;5;SABADO;3,5833333333333335;3;MADRUGADA;0,7071067811865476;0,7071067811865476;-0,9749279121818236;-0,2225209339563146;1
2025-03-14;18:00:00;CUENCA;TARQUI (CUENCA);RURAL;-2,975028;-79,047444;RED VIAL E 35 KM 5+820;CHOQUE POSTERIOR;NO MANTENER LA DISTANCIA PRUDENCIAL CON RESPECTO AL VEHÍCULO QUE LE ANTECEDE.;CAMIONETA;0;0;NO;2025;3;14;4;VIERNES;18,0;18;NOCHE;-1,0;-1,8369701987210297e-16;-0,433883739117558;-0,9009688679024191;0
2025-03-16;12:53:00;CUENCA;VICTORIA DEL PORTETE;RURAL;-3,059806;-79,051083;RED VIAL E 59 KM 16;CHOQUE LATERAL;NO RESPETAR LAS SEÑALES REGLAMENTARIAS DE TRÁNSITO. (PARE, CEDA EL PASO, LUZ ROJA DEL SEMAFORO, ETC).;AUTOMÓVIL;0;0;NO;2025;3;16;6;DOMINGO;12,883333333333333;12;TARDE;1,2246467991473532e-16;-1,0;-0,7818314824680299;0,6234898018587334;0
2025-03-17;06:50:00;CUENCA;TARQUI (CUENCA);RURAL;-2,977028;-79,047833;RED VIAL E 35 KM 5;CHOQUE LATERAL;NO RESPETAR LAS SEÑALES REGLAMENTARIAS DE TRÁNSITO. (PARE, CEDA EL PASO, LUZ ROJA DEL SEMAFORO, ETC).;CAMIÓN;0;0;NO;2025;3;17;0;LUNES;6,833333333333333;6;MANANA;1,0;6,123233995736766e-17;0,0;1,0;0
2025-03-18;12:30:00;CUENCA;SAYAUSI;RURAL;-2,780861;-79,184028;RED VIAL E 582 KM 23  APROX.;CHOQUE POSTERIOR;NO MANTENER LA DISTANCIA PRUDENCIAL CON RESPECTO AL VEHÍCULO QUE LE ANTECEDE.;AUTOMÓVIL;0;0;NO;2025;3;18;1;MARTES;12,5;12;TARDE;1,2246467991473532e-16;-1,0;0,7818314824680298;0,6234898018587336;0
2025-03-21;09:35:00;CUENCA;TARQUI (CUENCA);RURAL;-2,978056;-79,0475;SE ENCUENTRA UBICADO EN LA RED VIAL E-35  SENTIDO T DE TARQUI  -  CUENCA KM 7 APROXIMADAMENTE   REFERENCIA FRENTE A LA FERRETERÍA VIRGEN DEL CISNE;COLISIÓN;NO MANTENER LA DISTANCIA PRUDENCIAL CON RESPECTO AL VEHÍCULO QUE LE ANTECEDE.;CAMIONETA;0;0;NO;2025;3;21;4;VIERNES;9,583333333333334;9;MANANA;0,7071067811865476;-0,7071067811865475;-0,433883739117558;-0,9009688679024191;0
2025-03-01;03:49:00;CUENCA;CUENCA;URBANA;-2,906391;-79,035966;PRIMERO DE MAYO Y DARIO ORDOÑEZ;ESTRELLAMIENTOS;CONDUCIR DESATENTO A LAS CONDICIONES DE TRÁNSITO (CELULAR, PANTALLAS DE VIDEO, COMIDA, MAQUILLAJE O CUALQUIER OTRO ELEMENTO DISTRACTOR).;VEHÍCULO DEPORTIVO UTILITARIO;0;0;SI;2025;3;1;5;SABADO;3,8166666666666664;3;MADRUGADA;0,7071067811865476;0,7071067811865476;-0,9749279121818236;-0,2225209339563146;0
2025-03-01;08:14:00;CUENCA;SAYAUSI;RURAL;-2,871761;-79,077126;RED ESTATAL E582 KM 6 ½ Y ORDOÑEZ LASSO;CHOQUE POSTERIOR;FALLA MECÁNICA EN LOS SISTEMAS Y/O NEÚMATICOS (SISTEMA DE FRENOS, DIRECCIÓN, ELÉCTRÓNICO O MECÁNICO).;AUTOMÓVIL;4;3;SI;2025;3;1;5;SABADO;8,233333333333333;8;MANANA;0,8660254037844387;-0,4999999999999998;-0,9749279121818236;-0,2225209339563146;7
2025-03-01;18:45:00;CUENCA;CUENCA;URBANA;-2,881823;-78,964924;BATALLÓN CARACAS Y VICTORIA DEL PORTETE;ESTRELLAMIENTOS;CONDUCE BAJO LA INFLUENCIA DE ALCOHOL, SUSTANCIAS ESTUPEFACIENTES O PSICOTRÓPICAS Y/O MEDICAMENTOS.;MOTOCICLETA;0;1;SI;2025;3;1;5;SABADO;18,75;18;NOCHE;-1,0;-1,8369701987210297e-16;-0,9749279121818236;-0,2225209339563146;1
2025-03-02;01:09:00;CUENCA;CUENCA;URBANA;-2,906493;-79,009268;REMIGIO CRESPO TORAL Y FEDERICO PROAÑO;ESTRELLAMIENTOS;CONDUCIR DESATENTO A LAS CONDICIONES DE TRÁNSITO (CELULAR, PANTALLAS DE VIDEO, COMIDA, MAQUILLAJE O CUALQUIER OTRO ELEMENTO DISTRACTOR).;VEHÍCULO DEPORTIVO UTILITARIO;0;0;SI;2025;3;2;6;DOMINGO;1,15;1;MADRUGADA;0,25881904510252074;0,9659258262890683;-0,7818314824680299;0,6234898018587334;0
2025-03-02;01:09:00;CUENCA;CUENCA;URBANA;-2,906493;-79,009268;REMIGIO CRESPO TORAL Y FEDERICO PROAÑO;ESTRELLAMIENTOS;CONDUCIR DESATENTO A LAS CONDICIONES DE TRÁNSITO (CELULAR, PANTALLAS DE VIDEO, COMIDA, MAQUILLAJE O CUALQUIER OTRO ELEMENTO DISTRACTOR).;VEHÍCULO DEPORTIVO UTILITARIO;0;0;SI;2025;3;2;6;DOMINGO;1,15;1;MADRUGADA;0,25881904510252074;0,9659258262890683;-0,7818314824680299;0,6234898018587334;0
2025-03-02;01:50:00;CUENCA;CUENCA;URBANA;-2,908577;-78,993936;PASEO DE LOS CAÑARIS Y PISARCAPAC;CHOQUE POSTERIOR;CONDUCE BAJO LA INFLUENCIA DE ALCOHOL, SUSTANCIAS ESTUPEFACIENTES O PSICOTRÓPICAS Y/O MEDICAMENTOS.;AUTOMÓVIL;1;0;SI;2025;3;2;6;DOMINGO;1,8333333333333335;1;MADRUGADA;0,25881904510252074;0,9659258262890683;-0,7818314824680299;0,6234898018587334;1
2025-03-02;00:21:00;CUENCA;CUENCA;URBANA;-2,897074;-78,979045;TRECE DE ABRIL Y GONZALEZ SUAREZ;ESTRELLAMIENTOS;CONDUCE BAJO LA INFLUENCIA DE ALCOHOL, SUSTANCIAS ESTUPEFACIENTES O PSICOTRÓPICAS Y/O MEDICAMENTOS.;AUTOMÓVIL;0;0;SI;2025;3;2;6;DOMINGO;0,35;0;MADRUGADA;0,0;1,0;-0,7818314824680299;0,6234898018587334;0
2025-03-02;20:46:00;CUENCA;CUENCA;URBANA;-2,900235;-78,971314;RED ESTATAL E35 KM 700 Y VIA MONAY BAGUANCHI;CHOQUE LATERAL;CONDUCE BAJO LA INFLUENCIA DE ALCOHOL, SUSTANCIAS ESTUPEFACIENTES O PSICOTRÓPICAS Y/O MEDICAMENTOS.;MOTOCICLETA;1;0;SI;2025;3;2;6;DOMINGO;20,766666666666666;20;NOCHE;-0,8660254037844386;0,5000000000000001;-0,7818314824680299;0,6234898018587334;1
2025-03-01;21:48:00;CUENCA;LLACAO;RURAL;-2,849487;-78,926296;VIA OCTAVIO CORDERO PALACIOS Y SN;CHOQUE FRONTAL;NO CEDER EL DERECHO DE VÍA O PREFERENCIA DE PASO A VEHÍCULOS.;VEHÍCULO DEPORTIVO UTILITARIO;0;0;SI;2025;3;1;5;SABADO;21,8;21;NOCHE;-0,7071067811865477;0,7071067811865474;-0,9749279121818236;-0,2225209339563146;0
2025-03-03;00:21:00;CUENCA;CUENCA;RURAL;-2,887596;-78,951466;RED VIAL ESTATAL E35 KM699 Y SN;PÉRDIDA DE PISTA;CONDUCIR DESATENTO A LAS CONDICIONES DE TRÁNSITO (CELULAR, PANTALLAS DE VIDEO, COMIDA, MAQUILLAJE O CUALQUIER OTRO ELEMENTO DISTRACTOR).;CAMIONETA;0;0;SI;2025;3;3;0;LUNES;0,35;0;MADRUGADA;0,0;1,0;0,0;1,0;0
2025-03-02;14:30:00;CUENCA;CUENCA;URBANA;-2,894604;-78,979779;YANAHURCO Y ANTISANA;PÉRDIDA DE PISTA;CONDUCIR DESATENTO A LAS CONDICIONES DE TRÁNSITO (CELULAR, PANTALLAS DE VIDEO, COMIDA, MAQUILLAJE O CUALQUIER OTRO ELEMENTO DISTRACTOR).;MOTOCICLETA;1;0;SI;2025;3;2;6;DOMINGO;14,5;14;TARDE;-0,4999999999999997;-0,8660254037844388;-0,7818314824680299;0,6234898018587334;1
2025-03-03;03:05:00;CUENCA;CUENCA;URBANA;-2,893013;-78,983422;GUAGUA ZHUMI Y FASAYÑAN;ESTRELLAMIENTOS;CONDUCIR DESATENTO A LAS CONDICIONES DE TRÁNSITO (CELULAR, PANTALLAS DE VIDEO, COMIDA, MAQUILLAJE O CUALQUIER OTRO ELEMENTO DISTRACTOR).;AUTOMÓVIL;0;0;SI;2025;3;3;0;LUNES;3,0833333333333335;3;MADRUGADA;0,7071067811865476;0,7071067811865476;0,0;1,0;0
2025-03-03;05:19:00;CUENCA;CUENCA;URBANA;-2,87895;-78,980805;AV AMERICAS Y DEL TORIL;ESTRELLAMIENTOS;CONDUCIR DESATENTO A LAS CONDICIONES DE TRÁNSITO (CELULAR, PANTALLAS DE VIDEO, COMIDA, MAQUILLAJE O CUALQUIER OTRO ELEMENTO DISTRACTOR).;NO IDENTIFICADO;0;0;SI;2025;3;3;0;LUNES;5,316666666666666;5;MADRUGADA;0,9659258262890683;0,25881904510252074;0,0;1,0;0
2025-03-02;18:30:00;CUENCA;CUENCA;URBANA;-2,890425;-79,009863;CORONEL TALBOT Y PIO BRAVO;CHOQUE LATERAL;CONDUCIR DESATENTO A LAS CONDICIONES DE TRÁNSITO (CELULAR, PANTALLAS DE VIDEO, COMIDA, MAQUILLAJE O CUALQUIER OTRO ELEMENTO DISTRACTOR).;NO IDENTIFICADO;1;0;SI;2025;3;2;6;DOMINGO;18,5;18;NOCHE;-1,0;-1,8369701987210297e-16;-0,7818314824680299;0,6234898018587334;1
2025-03-03;22:15:00;CUENCA;CUENCA;RURAL;-2,844161;-78,906212;PANAMERICANA NORTE Y ENTRADA A ZUMAHUICO;CHOQUE LATERAL;REALIZAR CAMBIO BRUSCO O INDEBIDO DE CARRIL.;MOTOCICLETA;1;0;SI;2025;3;3;0;LUNES;22,25;22;NOCHE;-0,5000000000000004;0,8660254037844384;0,0;1,0;1
2025-03-05;00:44:00;CUENCA;VALLE;URBANA;-2,914657;-78,965451;VIA A MONAY BAGUANCHI PACCHA Y;PÉRDIDA DE CARRIL;CONDUCIR DESATENTO A LAS CONDICIONES DE TRÁNSITO (CELULAR, PANTALLAS DE VIDEO, COMIDA, MAQUILLAJE O CUALQUIER OTRO ELEMENTO DISTRACTOR).;NO IDENTIFICADO;1;0;NO;2025;3;5;2;MIERCOLES;0,7333333333333333;0;MADRUGADA;0,0;1,0;0,9749279121818236;-0,22252093395631434;1
2025-03-05;14:42:00;CUENCA;CUENCA;URBANA;-2,898285;-79,029084;CARLOS ARIZAGA VEGA Y LEOPOLDO DAVILA CORDOVA;ATROPELLOS;NO CEDER EL DERECHO DE VÍA O PREFERENCIA DE PASO AL PEATÓN.;MOTOCICLETA;1;0;NO;2025;3;5;2;MIERCOLES;14,7;14;TARDE;-0,4999999999999997;-0,8660254037844388;0,9749279121818236;-0,22252093395631434;1