FECHA;HORA;CANTON;PARROQUIA;ZONA;LATITUD_Y;LONGITUD_X;DIRECCION;TIPO_DE_SINIESTRO;CAUSA_PROBABLE;TIPO_DE_VEHICULO_1;LESIONADOS;FALLECIDOS;FERIADO;ANIO;MES;DIA;DIA_SEMANA;NOMBRE_DIA;HORA_DECIMAL;HORA_NUM;RANGO_HORARIO;HORA_SIN;HORA_COS;DIA_SIN;DIA_COS;TOTAL_VICTIMAS
2025-03-05;15:05:00;CUENCA;CUENCA;URBANA;-2,891893;-78,981797;SARA URCO Y BUERAN;CHOQUE LATERAL;CONDUCIR DESATENTO A LAS CONDICIONES DE TRÁNSITO (CELULAR, PANTALLAS DE VIDEO, COMIDA, MAQUILLAJE O CUALQUIER OTRO ELEMENTO DISTRACTOR).;VEHÍCULO DEPORTIVO UTILITARIO;1;0;NO;2025;3;5;2;MIERCOLES;15,083333333333334;15;TARDE;-0,7071067811865471;-0,7071067811865479;0,9749279121818236;-0,22252093395631434;1
2025-03-06;16:53:00;CUENCA;CUENCA;URBANA;-2,892027;-79,00702;ANTONIO VEGA MUÑOZ Y TARQUI;ATROPELLOS;PEATÓN QUE CRUZA LA CALZADA SIN RESPETAR LA SEÑALIZACIÓN EXISTENTE (SEMÁFOROS O SEÑALES MANUALES).;NO IDENTIFICADO;1;0;NO;2025;3;6;3;JUEVES;16,883333333333333;16;TARDE;-0,8660254037844385;-0,5000000000000004;0,43388373911755823;-0,900968867902419;1
2025-03-06;15:50:00;CUENCA;CUENCA;URBANA;-2,922506;-79,038697;LOJA Y AV AMERICAS;CHOQUE LATERAL;NO CEDER EL DERECHO DE VÍA O PREFERENCIA DE PASO A VEHÍCULOS.;AUTOMÓVIL;1;0;NO;2025;3;6;3;JUEVES;15,833333333333334;15;TARDE;-0,7071067811865471;-0,7071067811865479;0,43388373911755823;-0,900968867902419;1
2025-03-10;20:16:00;CUENCA;CUENCA;URBANA;-2,915893;-79,023769;DON BOSCO Y PASAJE DOCE DE OCTUBRE;CHOQUE LATERAL;CONDUCE BAJO LA INFLUENCIA DE ALCOHOL, SUSTANCIAS ESTUPEFACIENTES O PSICOTRÓPICAS Y/O MEDICAMENTOS.;MOTOCICLETA;1;0;NO;2025;3;10;0;LUNES;20,266666666666666;20;NOCHE;-0,8660254037844386;0,5000000000000001;0,0;1,0;1
2025-03-10;10:08:00;CUENCA;CUENCA;URBANA;-2,892884;-78,99914;PIO BRAVO Y ANTONIO VARGAS MACHUCA;ATROPELLOS;NO TRANSITAR POR LAS ACERAS O ZONAS DE SEGURIDAD DESTINADAS PARA EL EFECTO.;CAMIONETA;1;0;NO;2025;3;10;0;LUNES;10,133333333333333;10;MANANA;0,49999999999999994;-0,8660254037844387;0,0;1,0;1
2025-03-09;18:32:00;CUENCA;CUENCA;URBANA;-2,859683;-78,933345;PANAMERICANA NORTE Y FRANCIA;CHOQUE LATERAL;REALIZAR CAMBIO BRUSCO O INDEBIDO DE CARRIL.;MOTOCICLETA;1;1;NO;2025;3;9;6;DOMINGO;18,533333333333335;18;NOCHE;-1,0;-1,8369701987210297e-16;-0,7818314824680299;0,6234898018587334;2
2025-03-09;10:39:00;CUENCA;CUENCA;URBANA;-2,874448;-78,983677;BARRIAL BLANCO Y DEL TORIL;CHOQUE LATERAL;NO CEDER EL DERECHO DE VÍA O PREFERENCIA DE PASO A VEHÍCULOS.;MOTOCICLETA;2;0;NO;2025;3;9;6;DOMINGO;10,65;10;MANANA;0,49999999999999994;-0,8660254037844387;-0,7818314824680299;0,6234898018587334;2
2025-03-15;11:50:00;CUENCA;RICAURTE (CUENCA);RURAL;-2,869746;-78,97184;25 DE MARZO Y JULIA BERNAL;ATROPELLOS;NO CEDER EL DERECHO DE VÍA O PREFERENCIA DE PASO AL PEATÓN.;MOTOCICLETA;0;1;NO;2025;3;15;5;SABADO;11,833333333333334;11;MANANA;0,258819045102521;-0,9659258262890682;-0,9749279121818236;-0,2225209339563146;1
2025-03-21;15:04:00;CUENCA;CUENCA;URBANA;-2,916099;-79,009906;JOSE ORTEGA Y GASSET Y 24 DE MAYO;CHOQUE POSTERIOR;NO MANTENER LA DISTANCIA PRUDENCIAL CON RESPECTO AL VEHÍCULO QUE LE ANTECEDE.;CAMIONETA;0;0;NO;2025;3;21;4;VIERNES;15,066666666666666;15;TARDE;-0,7071067811865471;-0,7071067811865479;-0,433883739117558;-0,9009688679024191;0
2025-03-23;03:30:00;CUENCA;CUENCA;URBANA;-2,888593;-79,016268;AV AMERICAS Y DEL MOLINO;PÉRDIDA DE CARRIL;REALIZAR CAMBIO BRUSCO O INDEBIDO DE CARRIL.;AUTOMÓVIL;0;0;NO;2025;3;23;6;DOMINGO;3,5;3;MADRUGADA;0,7071067811865476;0,7071067811865476;-0,7818314824680299;0,6234898018587334;0
2025-04-01;06:36:00;CUENCA;CUENCA;URBANA;-2,897157;-79,015778;EL ORO Y EL BATAN;CHOQUE LATERAL;NO RESPETAR LAS SEÑALES REGLAMENTARIAS DE TRÁNSITO. (PARE, CEDA EL PASO, LUZ ROJA DEL SEMAFORO, ETC).;AUTOMÓVIL;2;0;NO;2025;4;1;1;MARTES;6,6;6;MANANA;1,0;6,123233995736766e-17;0,7818314824680298;0,6234898018587336;2
2025-04-01;14:53:00;CUENCA;CUENCA;URBANA;-2,904282;-78,976634;RED ESTATAL E35 KM701 Y GUADALUPE LARRIVA;CHOQUE POSTERIOR;CONDUCIR DESATENTO A LAS CONDICIONES DE TRÁNSITO (CELULAR, PANTALLAS DE VIDEO, COMIDA, MAQUILLAJE O CUALQUIER OTRO ELEMENTO DISTRACTOR).;CAMIONETA;0;0;NO;2025;4;1;1;MARTES;14,883333333333333;14;TARDE;-0,4999999999999997;-0,8660254037844388;0,7818314824680298;0,6234898018587336;0
2025-04-01;15:36:00;CUENCA;CUENCA;URBANA;-2,910807;-79,003739;ROBERTO CRESPO Y NICANOR AGUILAR;COLISIÓN;NO MANTENER LA DISTANCIA PRUDENCIAL CON RESPECTO AL VEHÍCULO QUE LE ANTECEDE.;VEHÍCULO DEPORTIVO UTILITARIO;0;0;NO;2025;4;1;1;MARTES;15,6;15;TARDE;-0,7071067811865471;-0,7071067811865479;0,7818314824680298;0,6234898018587336;0
2025-04-01;19:08:00;CUENCA;CUENCA;URBANA;-2,88863;-79,011312;AV AMERICAS Y MIGUEL VELEZ;CHOQUE LATERAL;NO RESPETAR LAS SEÑALES REGLAMENTARIAS DE TRÁNSITO. (PARE, CEDA EL PASO, LUZ ROJA DEL SEMAFORO, ETC).;VEHÍCULO DEPORTIVO UTILITARIO;2;0;NO;2025;4;1;1;MARTES;19,133333333333333;19;NOCHE;-0,9659258262890684;0,2588190451025203;0,7818314824680298;0,6234898018587336;2
2025-04-02;06:43:00;CUENCA;CUENCA;URBANA;-2,877685;-78,942454;CAMINO A PACCHA Y RED ESTATAL E35 KM 696;ATROPELLOS;CONDUCIR DESATENTO A LAS CONDICIONES DE TRÁNSITO (CELULAR, PANTALLAS DE VIDEO, COMIDA, MAQUILLAJE O CUALQUIER OTRO ELEMENTO DISTRACTOR).;NO IDENTIFICADO;1;0;NO;2025;4;2;2;MIERCOLES;6,716666666666667;6;MANANA;1,0;6,123233995736766e-17;0,9749279121818236;-0,22252093395631434;1
2025-04-03;13:56:00;CUENCA;CUENCA;URBANA;-2,89932;-79,003297;PRESIDENTE CORDOVA Y PRESIDENTE BORRERO;ATROPELLOS;CONDUCIR DESATENTO A LAS CONDICIONES DE TRÁNSITO (CELULAR, PANTALLAS DE VIDEO, COMIDA, MAQUILLAJE O CUALQUIER OTRO ELEMENTO DISTRACTOR).;AUTOMÓVIL;1;0;NO;2025;4;3;3;JUEVES;13,933333333333334;13;TARDE;-0,2588190451025208;-0,9659258262890683;0,43388373911755823;-0,900968867902419;1
2025-04-04;10:42:00;CUENCA;CUENCA;URBANA;-2,918215;-79,034883;LOJA Y PUERTO DE PALOS;CHOQUE LATERAL;NO MANTENER LA DISTANCIA PRUDENCIAL CON RESPECTO AL VEHÍCULO QUE LE ANTECEDE.;SCOOTER ELÉCTRICO;1;0;NO;2025;4;4;4;VIERNES;10,7;10;MANANA;0,49999999999999994;-0,8660254037844387;-0,433883739117558;-0,9009688679024191;1
2025-04-04;10:45:00;CUENCA;CUENCA;URBANA;-2,891282;-79,010035;ANTONIO VEGA MUÑOZ Y CORONEL TALBOT;CHOQUE LATERAL;CONDUCE BAJO LA INFLUENCIA DE ALCOHOL, SUSTANCIAS ESTUPEFACIENTES O PSICOTRÓPICAS Y/O MEDICAMENTOS.;VEHÍCULO DEPORTIVO UTILITARIO;1;0;NO;2025;4;4;4;VIERNES;10,75;10;MANANA;0,49999999999999994;-0,8660254037844387;-0,433883739117558;-0,9009688679024191;1
2025-04-05;06:42:00;CUENCA;CUENCA;URBANA;-2,885534;-79,050153;ORDOÑEZ LASSO Y DE LOS HORNOS;PÉRDIDA DE CARRIL;CONDUCIR DESATENTO A LAS CONDICIONES DE TRÁNSITO (CELULAR, PANTALLAS DE VIDEO, COMIDA, MAQUILLAJE O CUALQUIER OTRO ELEMENTO DISTRACTOR).;MOTOCICLETA;1;0;NO;2025;4;5;5;SABADO;6,7;6;MANANA;1,0;6,123233995736766e-17;-0,9749279121818236;-0,2225209339563146;1
2025-04-05;19:30:00;CUENCA;CUENCA;URBANA;-2,889605;-79,02329;AV AMERICAS Y DEL TEJAR;ESTRELLAMIENTOS;CONDUCIR DESATENTO A LAS CONDICIONES DE TRÁNSITO (CELULAR, PANTALLAS DE VIDEO, COMIDA, MAQUILLAJE O CUALQUIER OTRO ELEMENTO DISTRACTOR).;AUTOMÓVIL;0;0;NO;2025;4;5;5;SABADO;19,5;19;NOCHE;-0,9659258262890684;0,2588190451025203;-0,9749279121818236;-0,2225209339563146;0
2025-04-05;21:09:00;CUENCA;CUENCA;URBANA;-2,888552;-79,035817;ORDOÑEZ LASSO Y DE LOS CEREZOS;CHOQUE POSTERIOR;CONDUCE BAJO LA INFLUENCIA DE ALCOHOL, SUSTANCIAS ESTUPEFACIENTES O PSICOTRÓPICAS Y/O MEDICAMENTOS.;AUTOMÓVIL;0;0;NO;2025;4;5;5;SABADO;21,15;21;NOCHE;-0,7071067811865477;0,7071067811865474;-0,9749279121818236;-0,2225209339563146;0
2025-04-05;21:20:00;CUENCA;VALLE;RURAL;-2,925441;-78,974174;VIA AL VALLE Y SIN NOMBRE;ATROPELLOS;CONDUCE BAJO LA INFLUENCIA DE ALCOHOL, SUSTANCIAS ESTUPEFACIENTES O PSICOTRÓPICAS Y/O MEDICAMENTOS.;CAMIONETA;1;0;NO;2025;4;5;5;SABADO;21,333333333333332;21;NOCHE;-0,7071067811865477;0,7071067811865474;-0,9749279121818236;-0,2225209339563146;1
2025-04-06;02:33:00;CUENCA;NULTI;URBANA;-2,869516;-78,936425;RED ESTATAL E35 KM 694 Y SN;PÉRDIDA DE CARRIL;CONDUCIR DESATENTO A LAS CONDICIONES DE TRÁNSITO (CELULAR, PANTALLAS DE VIDEO, COMIDA, MAQUILLAJE O CUALQUIER OTRO ELEMENTO DISTRACTOR).;VEHÍCULO DEPORTIVO UTILITARIO;1;0;NO;2025;4;6;6;DOMINGO;2,55;2;MADRUGADA;0,49999999999999994;0,8660254037844387;-0,7818314824680299;0,6234898018587334;1
2025-04-06;03:26:00;CUENCA;CUENCA;URBANA;-2,915443;-79,017431;DON BOSCO Y JOSÉ VASCONCELOS;CHOQUE POSTERIOR;PRESENCIA DE AGENTES EXTERNOS EN LA VÍA (AGUA, ACEITE, PIEDRA, LASTRE, ESCOMBROS, MADEROS, ETC.).;AUTOMÓVIL;1;0;NO;2025;4;6;6;DOMINGO;3,4333333333333336;3;MADRUGADA;0,7071067811865476;0,7071067811865476;-0,7818314824680299;0,6234898018587334;1
2025-04-08;04:03:00;CUENCA;CUENCA;URBANA;-2,878276;-79,069336;AVENIDA ORDÓÑEZ LASSO Y DEL CULANTRO;PÉRDIDA DE PISTA;CONDUCIR DESATENTO A LAS CONDICIONES DE TRÁNSITO (CELULAR, PANTALLAS DE VIDEO, COMIDA, MAQUILLAJE O CUALQUIER OTRO ELEMENTO DISTRACTOR).;NO IDENTIFICADO;0;0;NO;2025;4;8;1;MARTES;4,05;4;MADRUGADA;0,8660254037844386;0,5000000000000001;0,7818314824680298;0,6234898018587336;0
2025-04-01;16:45:00;CUENCA;CUENCA;RURAL;-2,89587973;-78,96230177;SE ENCUENTRA UBICADO EN LA RED VIAL E-35  SENTIDO T DE TARQUI - CUENCA   AL LLEGAR AL KM 10+200  APROXIMADAMENTE  A 1 KM DEL INGRESO A TARQUI;PÉRDIDA DE CARRIL;CONDUCIR DESATENTO A LAS CONDICIONES DE TRÁNSITO (CELULAR, PANTALLAS DE VIDEO, COMIDA, MAQUILLAJE O CUALQUIER OTRO ELEMENTO DISTRACTOR).;CAMIONETA;1;0;NO;2025;4;1;1;MARTES;16,75;16;TARDE;-0,8660254037844385;-0,5000000000000004;0,7818314824680298;0,6234898018587336;1
2025-04-02;08:30:00;CUENCA;CUENCA;RURAL;-2,89771876;-78,96408238;SE ENCUENTRA UBICADO EN LA RED VIAL E-35  SENTIDO CUENCA  -  T DE TARQUI  AL LLEGAR AL KM 9+700 APROXIMADAMENTE COMO REFERENCIA ENTRADA A BELLAVISTA DE TARQUI.;CHOQUE LATERAL;NO RESPETAR LAS SEÑALES REGLAMENTARIAS DE TRÁNSITO. (PARE, CEDA EL PASO, LUZ ROJA DEL SEMAFORO, ETC).;AUTOMÓVIL;1;0;NO;2025;4;2;2;MIERCOLES;8,5;8;MANANA;0,8660254037844387;-0,4999999999999998;0,9749279121818236;-0,22252093395631434;1
2025-04-07;07:00:00;CUENCA;BAÑOS (CUENCA);RURAL;-2,95138889;-79,04777778;SE ENCUENTRA UBICADO EN LA RED VIAL E-35 SENTIDO ZHUCAY ¿ CUENCA AL LLEGAR AL KM 4 APROXIMADAMENTE;COLISIÓN;NO MANTENER LA DISTANCIA PRUDENCIAL CON RESPECTO AL VEHÍCULO QUE LE ANTECEDE.;AUTOMÓVIL;0;0;NO;2025;4;7;0;LUNES;7,0;7;MANANA;0,9659258262890683;-0,25881904510252063;0,0;1,0;0
2025-04-09;01:55:00;CUENCA;SAYAUSI;RURAL;-2,84663442;-79,11521254;SE ENCUENTRA UBICADO EN LA RED VIAL E-582 SENTIDO MOLLETURO ¿ CUENCA AL LLEGAR AL KM 12+400 APROXIMADAMENTE.;PÉRDIDA DE CARRIL;CONDUCIR DESATENTO A LAS CONDICIONES DE TRÁNSITO (CELULAR, PANTALLAS DE VIDEO, COMIDA, MAQUILLAJE O CUALQUIER OTRO ELEMENTO DISTRACTOR).;CAMIÓN;1;1;NO;2025;4;9;2;MIERCOLES;1,9166666666666665;1;MADRUGADA;0,25881904510252074;0,9659258262890683;0,9749279121818236;-0,22252093395631434;2
2025-04-13;05:33:00;CUENCA;TARQUI (CUENCA);RURAL;-2,98530556;-79,0485;RED VIAL E 35 KM 7+240;ROZAMIENTOS;NO GUARDAR LA DISTANCIA LATERAL MÍNIMA DE SEGURIDAD ENTRE VEHÍCULOS.;AUTOMÓVIL;1;0;NO;2025;4;13;6;DOMINGO;5,55;5;MADRUGADA;0,9659258262890683;0,25881904510252074;-0,7818314824680299;0,6234898018587334;1
2025-04-14;20:02:00;CUENCA;TARQUI (CUENCA);RURAL;-3,00144444;-79,04219444;RED VIAL E 59 KM 9.5 APROXIMADAMENTE;ROZAMIENTOS;NO GUARDAR LA DISTANCIA LATERAL MÍNIMA DE SEGURIDAD ENTRE VEHÍCULOS.;MOTOCICLETA;1;0;NO;2025;4;14;0;LUNES;20,033333333333335;20;NOCHE;-0,8660254037844386;0,5000000000000001;0,0;1,0;1
2025-04-18;06:25:00;CUENCA;MOLLETURO;RURAL;-2,78877778;-79,36777778;SE ENCUENTRA UBICADO EN LA RED VIAL E-582 SENTIDO CUENCA - MOLLETURO KM 56+785;ESTRELLAMIENTOS;CONDUCIR DESATENTO A LAS CONDICIONES DE TRÁNSITO (CELULAR, PANTALLAS DE VIDEO, COMIDA, MAQUILLAJE O CUALQUIER OTRO ELEMENTO DISTRACTOR).;VEHÍCULO DEPORTIVO UTILITARIO;5;1;SI;2025;4;18;4;VIERNES;6,416666666666667;6;MANANA;1,0;6,123233995736766e-17;-0,433883739117558;-0,9009688679024191;6
2025-04-18;13:07:00;CUENCA;SAYAUSI;RURAL;-2,79886111;-79,16044444;RED VIAL E 582 KM 19;CHOQUE LATERAL;NO RESPETAR LAS SEÑALES REGLAMENTARIAS DE TRÁNSITO. (PARE, CEDA EL PASO, LUZ ROJA DEL SEMAFORO, ETC).;VEHÍCULO DEPORTIVO UTILITARIO;0;0;SI;2025;4;18;4;VIERNES;13,116666666666667;13;TARDE;-0,2588190451025208;-0,9659258262890683;-0,433883739117558;-0,9009688679024191;0
2025-04-19;06:50:00;CUENCA;SAYAUSI;RURAL;-2,83943803;-79,12569726;SE ENCUENTRA UBICADO EN LA RED VIAL E-582 SENTIDO CUENCA - MOLLETURO AL LLEGRA AL KM 14 APROXIMADAMENTE REFERENCIA RESTAURANTE EL MOLINO;PÉRDIDA DE CARRIL;CONDUCIR DESATENTO A LAS CONDICIONES DE TRÁNSITO (CELULAR, PANTALLAS DE VIDEO, COMIDA, MAQUILLAJE O CUALQUIER OTRO ELEMENTO DISTRACTOR).;NO IDENTIFICADO;0;0;SI;2025;4;19;5;SABADO;6,833333333333333;6;MANANA;1,0;6,123233995736766e-17;-0,9749279121818236;-0,2225209339563146;0
2025-04-25;19:25:00;CUENCA;TARQUI (CUENCA);RURAL;-2,9915;-79,045;RED VIAL E 59 KM 8;CHOQUE POSTERIOR;NO MANTENER LA DISTANCIA PRUDENCIAL CON RESPECTO AL VEHÍCULO QUE LE ANTECEDE.;MOTOCICLETA;1;0;NO;2025;4;25;4;VIERNES;19,416666666666668;19;NOCHE;-0,9659258262890684;0,2588190451025203;-0,433883739117558;-0,9009688679024191;1
2025-04-29;19:05:00;CUENCA;MOLLETURO;RURAL;-2,78883333;-79,36775;RED VIAL E 582 KM 57;PÉRDIDA DE CARRIL;CONDUCIR DESATENTO A LAS CONDICIONES DE TRÁNSITO (CELULAR, PANTALLAS DE VIDEO, COMIDA, MAQUILLAJE O CUALQUIER OTRO ELEMENTO DISTRACTOR).;VEHÍCULO DEPORTIVO UTILITARIO;5;1;NO;2025;4;29;1;MARTES;19,083333333333332;19;NOCHE;-0,9659258262890684;0,2588190451025203;0,7818314824680298;0,6234898018587336;6
2025-04-30;16:30:00;CUENCA;MOLLETURO;RURAL;-2,69263889;-79,48127778;SE ENCUENTRA UBICADO EN LA RED VIAL E 582 KM 86 SECTOR CONOCIDO COMO SAN JOSÉ DE GUARUMALES SENTIDO TAMARINDO-MOLLETURO.;ATROPELLOS;CONDUCIR DESATENTO A LAS CONDICIONES DE TRÁNSITO (CELULAR, PANTALLAS DE VIDEO, COMIDA, MAQUILLAJE O CUALQUIER OTRO ELEMENTO DISTRACTOR).;NO IDENTIFICADO;0;1;NO;2025;4;30;2;MIERCOLES;16,5;16;TARDE;-0,8660254037844385;-0,5000000000000004;0,9749279121818236;-0,22252093395631434;1
2025-05-22;00:20:00;CUENCA;SAYAUSI;RURAL;-2,786024;-79,219426;RED VIAL E 582 KM 33;CHOQUE FRONTAL;CONDUCIR EN SENTIDO CONTRARIO A LA VÍA NORMAL DE CIRCULACIÓN.;MOTOCICLETA;0;1;SI;2025;5;22;3;JUEVES;0,3333333333333333;0;MADRUGADA;0,0;1,0;0,43388373911755823;-0,900968867902419;1
2025-05-13;09:30:00;CUENCA;MOLLETURO;RURAL;-2,777222;-79,3825;RED VIAL E 582 KM 60+400 APROX.;PÉRDIDA DE CARRIL;CONDUCIR DESATENTO A LAS CONDICIONES DE TRÁNSITO (CELULAR, PANTALLAS DE VIDEO, COMIDA, MAQUILLAJE O CUALQUIER OTRO ELEMENTO DISTRACTOR).;MOTOCICLETA;2;0;NO;2025;5;13;1;MARTES;9,5;9;MANANA;0,7071067811865476;-0,7071067811865475;0,7818314824680298;0,6234898018587336;2
2025-05-25;15:38:00;CUENCA;SAYAUSI;RURAL;-2,790028;-79,165194;RED VIAL E 582 KM 19 APROX.;CHOQUE LATERAL;NO RESPETAR LAS SEÑALES REGLAMENTARIAS DE TRÁNSITO. (PARE, CEDA EL PASO, LUZ ROJA DEL SEMAFORO, ETC).;VEHÍCULO DEPORTIVO UTILITARIO;1;0;SI;2025;5;25;6;DOMINGO;15,633333333333333;15;TARDE;-0,7071067811865471;-0,7071067811865479;-0,7818314824680299;0,6234898018587334;1
2025-05-01;14:40:00;CUENCA;TARQUI (CUENCA);RURAL;-2,970712;-79,047989;SE ENCUENTRA UBICADO EN LA RED VIAL E-35   SENTIDO CUENCA  -  GIRON AL LLEGAR AL KM 6+340 APROXIMADAMENTE REFERENCIA GASOLINERA RANCHO ALEGRE.;CHOQUE FRONTAL;CONDUCIR EN SENTIDO CONTRARIO A LA VÍA NORMAL DE CIRCULACIÓN.;CAMIÓN;1;0;SI;2025;5;1;3;JUEVES;14,666666666666666;14;TARDE;-0,4999999999999997;-0,8660254037844388;0,43388373911755823;-0,900968867902419;1
2025-05-03;16:50:00;CUENCA;CUMBE;RURAL;-3,067617;-79,026822;SE ENCUENTRA UBICADO EN LA RED VIAL E-35 SENTIDO CUENCA ¿ LOJA AL LLEGAR AL KM 2+700 APROXIMADAMENTE;CHOQUE LATERAL;NO RESPETAR LAS SEÑALES REGLAMENTARIAS DE TRÁNSITO. (PARE, CEDA EL PASO, LUZ ROJA DEL SEMAFORO, ETC).;AUTOMÓVIL;3;0;SI;2025;5;3;5;SABADO;16,833333333333332;16;TARDE;-0,8660254037844385;-0,5000000000000004;-0,9749279121818236;-0,2225209339563146;3
2025-05-15;21:00:00;CUENCA;BAÑOS (CUENCA);RURAL;-2,958194;-79,048861;RED VIAL E 59 KM 4 APROX.;ESTRELLAMIENTOS;CONDUCIR DESATENTO A LAS CONDICIONES DE TRÁNSITO (CELULAR, PANTALLAS DE VIDEO, COMIDA, MAQUILLAJE O CUALQUIER OTRO ELEMENTO DISTRACTOR).;AUTOMÓVIL;0;0;NO;2025;5;15;3;JUEVES;21,0;21;NOCHE;-0,7071067811865477;0,7071067811865474;0,43388373911755823;-0,900968867902419;0
2025-05-10;05:55:00;CUENCA;BAÑOS (CUENCA);RURAL;-2,9525;-79,048583;RED VIAL E 59 KM 3 APROX.;CHOQUE LATERAL;NO RESPETAR LAS SEÑALES REGLAMENTARIAS DE TRÁNSITO. (PARE, CEDA EL PASO, LUZ ROJA DEL SEMAFORO, ETC).;AUTOMÓVIL;3;0;NO;2025;5;10;5;SABADO;5,916666666666667;5;MADRUGADA;0,9659258262890683;0,25881904510252074;-0,9749279121818236;-0,2225209339563146;3
2025-05-10;18:50:00;CUENCA;VICTORIA DEL PORTETE;RURAL;-3,050667;-79,047333;RED VIAL E 59 KM 14;CHOQUE LATERAL;NO RESPETAR LAS SEÑALES REGLAMENTARIAS DE TRÁNSITO. (PARE, CEDA EL PASO, LUZ ROJA DEL SEMAFORO, ETC).;MOTOCICLETA;1;0;NO;2025;5;10;5;SABADO;18,833333333333332;18;NOCHE;-1,0;-1,8369701987210297e-16;-0,9749279121818236;-0,2225209339563146;1
2025-05-18;17:00:00;CUENCA;TARQUI (CUENCA);RURAL;-3,022222;-79,038889;SE ENCUENTRA UBICADO EN LA RED VIAL E-35   SENTIDO TARQUI ¿ CUMBE   AL LLEGAR AL KM 11 APROXIMADAMENTE REFERENCIA GASOLINERA PRIMAX.;CHOQUE POSTERIOR;NO MANTENER LA DISTANCIA PRUDENCIAL CON RESPECTO AL VEHÍCULO QUE LE ANTECEDE.;AUTOMÓVIL;0;0;NO;2025;5;18;6;DOMINGO;17,0;17;TARDE;-0,9659258262890683;-0,25881904510252063;-0,7818314824680299;0,6234898018587334;0
2025-05-08;19:00:00;CUENCA;CUMBE;RURAL;-3,056694;-79,036639;RED VIAL E35 KM 2.5 APROX.;CHOQUE LATERAL;NO RESPETAR LAS SEÑALES REGLAMENTARIAS DE TRÁNSITO. (PARE, CEDA EL PASO, LUZ ROJA DEL SEMAFORO, ETC).;AUTOMÓVIL;2;0;NO;2025;5;8;3;JUEVES;19,0;19;NOCHE;-0,9659258262890684;0,2588190451025203;0,43388373911755823;-0,900968867902419;2
2025-05-13;11:00:00;CUENCA;CUMBE;RURAL;-3,152361;-79,021028;RED VIAL E 35 KM 12;PÉRDIDA DE CARRIL;CONDUCIR DESATENTO A LAS CONDICIONES DE TRÁNSITO (CELULAR, PANTALLAS DE VIDEO, COMIDA, MAQUILLAJE O CUALQUIER OTRO ELEMENTO DISTRACTOR).;CAMIÓN;0;0;NO;2025;5;13;1;MARTES;11,0;11;MANANA;0,258819045102521;-0,9659258262890682;0,7818314824680298;0,6234898018587336;0
2025-05-11;19:24:00;CUENCA;CUMBE;RURAL;-3,075167;-79,018778;RED VIAL E 35 KM 5;CHOQUE LATERAL;NO RESPETAR LAS SEÑALES REGLAMENTARIAS DE TRÁNSITO. (PARE, CEDA EL PASO, LUZ ROJA DEL SEMAFORO, ETC).;AUTOMÓVIL;2;0;NO;2025;5;11;6;DOMINGO;19,4;19;NOCHE;-0,9659258262890684;0,2588190451025203;-0,7818314824680299;0,6234898018587334;2
2025-05-01;05:28:00;CUENCA;CUENCA;URBANA;-2,915541;-79,013345;AVENIDA DON BOSCO Y PABLO PICASSO;ESTRELLAMIENTOS;CONDUCIR DESATENTO A LAS CONDICIONES DE TRÁNSITO (CELULAR, PANTALLAS DE VIDEO, COMIDA, MAQUILLAJE O CUALQUIER OTRO ELEMENTO DISTRACTOR).;MOTOCICLETA;1;0;SI;2025;5;1;3;JUEVES;5,466666666666667;5;MADRUGADA;0,9659258262890683;0,25881904510252074;0,43388373911755823;-0,900968867902419;1
2025-05-01;20:15:00;CUENCA;CUENCA;URBANA;-2,899176;-78,996774;AV. HUAYNA CAPAC Y SIMÓN BOLÍVAR;ARROLLAMIENTOS;PEATÓN TRANSITA BAJO INFLUENCIA DE ALCOHOL, SUSTANCIAS ESTUPEFACIENTES O PSICOTRÓPICAS Y/O MEDICAMENTOS.;BUS;0;0;SI;2025;5;1;3;JUEVES;20,25;20;NOCHE;-0,8660254037844386;0,5000000000000001;0,43388373911755823;-0,900968867902419;0
2025-05-04;14:12:00;CUENCA;CUENCA;URBANA;-2,886702;-78,991544;EL OBRERO Y DE LAS CARRETAS;OTROS;NO RESPETAR LAS SEÑALES REGLAMENTARIAS DE TRÁNSITO. (PARE, CEDA EL PASO, LUZ ROJA DEL SEMAFORO, ETC).;MOTOCICLETA;1;0;SI;2025;5;4;6;DOMINGO;14,2;14;TARDE;-0,4999999999999997;-0,8660254037844388;-0,7818314824680299;0,6234898018587334;1