FECHA;HORA;CANTON;PARROQUIA;ZONA;LATITUD_Y;LONGITUD_X;DIRECCION;TIPO_DE_SINIESTRO;CAUSA_PROBABLE;TIPO_DE_VEHICULO_1;LESIONADOS;FALLECIDOS;FERIADO;ANIO;MES;DIA;DIA_SEMANA;NOMBRE_DIA;HORA_DECIMAL;HORA_NUM;RANGO_HORARIO;HORA_SIN;HORA_COS;DIA_SIN;DIA_COS;TOTAL_VICTIMAS
2025-05-04;14:01:00;CUENCA;TARQUI (CUENCA);RURAL;-3,007134;-79,07473;CALLE SIN NOMBRE SECUNDARIA NO EXISTE;VOLCAMIENTOS;CONDUCIR VEHÍCULO SUPERANDO LOS LÍMITES MÁXIMOS DE VELOCIDAD.;VEHÍCULO DEPORTIVO UTILITARIO;2;0;SI;2025;5;4;6;DOMINGO;14,016666666666667;14;TARDE;-0,4999999999999997;-0,8660254037844388;-0,7818314824680299;0,6234898018587334;2
2025-05-05;02:46:00;CUENCA;CUENCA;URBANA;-2,910639;-79,020495;AV ISABEL LA CATÓLICA YAV 12 DE OCTUBRE;ESTRELLAMIENTOS;CONDUCIR VEHÍCULO SUPERANDO LOS LÍMITES MÁXIMOS DE VELOCIDAD.;MOTOCICLETA;1;0;NO;2025;5;5;0;LUNES;2,7666666666666666;2;MADRUGADA;0,49999999999999994;0,8660254037844387;0,0;1,0;1
2025-05-04;19:20:00;CUENCA;MOLLETURO;RURAL;-2,759671;-79,38961;VIA A PUEBLO NUEVO (MOLLETURO) Y NINGUNA;OTROS;CONDUCIR DESATENTO A LAS CONDICIONES DE TRÁNSITO (CELULAR, PANTALLAS DE VIDEO, COMIDA, MAQUILLAJE O CUALQUIER OTRO ELEMENTO DISTRACTOR).;NO IDENTIFICADO;0;0;SI;2025;5;4;6;DOMINGO;19,333333333333332;19;NOCHE;-0,9659258262890684;0,2588190451025203;-0,7818314824680299;0,6234898018587334;0
2025-05-04;19:40:00;CUENCA;CUENCA;URBANA;-2,904269;-78,995401;QUILLAÑAN Y INTIÑAN;ESTRELLAMIENTOS;CONDUCIR VEHÍCULO SUPERANDO LOS LÍMITES MÁXIMOS DE VELOCIDAD.;AUTOMÓVIL;0;0;SI;2025;5;4;6;DOMINGO;19,666666666666668;19;NOCHE;-0,9659258262890684;0,2588190451025203;-0,7818314824680299;0,6234898018587334;0
2025-05-04;21:26:00;CUENCA;CUENCA;URBANA;-2,872172;-78,981083;CAMINO A PATAMARCA SOR Y LUISA DE JESUS CORDERO;CHOQUE LATERAL;CONDUCIR DESATENTO A LAS CONDICIONES DE TRÁNSITO (CELULAR, PANTALLAS DE VIDEO, COMIDA, MAQUILLAJE O CUALQUIER OTRO ELEMENTO DISTRACTOR).;MOTOCICLETA;1;0;SI;2025;5;4;6;DOMINGO;21,433333333333334;21;NOCHE;-0,7071067811865477;0,7071067811865474;-0,7818314824680299;0,6234898018587334;1
2025-05-05;21:31:00;CUENCA;SAN JOAQUIN;URBANA;-2,887377;-79,066066;AVENIDA ENRIQUE ARIZAGA Y DE LA PIMIENTA;ESTRELLAMIENTOS;CONDUCIR DESATENTO A LAS CONDICIONES DE TRÁNSITO (CELULAR, PANTALLAS DE VIDEO, COMIDA, MAQUILLAJE O CUALQUIER OTRO ELEMENTO DISTRACTOR).;AUTOMÓVIL;1;0;NO;2025;5;5;0;LUNES;21,516666666666666;21;NOCHE;-0,7071067811865477;0,7071067811865474;0,0;1,0;1
2025-05-13;15:04:00;CUENCA;CUENCA;URBANA;-2,906294;-79,002154;AV. JOSÉ PERALTA Y CORNELIO MERCHÁN;CHOQUE LATERAL;CONDUCIR DESATENTO A LAS CONDICIONES DE TRÁNSITO (CELULAR, PANTALLAS DE VIDEO, COMIDA, MAQUILLAJE O CUALQUIER OTRO ELEMENTO DISTRACTOR).;MOTOCICLETA;1;0;NO;2025;5;13;1;MARTES;15,066666666666666;15;TARDE;-0,7071067811865471;-0,7071067811865479;0,7818314824680298;0,6234898018587336;1
2025-05-06;11:18:00;CUENCA;QUINGEO;RURAL;-3,048308;-78,911346;VIA A SAN JOSE - QUINGEO Y NINGUNA;OTROS;NO RESPETAR LAS SEÑALES REGLAMENTARIAS DE TRÁNSITO. (PARE, CEDA EL PASO, LUZ ROJA DEL SEMAFORO, ETC).;NO IDENTIFICADO;1;0;NO;2025;5;6;1;MARTES;11,3;11;MANANA;0,258819045102521;-0,9659258262890682;0,7818314824680298;0,6234898018587336;1
2025-05-06;21:30:00;CUENCA;CUENCA;URBANA;-2,915606;-79,009965;AV FRAY VICENTE SOLANO  Y AV PRIMERO DE MAYO;CHOQUE LATERAL;NO GUARDAR LA DISTANCIA LATERAL MÍNIMA DE SEGURIDAD ENTRE VEHÍCULOS.;VEHÍCULO DEPORTIVO UTILITARIO;0;0;NO;2025;5;6;1;MARTES;21,5;21;NOCHE;-0,7071067811865477;0,7071067811865474;0,7818314824680298;0,6234898018587336;0
2025-05-07;12:16:00;CUENCA;CUENCA;URBANA;-2,885598;-78,982826;AVENIDA ESPAÑA TOLEDO;ATROPELLOS;CONDUCIR DESATENTO A LAS CONDICIONES DE TRÁNSITO (CELULAR, PANTALLAS DE VIDEO, COMIDA, MAQUILLAJE O CUALQUIER OTRO ELEMENTO DISTRACTOR).;VEHÍCULO DEPORTIVO UTILITARIO;0;0;NO;2025;5;7;2;MIERCOLES;12,266666666666667;12;TARDE;1,2246467991473532e-16;-1,0;0,9749279121818236;-0,22252093395631434;0
2025-05-07;12:16:00;CUENCA;CUENCA;URBANA;-2,885598;-78,982826;AVENIDA ESPAÑA  Y TOLEDO;ATROPELLOS;CONDUCIR DESATENTO A LAS CONDICIONES DE TRÁNSITO (CELULAR, PANTALLAS DE VIDEO, COMIDA, MAQUILLAJE O CUALQUIER OTRO ELEMENTO DISTRACTOR).;VEHÍCULO DEPORTIVO UTILITARIO;0;0;NO;2025;5;7;2;MIERCOLES;12,266666666666667;12;TARDE;1,2246467991473532e-16;-1,0;0,9749279121818236;-0,22252093395631434;0
2025-05-07;12:16:00;CUENCA;CUENCA;URBANA;-2,885598;-78,982826;AVENIDA ESPAÑA Y TOLEDO;ATROPELLOS;CONDUCIR DESATENTO A LAS CONDICIONES DE TRÁNSITO (CELULAR, PANTALLAS DE VIDEO, COMIDA, MAQUILLAJE O CUALQUIER OTRO ELEMENTO DISTRACTOR).;VEHÍCULO DEPORTIVO UTILITARIO;0;1;NO;2025;5;7;2;MIERCOLES;12,266666666666667;12;TARDE;1,2246467991473532e-16;-1,0;0,9749279121818236;-0,22252093395631434;1
2025-05-09;13:23:00;CUENCA;CUENCA;URBANA;-2,88594;-78,998278;AVENIDA DE LAS AMERICAS Y GENERAL ANTONIO FARFAN;CHOQUE LATERAL;NO MANTENER LA DISTANCIA PRUDENCIAL CON RESPECTO AL VEHÍCULO QUE LE ANTECEDE.;MOTOCICLETA;1;0;NO;2025;5;9;4;VIERNES;13,383333333333333;13;TARDE;-0,2588190451025208;-0,9659258262890683;-0,433883739117558;-0,9009688679024191;1
2025-05-09;09:05:00;CUENCA;CUENCA;URBANA;-2,908909;-79,006146;MIGUEL CORDERO DAVILA Y NICANOR AGUILAR;CHOQUE LATERAL;NO RESPETAR LAS SEÑALES REGLAMENTARIAS DE TRÁNSITO. (PARE, CEDA EL PASO, LUZ ROJA DEL SEMAFORO, ETC).;VEHÍCULO DEPORTIVO UTILITARIO;0;0;NO;2025;5;9;4;VIERNES;9,083333333333334;9;MANANA;0,7071067811865476;-0,7071067811865475;-0,433883739117558;-0,9009688679024191;0
2025-05-09;07:35:00;CUENCA;CUENCA;URBANA;-2,913339;-79,03101;AV. DON BOSCO Y AV. LOJA;ESTRELLAMIENTOS;CONDUCIR DESATENTO A LAS CONDICIONES DE TRÁNSITO (CELULAR, PANTALLAS DE VIDEO, COMIDA, MAQUILLAJE O CUALQUIER OTRO ELEMENTO DISTRACTOR).;CAMIONETA;1;0;NO;2025;5;9;4;VIERNES;7,583333333333333;7;MANANA;0,9659258262890683;-0,25881904510252063;-0,433883739117558;-0,9009688679024191;1
2025-05-15;09:35:00;CUENCA;CUENCA;URBANA;-2,890243;-78,96507;AV CUMANDA Y AV GONZALEZ SUAREZ;ESTRELLAMIENTOS;CONDUCIR DESATENTO A LAS CONDICIONES DE TRÁNSITO (CELULAR, PANTALLAS DE VIDEO, COMIDA, MAQUILLAJE O CUALQUIER OTRO ELEMENTO DISTRACTOR).;VEHÍCULO DEPORTIVO UTILITARIO;0;0;NO;2025;5;15;3;JUEVES;9,583333333333334;9;MANANA;0,7071067811865476;-0,7071067811865475;0,43388373911755823;-0,900968867902419;0
2025-05-15;07:15:00;CUENCA;CUENCA;URBANA;-2,909407;-79,034894;AV AMERICAS Y LUIS MOSCOSO;CHOQUE LATERAL;NO RESPETAR LAS SEÑALES REGLAMENTARIAS DE TRÁNSITO. (PARE, CEDA EL PASO, LUZ ROJA DEL SEMAFORO, ETC).;MOTOCICLETA;0;0;NO;2025;5;15;3;JUEVES;7,25;7;MANANA;0,9659258262890683;-0,25881904510252063;0,43388373911755823;-0,900968867902419;0
2025-05-16;18:45:00;CUENCA;CUENCA;URBANA;-2,906594;-79,022502;10 DE AGOSTO Y HORTENCIA MATA;ESTRELLAMIENTOS;NO RESPETAR LAS SEÑALES REGLAMENTARIAS DE TRÁNSITO. (PARE, CEDA EL PASO, LUZ ROJA DEL SEMAFORO, ETC).;CAMIONETA;0;0;NO;2025;5;16;4;VIERNES;18,75;18;NOCHE;-1,0;-1,8369701987210297e-16;-0,433883739117558;-0,9009688679024191;0
2025-05-18;20:16:00;CUENCA;CUENCA;URBANA;-2,869102;-79,036959;CAMINO A SAN PEDRO DEL CEBOLLAR Y FRANCISCO CHILCHE;ESTRELLAMIENTOS;CONDUCIR DESATENTO A LAS CONDICIONES DE TRÁNSITO (CELULAR, PANTALLAS DE VIDEO, COMIDA, MAQUILLAJE O CUALQUIER OTRO ELEMENTO DISTRACTOR).;MOTOCICLETA;0;1;NO;2025;5;18;6;DOMINGO;20,266666666666666;20;NOCHE;-0,8660254037844386;0,5000000000000001;-0,7818314824680299;0,6234898018587334;1
2025-05-15;11:54:00;CUENCA;CUENCA;URBANA;-2,905266;-79,006473;FLORENCIA ASTUDILLO Y FRAY VICENTE SOLANO;COLISIÓN;NO MANTENER LA DISTANCIA PRUDENCIAL CON RESPECTO AL VEHÍCULO QUE LE ANTECEDE.;MOTOCICLETA;0;0;NO;2025;5;15;3;JUEVES;11,9;11;MANANA;0,258819045102521;-0,9659258262890682;0,43388373911755823;-0,900968867902419;0
2025-05-17;13:36:00;CUENCA;SININCAY;RURAL;-2,850644;-79,0149;5 DE FEBRERO Y LOS ARTESANOS;CHOQUE LATERAL;NO RESPETAR LAS SEÑALES REGLAMENTARIAS DE TRÁNSITO. (PARE, CEDA EL PASO, LUZ ROJA DEL SEMAFORO, ETC).;VEHÍCULO DEPORTIVO UTILITARIO;0;0;NO;2025;5;17;5;SABADO;13,6;13;TARDE;-0,2588190451025208;-0,9659258262890683;-0,9749279121818236;-0,2225209339563146;0
2025-05-21;06:48:00;CUENCA;CUENCA;URBANA;-2,933333;-79,044394;PANAMERICANA SUR Y DE LA SERENATA;ATROPELLOS;ADELANTAR O REBASAR A OTRO VEHÍCULO EN MOVIMIENTO EN ZONAS O SITIOS PELIGROSOS TALES COMO: CURVAS, PUENTES, TÚNELES, PENDIENTES, ETC.;MOTOCICLETA;0;1;NO;2025;5;21;2;MIERCOLES;6,8;6;MANANA;1,0;6,123233995736766e-17;0,9749279121818236;-0,22252093395631434;1
2025-05-25;02:23:00;CUENCA;QUINGEO;RURAL;-3,043604;-78,950114;VIA CUMBE - QUINGEO;PÉRDIDA DE PISTA;CONDUCE BAJO LA INFLUENCIA DE ALCOHOL, SUSTANCIAS ESTUPEFACIENTES O PSICOTRÓPICAS Y/O MEDICAMENTOS.;MOTOCICLETA;0;1;SI;2025;5;25;6;DOMINGO;2,3833333333333333;2;MADRUGADA;0,49999999999999994;0,8660254037844387;-0,7818314824680299;0,6234898018587334;1
2025-05-25;22:16:00;CUENCA;CUENCA;URBANA;-2,903026;-78,993405;GUAPONDELIG Y JAIME ROLDOS;CHOQUE LATERAL;NO RESPETAR LAS SEÑALES REGLAMENTARIAS DE TRÁNSITO. (PARE, CEDA EL PASO, LUZ ROJA DEL SEMAFORO, ETC).;VEHÍCULO DEPORTIVO UTILITARIO;0;0;SI;2025;5;25;6;DOMINGO;22,266666666666666;22;NOCHE;-0,5000000000000004;0,8660254037844384;-0,7818314824680299;0,6234898018587334;0
2025-05-26;13:10:00;CUENCA;CUENCA;URBANA;-2,899351;-78,996785;HUAYNA CAPAC Y JUAN JOSE FLORES;CHOQUE LATERAL;ADELANTAR O REBASAR A OTRO VEHÍCULO EN MOVIMIENTO EN ZONAS O SITIOS PELIGROSOS TALES COMO: CURVAS, PUENTES, TÚNELES, PENDIENTES, ETC.;AUTOMÓVIL;0;0;NO;2025;5;26;0;LUNES;13,166666666666666;13;TARDE;-0,2588190451025208;-0,9659258262890683;0,0;1,0;0
2025-06-01;16:04:00;CUENCA;CUENCA;URBANA;-2,904682;-79,025002;10 DE AGOSTO Y LOJA;CHOQUE LATERAL;CONDUCE BAJO LA INFLUENCIA DE ALCOHOL, SUSTANCIAS ESTUPEFACIENTES O PSICOTRÓPICAS Y/O MEDICAMENTOS.;AUTOMÓVIL;1;0;NO;2025;6;1;6;DOMINGO;16,066666666666666;16;TARDE;-0,8660254037844385;-0,5000000000000004;-0,7818314824680299;0,6234898018587334;1
2025-06-01;19:15:00;CUENCA;CUENCA;URBANA;-2,8914;-78,957099;RED ESTATAL E35 KM 697 Y SN;ESTRELLAMIENTOS;CONDUCE BAJO LA INFLUENCIA DE ALCOHOL, SUSTANCIAS ESTUPEFACIENTES O PSICOTRÓPICAS Y/O MEDICAMENTOS.;MOTOCICLETA;1;0;NO;2025;6;1;6;DOMINGO;19,25;19;NOCHE;-0,9659258262890684;0,2588190451025203;-0,7818314824680299;0,6234898018587334;1
2025-06-02;09:22:00;CUENCA;CUENCA;URBANA;-2,888893;-79,020967;AV AMERICAS Y GUILLERMO MEDINA;CHOQUE LATERAL;CONDUCIR DESATENTO A LAS CONDICIONES DE TRÁNSITO (CELULAR, PANTALLAS DE VIDEO, COMIDA, MAQUILLAJE O CUALQUIER OTRO ELEMENTO DISTRACTOR).;AUTOMÓVIL;0;0;NO;2025;6;2;0;LUNES;9,366666666666667;9;MANANA;0,7071067811865476;-0,7071067811865475;0,0;1,0;0
2025-06-01;00:33:00;CUENCA;CUENCA;URBANA;-2,887694;-79,009021;HÉROES DE VERDELOMA Y ESTEVEZ DE TORAL;PÉRDIDA DE CARRIL;CONDUCIR DESATENTO A LAS CONDICIONES DE TRÁNSITO (CELULAR, PANTALLAS DE VIDEO, COMIDA, MAQUILLAJE O CUALQUIER OTRO ELEMENTO DISTRACTOR).;AUTOMÓVIL;0;0;NO;2025;6;1;6;DOMINGO;0,55;0;MADRUGADA;0,0;1,0;-0,7818314824680299;0,6234898018587334;0
2025-06-04;08:37:00;CUENCA;CUENCA;URBANA;-2,89095;-78,991688;GIL RAMIREZ DAVALOS Y ALCABALAS;CHOQUE LATERAL;CONDUCIR DESATENTO A LAS CONDICIONES DE TRÁNSITO (CELULAR, PANTALLAS DE VIDEO, COMIDA, MAQUILLAJE O CUALQUIER OTRO ELEMENTO DISTRACTOR).;AUTOMÓVIL;1;0;NO;2025;6;4;2;MIERCOLES;8,616666666666667;8;MANANA;0,8660254037844387;-0,4999999999999998;0,9749279121818236;-0,22252093395631434;1
2025-06-04;23:56:00;CUENCA;CUENCA;URBANA;-2,902608;-79,003018;LARGA Y HERMANO MIGUEL;OTROS;NO RESPETAR LAS SEÑALES REGLAMENTARIAS DE TRÁNSITO. (PARE, CEDA EL PASO, LUZ ROJA DEL SEMAFORO, ETC).;CAMIONETA;0;0;NO;2025;6;4;2;MIERCOLES;23,933333333333334;23;NOCHE;-0,25881904510252157;0,9659258262890681;0,9749279121818236;-0,22252093395631434;0
2025-06-05;20:15:00;CUENCA;CUENCA;URBANA;-2,901069;-78,98464;MAX UHLE Y PASEO DE LOS CAÑARIS;CHOQUE LATERAL;NO CEDER EL DERECHO DE VÍA O PREFERENCIA DE PASO A VEHÍCULOS.;MOTOCICLETA;0;0;NO;2025;6;5;3;JUEVES;20,25;20;NOCHE;-0,8660254037844386;0,5000000000000001;0,43388373911755823;-0,900968867902419;0
2025-06-07;15:33:00;CUENCA;TARQUI (CUENCA);RURAL;-2,988199;-79,045072;VÍA A CHAULLAYACU Y PANAMERICANA SUR;CHOQUE FRONTAL;CONDUCE BAJO LA INFLUENCIA DE ALCOHOL, SUSTANCIAS ESTUPEFACIENTES O PSICOTRÓPICAS Y/O MEDICAMENTOS.;CAMIONETA;1;0;NO;2025;6;7;5;SABADO;15,55;15;TARDE;-0,7071067811865471;-0,7071067811865479;-0,9749279121818236;-0,2225209339563146;1
2025-06-07;13:49:00;CUENCA;TARQUI (CUENCA);RURAL;-2,976749;-79,063797;VIA A TUTUPALI Y NINGUNA;CHOQUE FRONTAL;CONDUCIR DESATENTO A LAS CONDICIONES DE TRÁNSITO (CELULAR, PANTALLAS DE VIDEO, COMIDA, MAQUILLAJE O CUALQUIER OTRO ELEMENTO DISTRACTOR).;AUTOMÓVIL;1;0;NO;2025;6;7;5;SABADO;13,816666666666666;13;TARDE;-0,2588190451025208;-0,9659258262890683;-0,9749279121818236;-0,2225209339563146;1
2025-06-12;08:01:00;CUENCA;CUENCA;URBANA;-2,908159;-78,983583;24 DE MAYO Y TULCAN;CHOQUE LATERAL;CONDUCIR DESATENTO A LAS CONDICIONES DE TRÁNSITO (CELULAR, PANTALLAS DE VIDEO, COMIDA, MAQUILLAJE O CUALQUIER OTRO ELEMENTO DISTRACTOR).;AUTOMÓVIL;1;0;NO;2025;6;12;3;JUEVES;8,016666666666667;8;MANANA;0,8660254037844387;-0,4999999999999998;0,43388373911755823;-0,900968867902419;1
2025-06-12;10:59:00;CUENCA;CUENCA;URBANA;-2,886193;-79,008721;AV AMERICAS Y DEL CHOFER;CHOQUE POSTERIOR;NO MANTENER LA DISTANCIA PRUDENCIAL CON RESPECTO AL VEHÍCULO QUE LE ANTECEDE.;VEHÍCULO DEPORTIVO UTILITARIO;0;0;NO;2025;6;12;3;JUEVES;10,983333333333333;10;MANANA;0,49999999999999994;-0,8660254037844387;0,43388373911755823;-0,900968867902419;0
2025-06-12;22:46:00;CUENCA;CUENCA;URBANA;-2,902249;-78,99976;TOMAS ORDOÑEZ Y HONORATO VASQUEZ;CHOQUE LATERAL;CONDUCE BAJO LA INFLUENCIA DE ALCOHOL, SUSTANCIAS ESTUPEFACIENTES O PSICOTRÓPICAS Y/O MEDICAMENTOS.;MOTOCICLETA;0;0;NO;2025;6;12;3;JUEVES;22,766666666666666;22;NOCHE;-0,5000000000000004;0,8660254037844384;0,43388373911755823;-0,900968867902419;0
2025-06-12;18:50:00;CUENCA;BAÑOS (CUENCA);RURAL;-2,900834;-79,049716;CIUDAD DE CUENCA Y PRIMERO DE MAYO;ATROPELLOS;CONDUCIR DESATENTO A LAS CONDICIONES DE TRÁNSITO (CELULAR, PANTALLAS DE VIDEO, COMIDA, MAQUILLAJE O CUALQUIER OTRO ELEMENTO DISTRACTOR).;NO IDENTIFICADO;0;0;NO;2025;6;12;3;JUEVES;18,833333333333332;18;NOCHE;-1,0;-1,8369701987210297e-16;0,43388373911755823;-0,900968867902419;0
2025-06-18;13:02:00;CUENCA;CUENCA;URBANA;-2,915161;-79,044313;CAMINO VIEJO A BAÑOS Y CANTN PORTOVELO;CHOQUE LATERAL;CONDUCIR DESATENTO A LAS CONDICIONES DE TRÁNSITO (CELULAR, PANTALLAS DE VIDEO, COMIDA, MAQUILLAJE O CUALQUIER OTRO ELEMENTO DISTRACTOR).;MOTOCICLETA;0;0;NO;2025;6;18;2;MIERCOLES;13,033333333333333;13;TARDE;-0,2588190451025208;-0,9659258262890683;0,9749279121818236;-0,22252093395631434;0
2025-06-05;20:40:00;CUENCA;TARQUI (CUENCA);RURAL;-3,023111;-79,038778;RED VIAL E 59 KM 13;PÉRDIDA DE CARRIL;CONDUCIR DESATENTO A LAS CONDICIONES DE TRÁNSITO (CELULAR, PANTALLAS DE VIDEO, COMIDA, MAQUILLAJE O CUALQUIER OTRO ELEMENTO DISTRACTOR).;AUTOMÓVIL;0;1;NO;2025;6;5;3;JUEVES;20,666666666666668;20;NOCHE;-0,8660254037844386;0,5000000000000001;0,43388373911755823;-0,900968867902419;1
2025-06-06;03:10:00;CUENCA;MOLLETURO;RURAL;-2,615361;-79,469556;RED VIAL E 582 KM 106+800;ESTRELLAMIENTOS;CONDUCIR DESATENTO A LAS CONDICIONES DE TRÁNSITO (CELULAR, PANTALLAS DE VIDEO, COMIDA, MAQUILLAJE O CUALQUIER OTRO ELEMENTO DISTRACTOR).;CAMIÓN;1;0;NO;2025;6;6;4;VIERNES;3,1666666666666665;3;MADRUGADA;0,7071067811865476;0,7071067811865476;-0,433883739117558;-0,9009688679024191;1
2025-06-07;20:50:00;CUENCA;SAYAUSI;RURAL;-2,824083;-79,141667;RED VIAL E 582 KM 16+350 APROX.;CHOQUE POSTERIOR;NO MANTENER LA DISTANCIA PRUDENCIAL CON RESPECTO AL VEHÍCULO QUE LE ANTECEDE.;CAMIÓN;2;0;NO;2025;6;7;5;SABADO;20,833333333333332;20;NOCHE;-0,8660254037844386;0,5000000000000001;-0,9749279121818236;-0,2225209339563146;2
2025-06-13;14:00:00;CUENCA;TARQUI (CUENCA);RURAL;-2,963611;-79,049722;RED VIAL E 59 KM 5 APROX.;OTROS;CASO FORTUITO O FUERZA MAYOR (EXPLOSIÓN DE NEUMÁTICO NUEVO, DERRUMBE, INUNDACIÓN, CAÍDA DE PUENTE, ÁRBOL, PRESENCIA INTEMPESTIVA E IMPREVISTA DE SEMOVIENTES EN LA VÍA, ETC.).;VEHÍCULO DEPORTIVO UTILITARIO;0;0;NO;2025;6;13;4;VIERNES;14,0;14;TARDE;-0,4999999999999997;-0,8660254037844388;-0,433883739117558;-0,9009688679024191;0
2025-06-18;18:55:00;CUENCA;CUMBE;RURAL;-3,063167;-79,032111;RED VIAL E 35 KM 2+300;CHOQUE LATERAL;NO RESPETAR LAS SEÑALES REGLAMENTARIAS DE TRÁNSITO. (PARE, CEDA EL PASO, LUZ ROJA DEL SEMAFORO, ETC).;AUTOMÓVIL;1;0;NO;2025;6;18;2;MIERCOLES;18,916666666666668;18;NOCHE;-1,0;-1,8369701987210297e-16;0,9749279121818236;-0,22252093395631434;1
2025-06-24;18:51:00;CUENCA;BAÑOS (CUENCA);RURAL;-2,941917;-79,045722;RED VIAL E-59 KM 2 APROXIMADAMENTE SENTIDO CUENCA-TARQUI;CHOQUE LATERAL;NO RESPETAR LAS SEÑALES REGLAMENTARIAS DE TRÁNSITO. (PARE, CEDA EL PASO, LUZ ROJA DEL SEMAFORO, ETC).;AUTOMÓVIL;1;0;NO;2025;6;24;1;MARTES;18,85;18;NOCHE;-1,0;-1,8369701987210297e-16;0,7818314824680298;0,6234898018587336;1
2025-06-25;20:20:00;CUENCA;VICTORIA DEL PORTETE;RURAL;-3,081119;-79,072427;RED VIAL E 59 KM 17 APROX.;ROZAMIENTOS;NO GUARDAR LA DISTANCIA LATERAL MÍNIMA DE SEGURIDAD ENTRE VEHÍCULOS.;CAMIÓN;0;0;NO;2025;6;25;2;MIERCOLES;20,333333333333332;20;NOCHE;-0,8660254037844386;0,5000000000000001;0,9749279121818236;-0,22252093395631434;0
2025-07-09;08:00:00;CUENCA;MOLLETURO;RURAL;-2,774566;-79,389637;RED VIAL E 582 SENTIDO CUENCA-MOLLETURO KM56+740.;PÉRDIDA DE CARRIL;CONDUCIR DESATENTO A LAS CONDICIONES DE TRÁNSITO (CELULAR, PANTALLAS DE VIDEO, COMIDA, MAQUILLAJE O CUALQUIER OTRO ELEMENTO DISTRACTOR).;CAMIONETA;2;0;NO;2025;7;9;2;MIERCOLES;8,0;8;MANANA;0,8660254037844387;-0,4999999999999998;0,9749279121818236;-0,22252093395631434;2
2025-07-09;16:40:00;CUENCA;SAYAUSI;RURAL;-2,786882;-79,219077;RED VIAL E-582 SENTIDO MOLLETURO - CUENCA KM 27 APROX.;PÉRDIDA DE CARRIL;CONDUCIR DESATENTO A LAS CONDICIONES DE TRÁNSITO (CELULAR, PANTALLAS DE VIDEO, COMIDA, MAQUILLAJE O CUALQUIER OTRO ELEMENTO DISTRACTOR).;CAMIÓN;0;0;NO;2025;7;9;2;MIERCOLES;16,666666666666668;16;TARDE;-0,8660254037844385;-0,5000000000000004;0,9749279121818236;-0,22252093395631434;0
2025-07-07;21:45:00;CUENCA;CUMBE;RURAL;-3,075;-79,018904;SE ENCUENTRA UBICADO EN LA RED VIAL E35 SENTIDO CUMBE-LOJA KM 5 SECTOR LOS LAURELES DE LA;PÉRDIDA DE CARRIL;CONDUCIR DESATENTO A LAS CONDICIONES DE TRÁNSITO (CELULAR, PANTALLAS DE VIDEO, COMIDA, MAQUILLAJE O CUALQUIER OTRO ELEMENTO DISTRACTOR).;MOTOCICLETA;1;0;NO;2025;7;7;0;LUNES;21,75;21;NOCHE;-0,7071067811865477;0,7071067811865474;0,0;1,0;1
2025-07-10;16:30:00;CUENCA;TARQUI (CUENCA);RURAL;-2,98834;-79,046183;SE ENCUENTRA UBICADO EN LA RED VIAL E35 KM.8.8;CHOQUE POSTERIOR;NO MANTENER LA DISTANCIA PRUDENCIAL CON RESPECTO AL VEHÍCULO QUE LE ANTECEDE.;VEHÍCULO DEPORTIVO UTILITARIO;0;0;NO;2025;7;10;3;JUEVES;16,5;16;TARDE;-0,8660254037844385;-0,5000000000000004;0,43388373911755823;-0,900968867902419;0
2025-07-13;11:20:00;CUENCA;TARQUI (CUENCA);RURAL;-2,967845;-79,049381;SE ENCUENTRA UBICADO EN LA RED VIAL E-59 SENTIDO CUENCA ¿ TARQUI AL LLEGAR AL KM 4 APROXIMADAMENTE REFERENCIA INGRESO A ZHUCAY.;CHOQUE LATERAL;NO RESPETAR LAS SEÑALES REGLAMENTARIAS DE TRÁNSITO. (PARE, CEDA EL PASO, LUZ ROJA DEL SEMAFORO, ETC).;VEHÍCULO DEPORTIVO UTILITARIO;2;0;NO;2025;7;13;6;DOMINGO;11,333333333333334;11;MANANA;0,258819045102521;-0,9659258262890682;-0,7818314824680299;0,6234898018587334;2
2025-07-14;09:45:00;CUENCA;SAYAUSI;RURAL;-2,839728;-79,1255;RED VIAL E-582 SENTIDO MOLLETURO  -  CUENCA  AL LLEGAR AL KM  11+800 APROXIMADAMENTE  SECTOR MARIANZA;PÉRDIDA DE CARRIL;CONDUCIR DESATENTO A LAS CONDICIONES DE TRÁNSITO (CELULAR, PANTALLAS DE VIDEO, COMIDA, MAQUILLAJE O CUALQUIER OTRO ELEMENTO DISTRACTOR).;CAMIÓN;0;1;NO;2025;7;14;0;LUNES;9,75;9;MANANA;0,7071067811865476;-0,7071067811865475;0,0;1,0;1