FECHA;HORA;CANTON;PARROQUIA;ZONA;LATITUD_Y;LONGITUD_X;DIRECCION;TIPO_DE_SINIESTRO;CAUSA_PROBABLE;TIPO_DE_VEHICULO_1;LESIONADOS;FALLECIDOS;FERIADO;ANIO;MES;DIA;DIA_SEMANA;NOMBRE_DIA;HORA_DECIMAL;HORA_NUM;RANGO_HORARIO;HORA_SIN;HORA_COS;DIA_SIN;DIA_COS;TOTAL_VICTIMAS
2025-07-19;18:45:00;CUENCA;CUMBE;RURAL;-3,065833;-79,028333;RED VIAL E-35 SENTIDO CUMBE ¿ CUENCA KM 4 APROX. SECTOR ¿LOS ÁLAMOS DE CUMBE¿;CHOQUE LATERAL;NO RESPETAR LAS SEÑALES REGLAMENTARIAS DE TRÁNSITO. (PARE, CEDA EL PASO, LUZ ROJA DEL SEMAFORO, ETC).;AUTOMÓVIL;10;0;NO;2025;7;19;5;SABADO;18,75;18;NOCHE;-1,0;-1,8369701987210297e-16;-0,9749279121818236;-0,2225209339563146;10
2025-07-20;07:20:00;CUENCA;BAÑOS (CUENCA);RURAL;-2,943056;-79,045556;SE ENCUENTRA UBICADO EN LA RED VIAL E35 SENTIDO CUENCA-TARQUI  KM 2+100 APROX. A 200M APROX. DE IMPORTADORA CUMPLEAÑOS;CHOQUE LATERAL;NO RESPETAR LAS SEÑALES REGLAMENTARIAS DE TRÁNSITO. (PARE, CEDA EL PASO, LUZ ROJA DEL SEMAFORO, ETC).;AUTOMÓVIL;0;0;NO;2025;7;20;6;DOMINGO;7,333333333333333;7;MANANA;0,9659258262890683;-0,25881904510252063;-0,7818314824680299;0,6234898018587334;0
2025-07-25;19:00:00;CUENCA;SAYAUSI;RURAL;-2,82091;-79,146832;SE ENCUENTRA UBICADO EN LA RED VIAL E-582 SENTIDO MOLLETURO  - CUENCA   AL LLEGAR AL KM 8+200   APROXIMADAMENTE COMO REFERENCIA SECTOR GULAC.;CHOQUE POSTERIOR;NO MANTENER LA DISTANCIA PRUDENCIAL CON RESPECTO AL VEHÍCULO QUE LE ANTECEDE.;CAMIÓN;3;0;NO;2025;7;25;4;VIERNES;19,0;19;NOCHE;-0,9659258262890684;0,2588190451025203;-0,433883739117558;-0,9009688679024191;3
2025-07-27;21:00:00;CUENCA;TARQUI (CUENCA);RURAL;-2,968347;-79,049194;SE ENCUENTRA UBICADO EN LA RED VIAL E-59 SENTIDO TARQUI  -  ZHUCAY    AL LLEGAR AL KM 5 APROXIMADAMENTE REFERENCIA PUENTE CARRION;CHOQUE LATERAL;NO RESPETAR LAS SEÑALES REGLAMENTARIAS DE TRÁNSITO. (PARE, CEDA EL PASO, LUZ ROJA DEL SEMAFORO, ETC).;VEHÍCULO DEPORTIVO UTILITARIO;2;0;NO;2025;7;27;6;DOMINGO;21,0;21;NOCHE;-0,7071067811865477;0,7071067811865474;-0,7818314824680299;0,6234898018587334;2
2025-07-26;11:40:00;CUENCA;SAYAUSI;RURAL;-2,856389;-79,0975;SE ENCUENTRA UBICADO EN LA RED ESTATAL E-582 SENTIDO MOLLETURO ¿ CUENCA AL LLEGAR A LA ALTURA DEL KM 9+990 APROXIMADAMENTE SECTOR MARIANZA.;CHOQUE LATERAL;NO RESPETAR LAS SEÑALES REGLAMENTARIAS DE TRÁNSITO. (PARE, CEDA EL PASO, LUZ ROJA DEL SEMAFORO, ETC).;VEHÍCULO DEPORTIVO UTILITARIO;2;0;NO;2025;7;26;5;SABADO;11,666666666666666;11;MANANA;0,258819045102521;-0,9659258262890682;-0,9749279121818236;-0,2225209339563146;2
2025-07-31;04:30:00;CUENCA;CUMBE;RURAL;-3,1375;-79,021111;SE ENCUENTRA UBICADO EN LA RED VIAL E-35 SENTIDO LOJA ¿ CUENCA REFERENCIA SECTOR LOS LAURELES A LA ALTURA DE LA FERIA DE GANADO.;PÉRDIDA DE CARRIL;CONDUCIR DESATENTO A LAS CONDICIONES DE TRÁNSITO (CELULAR, PANTALLAS DE VIDEO, COMIDA, MAQUILLAJE O CUALQUIER OTRO ELEMENTO DISTRACTOR).;CAMIONETA;0;0;NO;2025;7;31;3;JUEVES;4,5;4;MADRUGADA;0,8660254037844386;0,5000000000000001;0,43388373911755823;-0,900968867902419;0
2025-07-01;00:12:00;CUENCA;CUENCA;URBANA;-2,9048;-79,001425;12 DE ABRIL Y FLORENCIA ASTUDILLO;CHOQUE FRONTAL;CONDUCE BAJO LA INFLUENCIA DE ALCOHOL, SUSTANCIAS ESTUPEFACIENTES O PSICOTRÓPICAS Y/O MEDICAMENTOS.;VEHÍCULO DEPORTIVO UTILITARIO;1;0;NO;2025;7;1;1;MARTES;0,2;0;MADRUGADA;0,0;1,0;0,7818314824680298;0,6234898018587336;1
2025-07-01;13:14:00;CUENCA;CUENCA;URBANA;-2,870784;-78,983465;DE LOS CHASQUIS Y COJIMÍES;ATROPELLOS;NO CEDER EL DERECHO DE VÍA O PREFERENCIA DE PASO AL PEATÓN.;MOTOCICLETA;2;0;NO;2025;7;1;1;MARTES;13,233333333333333;13;TARDE;-0,2588190451025208;-0,9659258262890683;0,7818314824680298;0,6234898018587336;2
2025-07-04;22:43:00;CUENCA;CUENCA;URBANA;-2,911084;-79,008702;FRAY VICENTE SOLANO Y 10 DE AGOSTO;CHOQUE LATERAL;NO CEDER EL DERECHO DE VÍA O PREFERENCIA DE PASO A VEHÍCULOS.;MOTOCICLETA;1;0;NO;2025;7;4;4;VIERNES;22,716666666666665;22;NOCHE;-0,5000000000000004;0,8660254037844384;-0,433883739117558;-0,9009688679024191;1
2025-07-05;14:03:00;CUENCA;CUENCA;URBANA;-2,909107;-78,982225;MAX UHLE Y RED ESTATAL E35 KM 701;CHOQUE LATERAL;REALIZAR CAMBIO BRUSCO O INDEBIDO DE CARRIL.;MOTOCICLETA;1;0;NO;2025;7;5;5;SABADO;14,05;14;TARDE;-0,4999999999999997;-0,8660254037844388;-0,9749279121818236;-0,2225209339563146;1
2025-07-09;15:58:00;CUENCA;CUENCA;URBANA;-2,908078;-78,970585;VIA MONAY BAGUANCHI Y SN;CHOQUE LATERAL;NO RESPETAR LAS SEÑALES REGLAMENTARIAS DE TRÁNSITO. (PARE, CEDA EL PASO, LUZ ROJA DEL SEMAFORO, ETC).;CAMIONETA;0;0;NO;2025;7;9;2;MIERCOLES;15,966666666666667;15;TARDE;-0,7071067811865471;-0,7071067811865479;0,9749279121818236;-0,22252093395631434;0
2025-07-10;12:40:00;CUENCA;CUENCA;URBANA;-2,888444;-79,003576;HEROES DE VERDELOMA Y CORONEL FRANCISCO TAMARIZ;CHOQUE POSTERIOR;NO MANTENER LA DISTANCIA PRUDENCIAL CON RESPECTO AL VEHÍCULO QUE LE ANTECEDE.;VEHÍCULO DEPORTIVO UTILITARIO;1;0;NO;2025;7;10;3;JUEVES;12,666666666666666;12;TARDE;1,2246467991473532e-16;-1,0;0,43388373911755823;-0,900968867902419;1
2025-07-11;00:06:00;CUENCA;CUENCA;URBANA;-2,92192;-79,036339;ALFONSO PINZÓN Y VICENTE PINZÓN;PÉRDIDA DE CARRIL;CONDUCIR DESATENTO A LAS CONDICIONES DE TRÁNSITO (CELULAR, PANTALLAS DE VIDEO, COMIDA, MAQUILLAJE O CUALQUIER OTRO ELEMENTO DISTRACTOR).;MOTOCICLETA;1;0;NO;2025;7;11;4;VIERNES;0,1;0;MADRUGADA;0,0;1,0;-0,433883739117558;-0,9009688679024191;1
2025-07-14;19:13:00;CUENCA;CUENCA;URBANA;-2,897567;-78,997797;GRAN COLOMBIA Y MANUEL VEGA;ESTRELLAMIENTOS;CONDUCE BAJO LA INFLUENCIA DE ALCOHOL, SUSTANCIAS ESTUPEFACIENTES O PSICOTRÓPICAS Y/O MEDICAMENTOS.;AUTOMÓVIL;0;0;NO;2025;7;14;0;LUNES;19,216666666666665;19;NOCHE;-0,9659258262890684;0,2588190451025203;0,0;1,0;0
2025-07-15;10:43:00;CUENCA;CUENCA;URBANA;-2,909632;-79,018825;PRIMERO DE MAYO Y 12 DE OCTUBRE;ATROPELLOS;PEATÓN QUE CRUZA LA CALZADA SIN RESPETAR LA SEÑALIZACIÓN EXISTENTE (SEMÁFOROS O SEÑALES MANUALES).;CAMIONETA;1;0;NO;2025;7;15;1;MARTES;10,716666666666667;10;MANANA;0,49999999999999994;-0,8660254037844387;0,7818314824680298;0,6234898018587336;1
2025-07-16;08:33:00;CUENCA;CUENCA;URBANA;-2,896345;-79,006752;GENERAL TORRES Y SIMON BOLIVAR;CHOQUE LATERAL;NO RESPETAR LAS SEÑALES REGLAMENTARIAS DE TRÁNSITO. (PARE, CEDA EL PASO, LUZ ROJA DEL SEMAFORO, ETC).;VEHÍCULO DEPORTIVO UTILITARIO;0;0;NO;2025;7;16;2;MIERCOLES;8,55;8;MANANA;0,8660254037844387;-0,4999999999999998;0,9749279121818236;-0,22252093395631434;0
2025-07-19;18:55:00;CUENCA;CUENCA;URBANA;-2,89725;-78,979773;DOLORES J TORRES Y GONZALEZ SUÁREZ;ROZAMIENTOS;CONDUCIR DESATENTO A LAS CONDICIONES DE TRÁNSITO (CELULAR, PANTALLAS DE VIDEO, COMIDA, MAQUILLAJE O CUALQUIER OTRO ELEMENTO DISTRACTOR).;AUTOMÓVIL;0;0;NO;2025;7;19;5;SABADO;18,916666666666668;18;NOCHE;-1,0;-1,8369701987210297e-16;-0,9749279121818236;-0,2225209339563146;0
2025-07-20;03:09:00;CUENCA;CUENCA;URBANA;-2,920945;-79,018672;RED ESTATAL E35 KM 706 Y FELIPE II;PÉRDIDA DE CARRIL;CONDUCIR DESATENTO A LAS CONDICIONES DE TRÁNSITO (CELULAR, PANTALLAS DE VIDEO, COMIDA, MAQUILLAJE O CUALQUIER OTRO ELEMENTO DISTRACTOR).;VEHÍCULO DEPORTIVO UTILITARIO;0;0;NO;2025;7;20;6;DOMINGO;3,15;3;MADRUGADA;0,7071067811865476;0,7071067811865476;-0,7818314824680299;0,6234898018587334;0
2025-07-20;15:55:00;CUENCA;RICAURTE (CUENCA);RURAL;-2,861643;-78,963075;ALFONSO BERNAL Y SN;ATROPELLOS;CONDUCIR DESATENTO A LAS CONDICIONES DE TRÁNSITO (CELULAR, PANTALLAS DE VIDEO, COMIDA, MAQUILLAJE O CUALQUIER OTRO ELEMENTO DISTRACTOR).;AUTOMÓVIL;1;0;NO;2025;7;20;6;DOMINGO;15,916666666666666;15;TARDE;-0,7071067811865471;-0,7071067811865479;-0,7818314824680299;0,6234898018587334;1
2025-07-21;15:23:00;CUENCA;CUENCA;URBANA;-2,901894;-78,992436;GUAPONDELIG Y ELOY ALFARO;CAÍDA DE PASAJERO;NO RESPETAR LAS SEÑALES REGLAMENTARIAS DE TRÁNSITO. (PARE, CEDA EL PASO, LUZ ROJA DEL SEMAFORO, ETC).;NO IDENTIFICADO;0;0;NO;2025;7;21;0;LUNES;15,383333333333333;15;TARDE;-0,7071067811865471;-0,7071067811865479;0,0;1,0;0
2025-07-25;18:49:00;CUENCA;CUENCA;URBANA;-2,881296;-79,042447;CESAR ANDRADE Y CORDERO Y SN;CHOQUE LATERAL;REALIZAR CAMBIO BRUSCO O INDEBIDO DE CARRIL.;MOTOCICLETA;2;0;NO;2025;7;25;4;VIERNES;18,816666666666666;18;NOCHE;-1,0;-1,8369701987210297e-16;-0,433883739117558;-0,9009688679024191;2
2025-07-26;04:19:00;CUENCA;CUENCA;URBANA;-2,897717;-79,025767;AV AMERICAS Y REMIGIO CRESPO;ESTRELLAMIENTOS;CONDUCIR DESATENTO A LAS CONDICIONES DE TRÁNSITO (CELULAR, PANTALLAS DE VIDEO, COMIDA, MAQUILLAJE O CUALQUIER OTRO ELEMENTO DISTRACTOR).;AUTOMÓVIL;0;0;NO;2025;7;26;5;SABADO;4,316666666666666;4;MADRUGADA;0,8660254037844386;0,5000000000000001;-0,9749279121818236;-0,2225209339563146;0
2025-07-26;22:45:00;CUENCA;CUENCA;URBANA;-2,890579;-79,023846;AV AMERICAS Y GRAN COLOMBIA;PÉRDIDA DE CARRIL;CONDUCE BAJO LA INFLUENCIA DE ALCOHOL, SUSTANCIAS ESTUPEFACIENTES O PSICOTRÓPICAS Y/O MEDICAMENTOS.;MOTOCICLETA;1;0;NO;2025;7;26;5;SABADO;22,75;22;NOCHE;-0,5000000000000004;0,8660254037844384;-0,9749279121818236;-0,2225209339563146;1
2025-08-03;10:30:00;CUENCA;MOLLETURO;RURAL;-2,725556;-79,415278;SE ENCUENTRA UBICADO RED VIAL E-582 SENTIDO MOLLETURO-TAMARINDO, KM 71 APROXIMADAMENTE COMO REFERENCIA ENTRADA DE GUAYLLO.;CHOQUE LATERAL;NO RESPETAR LAS SEÑALES REGLAMENTARIAS DE TRÁNSITO. (PARE, CEDA EL PASO, LUZ ROJA DEL SEMAFORO, ETC).;MOTOCICLETA;1;0;NO;2025;8;3;6;DOMINGO;10,5;10;MANANA;0,49999999999999994;-0,8660254037844387;-0,7818314824680299;0,6234898018587334;1
2025-08-04;15:00:00;CUENCA;CUMBE;RURAL;-3,088251;-79,012696;SE ENCUENTRA UBICADO EN LA RED VIAL E-35 SENTIDO CUMBE-LOJA KM 6+280 APROXIMADAMENTE.;CHOQUE LATERAL;NO RESPETAR LAS SEÑALES REGLAMENTARIAS DE TRÁNSITO. (PARE, CEDA EL PASO, LUZ ROJA DEL SEMAFORO, ETC).;VEHÍCULO DEPORTIVO UTILITARIO;0;0;NO;2025;8;4;0;LUNES;15,0;15;TARDE;-0,7071067811865471;-0,7071067811865479;0,0;1,0;0
2025-08-05;17:05:00;CUENCA;CUMBE;RURAL;-3,152778;-79,020833;SE ENCUENTRA UBICADO EN LA RED VIAL E-35 KM 15 APROXIMADAMENTE SENTIDO LOJA-CUENCA, SECTOR GAÑADEL;PÉRDIDA DE CARRIL;CONDUCIR DESATENTO A LAS CONDICIONES DE TRÁNSITO (CELULAR, PANTALLAS DE VIDEO, COMIDA, MAQUILLAJE O CUALQUIER OTRO ELEMENTO DISTRACTOR).;VEHÍCULO DEPORTIVO UTILITARIO;1;0;NO;2025;8;5;1;MARTES;17,083333333333332;17;TARDE;-0,9659258262890683;-0,25881904510252063;0,7818314824680298;0,6234898018587336;1
2025-08-06;14:20:00;CUENCA;MOLLETURO;RURAL;-2,777094;-79,242441;SE ENCUENTRA UBICADO EN LA RED VIAL E-582 SENTIDO CUENCA ¿ MOLLETURO AL LLEGAR AL KM 36+860 APROXIMADAMENTE SECTOR TRES CRUCES.;PÉRDIDA DE CARRIL;CONDUCIR DESATENTO A LAS CONDICIONES DE TRÁNSITO (CELULAR, PANTALLAS DE VIDEO, COMIDA, MAQUILLAJE O CUALQUIER OTRO ELEMENTO DISTRACTOR).;VEHÍCULO DEPORTIVO UTILITARIO;3;0;NO;2025;8;6;2;MIERCOLES;14,333333333333334;14;TARDE;-0,4999999999999997;-0,8660254037844388;0,9749279121818236;-0,22252093395631434;3
2025-08-06;21:45:00;CUENCA;MOLLETURO;RURAL;-2,798808;-79,347633;SE ENCUENTRA UBICADO EN LA RED VIAL E-582 SENTIDO CUENCA - MOLLETURO AL LLEGAR AL KM 53 APROXIMADAMENTE;CHOQUE FRONTAL;CONDUCIR EN SENTIDO CONTRARIO A LA VÍA NORMAL DE CIRCULACIÓN.;VEHÍCULO DEPORTIVO UTILITARIO;3;0;NO;2025;8;6;2;MIERCOLES;21,75;21;NOCHE;-0,7071067811865477;0,7071067811865474;0,9749279121818236;-0,22252093395631434;3
2025-08-11;04:30:00;CUENCA;CUMBE;RURAL;-3,104167;-79,008889;SE ENCUENTRA UBICADO EN LA RED VIAL E-59 SENTIDO LOJA ¿ CUENCA AL LLEGAR AL KM 8 APROXIMADAMENTE;PÉRDIDA DE CARRIL;CONDUCIR DESATENTO A LAS CONDICIONES DE TRÁNSITO (CELULAR, PANTALLAS DE VIDEO, COMIDA, MAQUILLAJE O CUALQUIER OTRO ELEMENTO DISTRACTOR).;AUTOMÓVIL;2;0;SI;2025;8;11;0;LUNES;4,5;4;MADRUGADA;0,8660254037844386;0,5000000000000001;0,0;1,0;2
2025-08-11;10:00:00;CUENCA;BAÑOS (CUENCA);RURAL;-2,957602;-79,049168;SE ENCUENTRA UBICADO EN LA RED VIAL E-35 SENTIDO CUMBE  - CUENCA   AL LLEGAR A LA ALTURA DEL KM 4+100 APROXIMADAMENTE;CHOQUE POSTERIOR;NO MANTENER LA DISTANCIA PRUDENCIAL CON RESPECTO AL VEHÍCULO QUE LE ANTECEDE.;CAMIONETA;2;0;SI;2025;8;11;0;LUNES;10,0;10;MANANA;0,49999999999999994;-0,8660254037844387;0,0;1,0;2
2025-08-12;22:30:00;CUENCA;SAYAUSI;RURAL;-2,840278;-79,125;SE ENCUENTRA UBICADO EN LA RED VIAL E-582 SENTIDO MOLLETURO  -  CUENCA AL LLEGAR AL KM 14 APROXIMADAMENTE REFERENCIA A 200 METROS DEL CENTRO TURÍSTICO ZORROCUCHO.;PÉRDIDA DE CARRIL;CONDUCIR DESATENTO A LAS CONDICIONES DE TRÁNSITO (CELULAR, PANTALLAS DE VIDEO, COMIDA, MAQUILLAJE O CUALQUIER OTRO ELEMENTO DISTRACTOR).;CAMIÓN;0;0;NO;2025;8;12;1;MARTES;22,5;22;NOCHE;-0,5000000000000004;0,8660254037844384;0,7818314824680298;0,6234898018587336;0
2025-08-13;23:20:00;CUENCA;SAYAUSI;RURAL;-2,840278;-79,125;SE ENCUENTRA UBICADO EN LA RED VIAL E-35 SENTIDO CUENCA  -  TARQUI AL LLEGAR AL KM 3+500 APROXIMADAMENTE;PÉRDIDA DE CARRIL;CONDUCIR DESATENTO A LAS CONDICIONES DE TRÁNSITO (CELULAR, PANTALLAS DE VIDEO, COMIDA, MAQUILLAJE O CUALQUIER OTRO ELEMENTO DISTRACTOR).;CAMIÓN;0;0;NO;2025;8;13;2;MIERCOLES;23,333333333333332;23;NOCHE;-0,25881904510252157;0,9659258262890681;0,9749279121818236;-0,22252093395631434;0
2025-08-16;08:00:00;CUENCA;BAÑOS (CUENCA);RURAL;-2,959167;-79,048333;RED VIAL E 59 KM 4;CHOQUE FRONTAL;CONDUCIR EN SENTIDO CONTRARIO A LA VÍA NORMAL DE CIRCULACIÓN.;VEHÍCULO DEPORTIVO UTILITARIO;1;0;NO;2025;8;16;5;SABADO;8,0;8;MANANA;0,8660254037844387;-0,4999999999999998;-0,9749279121818236;-0,2225209339563146;1
2025-08-16;16:45:00;CUENCA;CUMBE;RURAL;-3,092806;-79,010361;RED VIAL E 35 KM 9 APROX.;CHOQUE LATERAL;NO RESPETAR LAS SEÑALES REGLAMENTARIAS DE TRÁNSITO. (PARE, CEDA EL PASO, LUZ ROJA DEL SEMAFORO, ETC).;AUTOMÓVIL;2;0;NO;2025;8;16;5;SABADO;16,75;16;TARDE;-0,8660254037844385;-0,5000000000000004;-0,9749279121818236;-0,2225209339563146;2
2025-08-18;15:50:00;CUENCA;CUMBE;RURAL;-3,071548;-79,023173;RED VIAL E35 SENTIDO LOJA -CUENCA KM 4 APROXIMADAMENTE.;CHOQUE POSTERIOR;NO MANTENER LA DISTANCIA PRUDENCIAL CON RESPECTO AL VEHÍCULO QUE LE ANTECEDE.;BUS;0;0;NO;2025;8;18;0;LUNES;15,833333333333334;15;TARDE;-0,7071067811865471;-0,7071067811865479;0,0;1,0;0
2025-08-21;18:00:00;CUENCA;CUMBE;RURAL;-3,0925;-79,010278;SE ENCUENTRA UBICADO EN LA RED VIAL E-35 SENTIDO CUMBE  -  LOJA AL LLEGAR AL KM 13+800 APROXIMADAMENTE REFERENCIA INGRESO A LA POBLACIÓN DE CUMBE.;CHOQUE POSTERIOR;NO MANTENER LA DISTANCIA PRUDENCIAL CON RESPECTO AL VEHÍCULO QUE LE ANTECEDE.;VEHÍCULO DEPORTIVO UTILITARIO;0;0;NO;2025;8;21;3;JUEVES;18,0;18;NOCHE;-1,0;-1,8369701987210297e-16;0,43388373911755823;-0,900968867902419;0
2025-08-24;15:00:00;CUENCA;MOLLETURO;RURAL;-2,705847;-79,477446;SE ENCUENTRA UBICADO EN LA RED VIAL E-582 SENTIDO MOLLETURO ¿ TAMARINDO AL LLEGAR AL KM 84 APROXIMADAMENTE.;CHOQUE FRONTAL;CONDUCIR EN SENTIDO CONTRARIO A LA VÍA NORMAL DE CIRCULACIÓN.;VEHÍCULO DEPORTIVO UTILITARIO;0;0;NO;2025;8;24;6;DOMINGO;15,0;15;TARDE;-0,7071067811865471;-0,7071067811865479;-0,7818314824680299;0,6234898018587334;0
2025-08-24;20:00:00;CUENCA;MOLLETURO;RURAL;-2,774902;-79,393553;SE ENCUENTRA UBICADO EN LA RED VIAL E-582 SENTIDO CUENCA  -  MOLLETURO AL LLEGAR AL KM 62 APROXIMADAMENTE REFERENCIA PUENTE EL CHORRO.;CHOQUE FRONTAL;CONDUCIR EN SENTIDO CONTRARIO A LA VÍA NORMAL DE CIRCULACIÓN.;CAMIONETA;0;0;NO;2025;8;24;6;DOMINGO;20,0;20;NOCHE;-0,8660254037844386;0,5000000000000001;-0,7818314824680299;0,6234898018587334;0
2025-08-31;00:06:00;CUENCA;MOLLETURO;RURAL;-2,774528;-79,250194;RED VIAL E-582  KM 37 APROX.;PÉRDIDA DE CARRIL;CONDUCIR DESATENTO A LAS CONDICIONES DE TRÁNSITO (CELULAR, PANTALLAS DE VIDEO, COMIDA, MAQUILLAJE O CUALQUIER OTRO ELEMENTO DISTRACTOR).;VEHÍCULO DEPORTIVO UTILITARIO;0;0;NO;2025;8;31;6;DOMINGO;0,1;0;MADRUGADA;0,0;1,0;-0,7818314824680299;0,6234898018587334;0
2025-09-13;23:28:00;CUENCA;SAYAUSI;RURAL;-2,829833;-79,135694;RED VIAL E 582 KM 15+800 APROX.;VOLCAMIENTOS;CONDUCIR DESATENTO A LAS CONDICIONES DE TRÁNSITO (CELULAR, PANTALLAS DE VIDEO, COMIDA, MAQUILLAJE O CUALQUIER OTRO ELEMENTO DISTRACTOR).;NO IDENTIFICADO;0;1;NO;2025;9;13;5;SABADO;23,466666666666665;23;NOCHE;-0,25881904510252157;0,9659258262890681;-0,9749279121818236;-0,2225209339563146;1
2025-09-12;18:23:00;CUENCA;CUMBE;RURAL;-3,163282;-79,027251;RED VIAL E 59 KM 17;CHOQUE LATERAL;NO RESPETAR LAS SEÑALES REGLAMENTARIAS DE TRÁNSITO. (PARE, CEDA EL PASO, LUZ ROJA DEL SEMAFORO, ETC).;CAMIÓN;0;0;NO;2025;9;12;4;VIERNES;18,383333333333333;18;NOCHE;-1,0;-1,8369701987210297e-16;-0,433883739117558;-0,9009688679024191;0
2025-09-14;23:55:00;CUENCA;BAÑOS (CUENCA);RURAL;-2,939889;-79,046833;RED VIAL E 59 KM 1+500 APROX. SENTIDO CUENCA-TARQUI;PÉRDIDA DE CARRIL;CONDUCIR DESATENTO A LAS CONDICIONES DE TRÁNSITO (CELULAR, PANTALLAS DE VIDEO, COMIDA, MAQUILLAJE O CUALQUIER OTRO ELEMENTO DISTRACTOR).;CAMIONETA;4;0;NO;2025;9;14;6;DOMINGO;23,916666666666668;23;NOCHE;-0,25881904510252157;0,9659258262890681;-0,7818314824680299;0,6234898018587334;4
2025-09-14;14:08:00;CUENCA;BAÑOS (CUENCA);RURAL;-2,939528;-79,046917;RED VIAL E 59 KM 1+75 APROX.;CHOQUE POSTERIOR;NO MANTENER LA DISTANCIA PRUDENCIAL CON RESPECTO AL VEHÍCULO QUE LE ANTECEDE.;CAMIONETA;0;0;NO;2025;9;14;6;DOMINGO;14,133333333333333;14;TARDE;-0,4999999999999997;-0,8660254037844388;-0,7818314824680299;0,6234898018587334;0
2025-09-17;11:54:00;CUENCA;MOLLETURO;RURAL;-2,623056;-79,458056;RED VIAL E 582 KM 104;PÉRDIDA DE CARRIL;CONDUCIR DESATENTO A LAS CONDICIONES DE TRÁNSITO (CELULAR, PANTALLAS DE VIDEO, COMIDA, MAQUILLAJE O CUALQUIER OTRO ELEMENTO DISTRACTOR).;NO IDENTIFICADO;1;0;NO;2025;9;17;2;MIERCOLES;11,9;11;MANANA;0,258819045102521;-0,9659258262890682;0,9749279121818236;-0,22252093395631434;1
2025-09-18;14:21:00;CUENCA;MOLLETURO;RURAL;-2,795611;-79,371667;RED VIAL E 582 KM 57+800 APROX.;CHOQUE LATERAL;NO RESPETAR LAS SEÑALES REGLAMENTARIAS DE TRÁNSITO. (PARE, CEDA EL PASO, LUZ ROJA DEL SEMAFORO, ETC).;CAMIONETA;1;0;NO;2025;9;18;3;JUEVES;14,35;14;TARDE;-0,4999999999999997;-0,8660254037844388;0,43388373911755823;-0,900968867902419;1
2025-09-18;19:56:00;CUENCA;TARQUI (CUENCA);RURAL;-2,987917;-79,0465;RED VIAL E 35 KM 6 SENTIDO CUENCA-T DE TARQUI;ESTRELLAMIENTOS;CONDUCIR DESATENTO A LAS CONDICIONES DE TRÁNSITO (CELULAR, PANTALLAS DE VIDEO, COMIDA, MAQUILLAJE O CUALQUIER OTRO ELEMENTO DISTRACTOR).;MOTOCICLETA;1;0;NO;2025;9;18;3;JUEVES;19,933333333333334;19;NOCHE;-0,9659258262890684;0,2588190451025203;0,43388373911755823;-0,900968867902419;1
2025-09-18;18:40:00;CUENCA;TARQUI (CUENCA);RURAL;-2,974194;-79,047028;E 35 KM 5+700 APROXIMADAMENTE.;CHOQUE LATERAL;NO RESPETAR LAS SEÑALES REGLAMENTARIAS DE TRÁNSITO. (PARE, CEDA EL PASO, LUZ ROJA DEL SEMAFORO, ETC).;CAMIONETA;0;0;NO;2025;9;18;3;JUEVES;18,666666666666668;18;NOCHE;-1,0;-1,8369701987210297e-16;0,43388373911755823;-0,900968867902419;0
2025-09-20;14:00:00;CUENCA;MOLLETURO;RURAL;-2,801638;-79,304444;SE ENCUENTRA UBICADO EN LA RED VIAL E-582 SENTIDO GUAYAQUIL  -  CUENCA AL LLEGAR AL KM 66+680 APROXIMADAMENTE REFERENCIA RESTAURANTE MEGA SABOR.;PÉRDIDA DE CARRIL;CONDUCIR DESATENTO A LAS CONDICIONES DE TRÁNSITO (CELULAR, PANTALLAS DE VIDEO, COMIDA, MAQUILLAJE O CUALQUIER OTRO ELEMENTO DISTRACTOR).;CAMIÓN;0;0;NO;2025;9;20;5;SABADO;14,0;14;TARDE;-0,4999999999999997;-0,8660254037844388;-0,9749279121818236;-0,2225209339563146;0
2025-09-27;00:55:00;CUENCA;MOLLETURO;RURAL;-2,789722;-79,368472;RED VIAL E 582 KM 56+920;CHOQUE FRONTAL;CONDUCIR EN SENTIDO CONTRARIO A LA VÍA NORMAL DE CIRCULACIÓN.;CAMIÓN;1;0;NO;2025;9;27;5;SABADO;0,9166666666666666;0;MADRUGADA;0,0;1,0;-0,9749279121818236;-0,2225209339563146;1
2025-09-30;15:40:00;CUENCA;SAYAUSI;RURAL;-2,77614;-79,232841;SE ENCUENTRA UBICADO EN LA RED VIAL E-582 SENTIDO MOLLETURO ¿ CUENCA AL LLEGAR AL KM 28+990 APROXIMADAMENTE REFERENCIA A 2 KILÓMETROS ANTES DE LA TOREADORA;CHOQUE LATERAL;NO RESPETAR LAS SEÑALES REGLAMENTARIAS DE TRÁNSITO. (PARE, CEDA EL PASO, LUZ ROJA DEL SEMAFORO, ETC).;VEHÍCULO DEPORTIVO UTILITARIO;1;0;NO;2025;9;30;1;MARTES;15,666666666666666;15;TARDE;-0,7071067811865471;-0,7071067811865479;0,7818314824680298;0,6234898018587336;1