FECHA;HORA;CANTON;PARROQUIA;ZONA;LATITUD_Y;LONGITUD_X;DIRECCION;TIPO_DE_SINIESTRO;CAUSA_PROBABLE;TIPO_DE_VEHICULO_1;LESIONADOS;FALLECIDOS;FERIADO;ANIO;MES;DIA;DIA_SEMANA;NOMBRE_DIA;HORA_DECIMAL;HORA_NUM;RANGO_HORARIO;HORA_SIN;HORA_COS;DIA_SIN;DIA_COS;TOTAL_VICTIMAS
2025-09-01;08:30:00;CUENCA;CUENCA;URBANA;-2,874518;-78,987238;CARLOS FERNÁNDEZ DE CÓRDOVA Y CORONEL C MONSALVE;ATROPELLOS;PEATÓN QUE CRUZA LA CALZADA SIN RESPETAR LA SEÑALIZACIÓN EXISTENTE (SEMÁFOROS O SEÑALES MANUALES).;NO IDENTIFICADO;0;0;NO;2025;9;1;0;LUNES;8,5;8;MANANA;0,8660254037844387;-0,4999999999999998;0,0;1,0;0
2025-09-01;11:00:00;CUENCA;CUENCA;URBANA;-2,887932;-79,006376;HEROES DE VERDELOMA Y TARQUI;CHOQUE LATERAL;CONDUCIR DESATENTO A LAS CONDICIONES DE TRÁNSITO (CELULAR, PANTALLAS DE VIDEO, COMIDA, MAQUILLAJE O CUALQUIER OTRO ELEMENTO DISTRACTOR).;AUTOMÓVIL;2;0;NO;2025;9;1;0;LUNES;11,0;11;MANANA;0,258819045102521;-0,9659258262890682;0,0;1,0;2
2025-09-01;15:38:00;CUENCA;CUENCA;URBANA;-2,911711;-79,006357;AVENIDA 10 DE AGOSTO Y MIGUEL MORENO;CHOQUE LATERAL;NO RESPETAR LAS SEÑALES REGLAMENTARIAS DE TRÁNSITO. (PARE, CEDA EL PASO, LUZ ROJA DEL SEMAFORO, ETC).;VEHÍCULO DEPORTIVO UTILITARIO;0;0;NO;2025;9;1;0;LUNES;15,633333333333333;15;TARDE;-0,7071067811865471;-0,7071067811865479;0,0;1,0;0
2025-09-02;07:05:00;CUENCA;CUENCA;URBANA;-2,888173;-79,005392;HEROES DE VERDELOMA Y GENERAL TORRES;CHOQUE LATERAL;NO RESPETAR LAS SEÑALES REGLAMENTARIAS DE TRÁNSITO. (PARE, CEDA EL PASO, LUZ ROJA DEL SEMAFORO, ETC).;MOTOCICLETA;1;0;NO;2025;9;2;1;MARTES;7,083333333333333;7;MANANA;0,9659258262890683;-0,25881904510252063;0,7818314824680298;0,6234898018587336;1
2025-09-02;08:51:00;CUENCA;CUENCA;URBANA;-2,880893;-78,975523;OCTAVIO CHACON Y AVENIDA DE LAS AMERICAS;ROZAMIENTOS;NO RESPETAR LAS SEÑALES REGLAMENTARIAS DE TRÁNSITO. (PARE, CEDA EL PASO, LUZ ROJA DEL SEMAFORO, ETC).;MOTOCICLETA;1;0;NO;2025;9;2;1;MARTES;8,85;8;MANANA;0,8660254037844387;-0,4999999999999998;0,7818314824680298;0,6234898018587336;1
2025-09-03;03:42:00;CUENCA;SANTA ANA;RURAL;-2,973052;-78,90147;VIA A SAN BARTOLOME SECTOR BELLA UNION;PÉRDIDA DE CARRIL;NO RESPETAR LAS SEÑALES REGLAMENTARIAS DE TRÁNSITO. (PARE, CEDA EL PASO, LUZ ROJA DEL SEMAFORO, ETC).;NO IDENTIFICADO;0;0;NO;2025;9;3;2;MIERCOLES;3,7;3;MADRUGADA;0,7071067811865476;0,7071067811865476;0,9749279121818236;-0,22252093395631434;0
2025-09-03;07:14:00;CUENCA;CUENCA;URBANA;-2,885678;-78,998287;AVENIDA DE LAS AMERICAS Y AVENIDA MIRAFLORES;CHOQUE LATERAL;CONDUCIR DESATENTO A LAS CONDICIONES DE TRÁNSITO (CELULAR, PANTALLAS DE VIDEO, COMIDA, MAQUILLAJE O CUALQUIER OTRO ELEMENTO DISTRACTOR).;BUS;0;0;NO;2025;9;3;2;MIERCOLES;7,233333333333333;7;MANANA;0,9659258262890683;-0,25881904510252063;0,9749279121818236;-0,22252093395631434;0
2025-09-03;14:24:00;CUENCA;CUENCA;URBANA;-2,878901;-78,988808;ERNESTO ALBAN GOMEZ Y PACIFICO GUAMAN;ATROPELLOS;NO RESPETAR LAS SEÑALES REGLAMENTARIAS DE TRÁNSITO. (PARE, CEDA EL PASO, LUZ ROJA DEL SEMAFORO, ETC).;CAMIONETA;3;0;NO;2025;9;3;2;MIERCOLES;14,4;14;TARDE;-0,4999999999999997;-0,8660254037844388;0,9749279121818236;-0,22252093395631434;3
2025-09-05;00:44:00;CUENCA;CUENCA;URBANA;-2,893818;-79,01755;AVENIDA 3 DE NOVIEMBRE Y PIO XII;PÉRDIDA DE CARRIL;NO RESPETAR LAS SEÑALES REGLAMENTARIAS DE TRÁNSITO. (PARE, CEDA EL PASO, LUZ ROJA DEL SEMAFORO, ETC).;AUTOMÓVIL;1;0;NO;2025;9;5;4;VIERNES;0,7333333333333333;0;MADRUGADA;0,0;1,0;-0,433883739117558;-0,9009688679024191;1
2025-09-05;22:04:00;CUENCA;RICAURTE (CUENCA);RURAL;-2,862989;-78,967791;25 DE MARZO Y VICENTE PACHECO;CHOQUE POSTERIOR;NO MANTENER LA DISTANCIA PRUDENCIAL CON RESPECTO AL VEHÍCULO QUE LE ANTECEDE.;AUTOMÓVIL;1;0;NO;2025;9;5;4;VIERNES;22,066666666666666;22;NOCHE;-0,5000000000000004;0,8660254037844384;-0,433883739117558;-0,9009688679024191;1
2025-09-06;12:51:00;CUENCA;CUENCA;URBANA;-2,888501;-79,011009;AVENIDA DE LAS AMERICAS Y MIGUEL VELEZ;PÉRDIDA DE CARRIL;CONDUCIR DESATENTO A LAS CONDICIONES DE TRÁNSITO (CELULAR, PANTALLAS DE VIDEO, COMIDA, MAQUILLAJE O CUALQUIER OTRO ELEMENTO DISTRACTOR).;MOTOCICLETA;1;0;NO;2025;9;6;5;SABADO;12,85;12;TARDE;1,2246467991473532e-16;-1,0;-0,9749279121818236;-0,2225209339563146;1
2025-09-06;19:24:00;CUENCA;CUENCA;URBANA;-2,910473;-78,993684;AVENIDA EL PARAISO Y PASAJE EL PARAISO;CHOQUE POSTERIOR;NO MANTENER LA DISTANCIA PRUDENCIAL CON RESPECTO AL VEHÍCULO QUE LE ANTECEDE.;AUTOMÓVIL;0;0;NO;2025;9;6;5;SABADO;19,4;19;NOCHE;-0,9659258262890684;0,2588190451025203;-0,9749279121818236;-0,2225209339563146;0
2025-09-06;19:54:00;CUENCA;LLACAO;RURAL;-2,837275;-78,941731;LLACAO;PÉRDIDA DE PISTA;NO RESPETAR LAS SEÑALES MANUALES DEL AGENTE DE TRÁNSITO.;NO IDENTIFICADO;0;0;NO;2025;9;6;5;SABADO;19,9;19;NOCHE;-0,9659258262890684;0,2588190451025203;-0,9749279121818236;-0,2225209339563146;0
2025-09-08;16:45:00;CUENCA;RICAURTE (CUENCA);RURAL;-2,863657;-78,96467;BENIGNO VASQUEZ RICAURTE EL GUABO;ESTRELLAMIENTOS;NO RESPETAR LAS SEÑALES REGLAMENTARIAS DE TRÁNSITO. (PARE, CEDA EL PASO, LUZ ROJA DEL SEMAFORO, ETC).;CAMIÓN;0;0;NO;2025;9;8;0;LUNES;16,75;16;TARDE;-0,8660254037844385;-0,5000000000000004;0,0;1,0;0
2025-09-09;01:14:00;CUENCA;CUENCA;URBANA;-2,871722;-79,002106;MANUEL ANTONIO MUÑOZ BORRERO;ESTRELLAMIENTOS;CONDUCIR DESATENTO A LAS CONDICIONES DE TRÁNSITO (CELULAR, PANTALLAS DE VIDEO, COMIDA, MAQUILLAJE O CUALQUIER OTRO ELEMENTO DISTRACTOR).;NO IDENTIFICADO;0;0;NO;2025;9;9;1;MARTES;1,2333333333333334;1;MADRUGADA;0,25881904510252074;0,9659258262890683;0,7818314824680298;0,6234898018587336;0
2025-09-09;01:21:00;CUENCA;CUENCA;URBANA;-2,895351;-79,016765;AVENIDA 12 D EABRIL E IMBABURA;ESTRELLAMIENTOS;CONDUCIR DESATENTO A LAS CONDICIONES DE TRÁNSITO (CELULAR, PANTALLAS DE VIDEO, COMIDA, MAQUILLAJE O CUALQUIER OTRO ELEMENTO DISTRACTOR).;CAMIONETA;0;0;NO;2025;9;9;1;MARTES;1,35;1;MADRUGADA;0,25881904510252074;0,9659258262890683;0,7818314824680298;0,6234898018587336;0
2025-09-09;08:33:00;CUENCA;CUENCA;URBANA;-2,893851;-78,960146;RED ESTATAL E35 AZOGUES CUENCA HOSPITAL DE L RIO Y AVWENIDA DE LAS AMERICAS;CHOQUE POSTERIOR;NO MANTENER LA DISTANCIA PRUDENCIAL CON RESPECTO AL VEHÍCULO QUE LE ANTECEDE.;VEHÍCULO DEPORTIVO UTILITARIO;1;0;NO;2025;9;9;1;MARTES;8,55;8;MANANA;0,8660254037844387;-0,4999999999999998;0,7818314824680298;0,6234898018587336;1
2025-09-10;23:56:00;CUENCA;CUENCA;URBANA;-2,923658;-79,039759;AVENIDA RICARDO DURAN Y AVENIDA DE LAS AMERICAS;CHOQUE LATERAL;NO RESPETAR LAS SEÑALES REGLAMENTARIAS DE TRÁNSITO. (PARE, CEDA EL PASO, LUZ ROJA DEL SEMAFORO, ETC).;NO IDENTIFICADO;3;0;NO;2025;9;10;2;MIERCOLES;23,933333333333334;23;NOCHE;-0,25881904510252157;0,9659258262890681;0,9749279121818236;-0,22252093395631434;3
2025-09-11;14:15:00;CUENCA;CUENCA;URBANA;-2,913727;-79,039115;TARQUINO CORDERO Y CAMMINO VIEJO A BAÑOS;CHOQUE FRONTAL;NO RESPETAR LAS SEÑALES REGLAMENTARIAS DE TRÁNSITO. (PARE, CEDA EL PASO, LUZ ROJA DEL SEMAFORO, ETC).;MOTOCICLETA;1;0;NO;2025;9;11;3;JUEVES;14,25;14;TARDE;-0,4999999999999997;-0,8660254037844388;0,43388373911755823;-0,900968867902419;1
2025-09-11;14:54:00;CUENCA;CUENCA;URBANA;-2,897435;-79,023812;REMIGIO CRESPO Y EDWIN SACOTO;ATROPELLOS;NO RESPETAR LAS SEÑALES REGLAMENTARIAS DE TRÁNSITO. (PARE, CEDA EL PASO, LUZ ROJA DEL SEMAFORO, ETC).;AUTOMÓVIL;1;0;NO;2025;9;11;3;JUEVES;14,9;14;TARDE;-0,4999999999999997;-0,8660254037844388;0,43388373911755823;-0,900968867902419;1
2025-09-11;16:57:00;CUENCA;CUENCA;URBANA;-2,900278;-79,0334;MARIANO ESTRELLA Y FRANCISCO AGUILAR;CHOQUE LATERAL;NO RESPETAR LAS SEÑALES REGLAMENTARIAS DE TRÁNSITO. (PARE, CEDA EL PASO, LUZ ROJA DEL SEMAFORO, ETC).;NO IDENTIFICADO;0;0;NO;2025;9;11;3;JUEVES;16,95;16;TARDE;-0,8660254037844385;-0,5000000000000004;0,43388373911755823;-0,900968867902419;0
2025-09-11;19:06:00;CUENCA;CUENCA;URBANA;-2,884718;-78,998435;AVENIDA MIRAFLORES Y CALLE COMBATE DE PUNGLA;CHOQUE LATERAL;NO RESPETAR LAS SEÑALES REGLAMENTARIAS DE TRÁNSITO. (PARE, CEDA EL PASO, LUZ ROJA DEL SEMAFORO, ETC).;MOTOCICLETA;1;0;NO;2025;9;11;3;JUEVES;19,1;19;NOCHE;-0,9659258262890684;0,2588190451025203;0,43388373911755823;-0,900968867902419;1
2025-09-12;06:16:00;CUENCA;CUENCA;URBANA;-2,868589;-78,983406;VIA A PATAMARCA Y EL TIGRILLO;CHOQUE LATERAL;NO RESPETAR LAS SEÑALES REGLAMENTARIAS DE TRÁNSITO. (PARE, CEDA EL PASO, LUZ ROJA DEL SEMAFORO, ETC).;MOTOCICLETA;1;0;NO;2025;9;12;4;VIERNES;6,266666666666667;6;MANANA;1,0;6,123233995736766e-17;-0,433883739117558;-0,9009688679024191;1
2025-09-12;13:18:00;CUENCA;CUENCA;URBANA;-2,913104;-79,007723;BELISARIO Y ADOLFO TORRES;ROZAMIENTOS;NO GUARDAR LA DISTANCIA LATERAL MÍNIMA DE SEGURIDAD ENTRE VEHÍCULOS.;VEHÍCULO DEPORTIVO UTILITARIO;0;0;NO;2025;9;12;4;VIERNES;13,3;13;TARDE;-0,2588190451025208;-0,9659258262890683;-0,433883739117558;-0,9009688679024191;0
2025-09-12;14:17:00;CUENCA;CUENCA;URBANA;-2,914502;-78,989441;CIUDAD DE MACHALA Y TURUBAMBA;ESTRELLAMIENTOS;NO RESPETAR LAS SEÑALES REGLAMENTARIAS DE TRÁNSITO. (PARE, CEDA EL PASO, LUZ ROJA DEL SEMAFORO, ETC).;AUTOMÓVIL;0;0;NO;2025;9;12;4;VIERNES;14,283333333333333;14;TARDE;-0,4999999999999997;-0,8660254037844388;-0,433883739117558;-0,9009688679024191;0
2025-09-12;20:15:00;CUENCA;CUENCA;URBANA;-2,894963;-78,975202;LOS ANDES Y LOS SHYRIS;CHOQUE POSTERIOR;NO MANTENER LA DISTANCIA PRUDENCIAL CON RESPECTO AL VEHÍCULO QUE LE ANTECEDE.;VEHÍCULO DEPORTIVO UTILITARIO;0;0;NO;2025;9;12;4;VIERNES;20,25;20;NOCHE;-0,8660254037844386;0,5000000000000001;-0,433883739117558;-0,9009688679024191;0
2025-09-12;22:27:00;CUENCA;CUENCA;URBANA;-2,910535;-79,020516;AVENIDA 12 DE OCTUBRE E ISABELA CATOLICA;CHOQUE LATERAL;NO RESPETAR LAS SEÑALES REGLAMENTARIAS DE TRÁNSITO. (PARE, CEDA EL PASO, LUZ ROJA DEL SEMAFORO, ETC).;MOTOCICLETA;1;0;NO;2025;9;12;4;VIERNES;22,45;22;NOCHE;-0,5000000000000004;0,8660254037844384;-0,433883739117558;-0,9009688679024191;1
2025-09-13;01:00:00;CUENCA;CUENCA;URBANA;-2,893835;-79,00423;BENIGNO MALO Y GHASPARA SANGURIMA;CHOQUE LATERAL;NO RESPETAR LAS SEÑALES REGLAMENTARIAS DE TRÁNSITO. (PARE, CEDA EL PASO, LUZ ROJA DEL SEMAFORO, ETC).;CAMIONETA;1;0;NO;2025;9;13;5;SABADO;1,0;1;MADRUGADA;0,25881904510252074;0,9659258262890683;-0,9749279121818236;-0,2225209339563146;1
2025-09-13;19:03:00;CUENCA;CUENCA;URBANA;-2,899386;-78,96866;RED ESTATAL E35 Y KM701 Y CUZCO;PÉRDIDA DE PISTA;NO RESPETAR LAS SEÑALES REGLAMENTARIAS DE TRÁNSITO. (PARE, CEDA EL PASO, LUZ ROJA DEL SEMAFORO, ETC).;AUTOMÓVIL;1;0;NO;2025;9;13;5;SABADO;19,05;19;NOCHE;-0,9659258262890684;0,2588190451025203;-0,9749279121818236;-0,2225209339563146;1
2025-09-13;20:19:00;CUENCA;VALLE;RURAL;-2,928102;-78,971901;CAMINO VIEJO A CHLCAPAMABA Y CALLE JOSE PAUTE;ARROLLAMIENTOS;PEATÓN QUE CRUZA LA CALZADA SIN RESPETAR LA SEÑALIZACIÓN EXISTENTE (SEMÁFOROS O SEÑALES MANUALES).;NO IDENTIFICADO;0;0;NO;2025;9;13;5;SABADO;20,316666666666666;20;NOCHE;-0,8660254037844386;0,5000000000000001;-0,9749279121818236;-0,2225209339563146;0
2025-09-13;22:27:00;CUENCA;CUENCA;URBANA;-2,907042;-79,0334;AVENIDA DE LAS AMERICAS Y AVENIDA PRIMERO DE MAYO;PÉRDIDA DE CARRIL;NO RESPETAR LAS SEÑALES REGLAMENTARIAS DE TRÁNSITO. (PARE, CEDA EL PASO, LUZ ROJA DEL SEMAFORO, ETC).;AUTOMÓVIL;0;0;NO;2025;9;13;5;SABADO;22,45;22;NOCHE;-0,5000000000000004;0,8660254037844384;-0,9749279121818236;-0,2225209339563146;0
2025-09-14;10:57:00;CUENCA;CUENCA;URBANA;-2,87969;-78,998368;CALLE ACORDEON Y AVENIDA MIRAFLORES;CHOQUE LATERAL;NO RESPETAR LAS SEÑALES REGLAMENTARIAS DE TRÁNSITO. (PARE, CEDA EL PASO, LUZ ROJA DEL SEMAFORO, ETC).;AUTOMÓVIL;1;0;NO;2025;9;14;6;DOMINGO;10,95;10;MANANA;0,49999999999999994;-0,8660254037844387;-0,7818314824680299;0,6234898018587334;1
2025-09-14;18:46:00;CUENCA;OCTAVIO CORDERO PALACIOS;RURAL;-2,7686;-78,967318;VIA A BIBIN Y CALLE SIN NOMBRE;ATROPELLOS;PEATÓN QUE CRUZA LA CALZADA SIN RESPETAR LA SEÑALIZACIÓN EXISTENTE (SEMÁFOROS O SEÑALES MANUALES).;MOTOCICLETA;2;0;NO;2025;9;14;6;DOMINGO;18,766666666666666;18;NOCHE;-1,0;-1,8369701987210297e-16;-0,7818314824680299;0,6234898018587334;2
2025-09-15;06:58:00;CUENCA;CUENCA;URBANA;-2,897433;-79,003791;AVENIDA SOLANO Y PRIMERO DE MAYO;CHOQUE LATERAL;NO RESPETAR LAS SEÑALES REGLAMENTARIAS DE TRÁNSITO. (PARE, CEDA EL PASO, LUZ ROJA DEL SEMAFORO, ETC).;SCOOTER ELÉCTRICO;1;0;NO;2025;9;15;0;LUNES;6,966666666666667;6;MANANA;1,0;6,123233995736766e-17;0,0;1,0;1
2025-09-15;20:18:00;CUENCA;CUENCA;URBANA;-2,886412;-79,036026;CALLE LOS CEREZOS Y CAMINO AL TEJAR;CHOQUE FRONTAL;CONDUCE BAJO LA INFLUENCIA DE ALCOHOL, SUSTANCIAS ESTUPEFACIENTES O PSICOTRÓPICAS Y/O MEDICAMENTOS.;FURGONETA;0;0;NO;2025;9;15;0;LUNES;20,3;20;NOCHE;-0,8660254037844386;0,5000000000000001;0,0;1,0;0
2025-09-15;20:44:00;CUENCA;CUENCA;URBANA;-2,871289;-78,981606;VIA A PATAMARCA Y HYAMBOYA;CHOQUE LATERAL;NO RESPETAR LAS SEÑALES REGLAMENTARIAS DE TRÁNSITO. (PARE, CEDA EL PASO, LUZ ROJA DEL SEMAFORO, ETC).;MOTOCICLETA;1;0;NO;2025;9;15;0;LUNES;20,733333333333334;20;NOCHE;-0,8660254037844386;0,5000000000000001;0,0;1,0;1
2025-09-16;08:37:00;CUENCA;CUENCA;RURAL;-2,883116;-79,069992;ENRIQUE ARIZAGA Y DULCAMARA;CHOQUE LATERAL;NO RESPETAR LAS SEÑALES REGLAMENTARIAS DE TRÁNSITO. (PARE, CEDA EL PASO, LUZ ROJA DEL SEMAFORO, ETC).;MOTOCICLETA;1;0;NO;2025;9;16;1;MARTES;8,616666666666667;8;MANANA;0,8660254037844387;-0,4999999999999998;0,7818314824680298;0,6234898018587336;1
2025-09-16;17:13:00;CUENCA;CUENCA;URBANA;-2,896859;-79,025431;AVENIDA LAS AMERICAS Y REMIGIO CRESPO;CHOQUE LATERAL;NO RESPETAR LAS SEÑALES REGLAMENTARIAS DE TRÁNSITO. (PARE, CEDA EL PASO, LUZ ROJA DEL SEMAFORO, ETC).;MOTOCICLETA;1;0;NO;2025;9;16;1;MARTES;17,216666666666665;17;TARDE;-0,9659258262890683;-0,25881904510252063;0,7818314824680298;0,6234898018587336;1
2025-09-17;12:50:00;CUENCA;CUENCA;URBANA;-2,897503;-79,023752;AVENIDA REMIGIO CRESPO Y CALLE VENZUELA;ATROPELLOS;NO RESPETAR LAS SEÑALES REGLAMENTARIAS DE TRÁNSITO. (PARE, CEDA EL PASO, LUZ ROJA DEL SEMAFORO, ETC).;BUS;0;1;NO;2025;9;17;2;MIERCOLES;12,833333333333334;12;TARDE;1,2246467991473532e-16;-1,0;0,9749279121818236;-0,22252093395631434;1
2025-09-18;08:57:00;CUENCA;CUENCA;URBANA;-2,914931;-79,03617;NICOLAS DCE ROCHA Y ANTON DE SEVILLA;CHOQUE LATERAL;PEATÓN QUE CRUZA LA CALZADA SIN RESPETAR LA SEÑALIZACIÓN EXISTENTE (SEMÁFOROS O SEÑALES MANUALES).;MOTOCICLETA;1;0;NO;2025;9;18;3;JUEVES;8,95;8;MANANA;0,8660254037844387;-0,4999999999999998;0,43388373911755823;-0,900968867902419;1
2025-09-18;10:22:00;CUENCA;CUENCA;URBANA;-2,892476;-79,013407;CALLE MARISCAL LAMAR Y OCTAVIO CORDERO;CHOQUE LATERAL;NO RESPETAR LAS SEÑALES REGLAMENTARIAS DE TRÁNSITO. (PARE, CEDA EL PASO, LUZ ROJA DEL SEMAFORO, ETC).;NO IDENTIFICADO;0;0;NO;2025;9;18;3;JUEVES;10,366666666666667;10;MANANA;0,49999999999999994;-0,8660254037844387;0,43388373911755823;-0,900968867902419;0
2025-09-19;03:30:00;CUENCA;CUENCA;URBANA;-2,907789;-79,019063;AVENIDA 10 DE AGOSTO Y EZEQUIEL MARQUEZ;ESTRELLAMIENTOS;NO RESPETAR LAS SEÑALES REGLAMENTARIAS DE TRÁNSITO. (PARE, CEDA EL PASO, LUZ ROJA DEL SEMAFORO, ETC).;VEHÍCULO DEPORTIVO UTILITARIO;1;0;NO;2025;9;19;4;VIERNES;3,5;3;MADRUGADA;0,7071067811865476;0,7071067811865476;-0,433883739117558;-0,9009688679024191;1
2025-09-20;03:17:00;CUENCA;CUENCA;URBANA;-2,912503;-79,015051;AVENIDA ISABELA CATOLICA Y FELIPE II;ATROPELLOS;NO RESPETAR LAS SEÑALES REGLAMENTARIAS DE TRÁNSITO. (PARE, CEDA EL PASO, LUZ ROJA DEL SEMAFORO, ETC).;NO IDENTIFICADO;0;0;NO;2025;9;20;5;SABADO;3,283333333333333;3;MADRUGADA;0,7071067811865476;0,7071067811865476;-0,9749279121818236;-0,2225209339563146;0
2025-09-21;14:16:00;CUENCA;CUENCA;URBANA;-2,871575;-78,9858;ENCUENTRO NACIONAL Y DEL ANACO;ATROPELLOS;NO RESPETAR LAS SEÑALES REGLAMENTARIAS DE TRÁNSITO. (PARE, CEDA EL PASO, LUZ ROJA DEL SEMAFORO, ETC).;NO IDENTIFICADO;0;0;NO;2025;9;21;6;DOMINGO;14,266666666666667;14;TARDE;-0,4999999999999997;-0,8660254037844388;-0,7818314824680299;0,6234898018587334;0
2025-09-21;20:54:00;CUENCA;CUENCA;URBANA;-2,866176;-78,983518;CAMINO A PATAMARCA Y DEL CAMAL;CHOQUE LATERAL;NO RESPETAR LAS SEÑALES REGLAMENTARIAS DE TRÁNSITO. (PARE, CEDA EL PASO, LUZ ROJA DEL SEMAFORO, ETC).;MOTOCICLETA;2;0;NO;2025;9;21;6;DOMINGO;20,9;20;NOCHE;-0,8660254037844386;0,5000000000000001;-0,7818314824680299;0,6234898018587334;2
2025-09-21;21:55:00;CUENCA;LLACAO;RURAL;-2,848121;-78,923007;LLACAO VIA A ZHIQUIR;ESTRELLAMIENTOS;PEATÓN QUE CRUZA LA CALZADA SIN RESPETAR LA SEÑALIZACIÓN EXISTENTE (SEMÁFOROS O SEÑALES MANUALES).;AUTOMÓVIL;0;0;NO;2025;9;21;6;DOMINGO;21,916666666666668;21;NOCHE;-0,7071067811865477;0,7071067811865474;-0,7818314824680299;0,6234898018587334;0
2025-09-22;11:04:00;CUENCA;CUENCA;URBANA;-2,921243;-79,001526;RED ESTATAL E35 KM704 Y HERNAN MALO;CHOQUE POSTERIOR;NO MANTENER LA DISTANCIA PRUDENCIAL CON RESPECTO AL VEHÍCULO QUE LE ANTECEDE.;AUTOMÓVIL;1;0;NO;2025;9;22;0;LUNES;11,066666666666666;11;MANANA;0,258819045102521;-0,9659258262890682;0,0;1,0;1
2025-09-22;21:52:00;CUENCA;CUENCA;URBANA;-2,886702;-78,9856;AVENIDA GIL RAMIREZ Y VALENCIA;ATROPELLOS;NO RESPETAR LAS SEÑALES REGLAMENTARIAS DE TRÁNSITO. (PARE, CEDA EL PASO, LUZ ROJA DEL SEMAFORO, ETC).;NO IDENTIFICADO;0;0;NO;2025;9;22;0;LUNES;21,866666666666667;21;NOCHE;-0,7071067811865477;0,7071067811865474;0,0;1,0;0
2025-09-22;23:42:00;CUENCA;TARQUI (CUENCA);RURAL;-3,000925;-79,018816;VIA A TARQUI -GULLANZHAPA TURI;ESTRELLAMIENTOS;NO RESPETAR LAS SEÑALES REGLAMENTARIAS DE TRÁNSITO. (PARE, CEDA EL PASO, LUZ ROJA DEL SEMAFORO, ETC).;NO IDENTIFICADO;0;0;NO;2025;9;22;0;LUNES;23,7;23;NOCHE;-0,25881904510252157;0,9659258262890681;0,0;1,0;0
2025-09-23;06:19:00;CUENCA;CUENCA;URBANA;-2,884822;-78,947988;RED ESTATAL E35 KM 667;ESTRELLAMIENTOS;CONDICIONES AMBIENTALES Y/O ATMOSFÉRICAS (NIEBLA, NEBLINA, GRANIZO, LLUVIA).;VEHÍCULO DEPORTIVO UTILITARIO;0;0;NO;2025;9;23;1;MARTES;6,316666666666666;6;MANANA;1,0;6,123233995736766e-17;0,7818314824680298;0,6234898018587336;0
2025-09-23;12:44:00;CUENCA;CUENCA;URBANA;-2,888089;-79,005336;HEROES DE VERDELOMA Y GENERAL TORRES;CHOQUE POSTERIOR;NO MANTENER LA DISTANCIA PRUDENCIAL CON RESPECTO AL VEHÍCULO QUE LE ANTECEDE.;AUTOMÓVIL;0;0;NO;2025;9;23;1;MARTES;12,733333333333333;12;TARDE;1,2246467991473532e-16;-1,0;0,7818314824680298;0,6234898018587336;0
2025-09-23;18:24:00;CUENCA;CUENCA;URBANA;-2,917095;-79,033994;AVENIDA LOJA Y LUIS VELEZ;CHOQUE LATERAL;NO RESPETAR LAS SEÑALES REGLAMENTARIAS DE TRÁNSITO. (PARE, CEDA EL PASO, LUZ ROJA DEL SEMAFORO, ETC).;MOTOCICLETA;1;0;NO;2025;9;23;1;MARTES;18,4;18;NOCHE;-1,0;-1,8369701987210297e-16;0,7818314824680298;0,6234898018587336;1
2025-09-24;04:56:00;CUENCA;CUENCA;URBANA;-2,889253;-79,022291;AVENIDA DE LAS AMERICAS Y LAS PENCAS;CHOQUE LATERAL;NO RESPETAR LAS SEÑALES REGLAMENTARIAS DE TRÁNSITO. (PARE, CEDA EL PASO, LUZ ROJA DEL SEMAFORO, ETC).;AUTOMÓVIL;0;0;NO;2025;9;24;2;MIERCOLES;4,933333333333334;4;MADRUGADA;0,8660254037844386;0,5000000000000001;0,9749279121818236;-0,22252093395631434;0
2025-09-24;13:35:00;CUENCA;CUENCA;URBANA;-2,915745;-79,010035;AVENMIDA SOLANO Y PRIMERO DE MAYO;CHOQUE LATERAL;NO RESPETAR LAS SEÑALES REGLAMENTARIAS DE TRÁNSITO. (PARE, CEDA EL PASO, LUZ ROJA DEL SEMAFORO, ETC).;MOTOCICLETA;1;0;NO;2025;9;24;2;MIERCOLES;13,583333333333334;13;TARDE;-0,2588190451025208;-0,9659258262890683;0,9749279121818236;-0,22252093395631434;1
2025-09-24;16:37:00;CUENCA;CUENCA;URBANA;-2,893249;-78,997461;MANUEL VEGA Y CALLE PIO BRAVO;ATROPELLOS;NO CEDER EL DERECHO DE VÍA O PREFERENCIA DE PASO AL PEATÓN.;CAMIONETA;1;0;NO;2025;9;24;2;MIERCOLES;16,616666666666667;16;TARDE;-0,8660254037844385;-0,5000000000000004;0,9749279121818236;-0,22252093395631434;1
2025-09-25;15:25:00;CUENCA;CUENCA;URBANA;-2,898279;-79,007149;CALLE PRESIDENTE CORDOVA Y CALLE GENERAL TORRES;CHOQUE LATERAL;NO RESPETAR LAS SEÑALES REGLAMENTARIAS DE TRÁNSITO. (PARE, CEDA EL PASO, LUZ ROJA DEL SEMAFORO, ETC).;SCOOTER ELÉCTRICO;1;0;NO;2025;9;25;3;JUEVES;15,416666666666666;15;TARDE;-0,7071067811865471;-0,7071067811865479;0,43388373911755823;-0,900968867902419;1