FECHA;HORA;CANTON;PARROQUIA;ZONA;LATITUD_Y;LONGITUD_X;DIRECCION;TIPO_DE_SINIESTRO;CAUSA_PROBABLE;TIPO_DE_VEHICULO_1;LESIONADOS;FALLECIDOS;FERIADO;ANIO;MES;DIA;DIA_SEMANA;NOMBRE_DIA;HORA_DECIMAL;HORA_NUM;RANGO_HORARIO;HORA_SIN;HORA_COS;DIA_SIN;DIA_COS;TOTAL_VICTIMAS
2025-09-25;15:59:00;CUENCA;CUENCA;URBANA;-2,874665;-78,998638;ANTONIO MUÑOZ BOIRRERO;CHOQUE FRONTAL;NO RESPETAR LAS SEÑALES REGLAMENTARIAS DE TRÁNSITO. (PARE, CEDA EL PASO, LUZ ROJA DEL SEMAFORO, ETC).;NO IDENTIFICADO;0;0;NO;2025;9;25;3;JUEVES;15,983333333333333;15;TARDE;-0,7071067811865471;-0,7071067811865479;0,43388373911755823;-0,900968867902419;0
2025-09-26;14:32:00;CUENCA;CUENCA;URBANA;-2,909717;-79,019246;AVENIDFA 12 DE OCTUBRE Y AVENIDA PRIEMRO DE MAYO;ROZAMIENTOS;NO GUARDAR LA DISTANCIA LATERAL MÍNIMA DE SEGURIDAD ENTRE VEHÍCULOS.;BICICLETA;1;0;NO;2025;9;26;4;VIERNES;14,533333333333333;14;TARDE;-0,4999999999999997;-0,8660254037844388;-0,433883739117558;-0,9009688679024191;1
2025-09-26;18:02:00;CUENCA;CUENCA;URBANA;-2,897433;-79,003791;CARLOS ARIZAGA VEGA Y ERNESTO LOPEZ;ATROPELLOS;NO RESPETAR LAS SEÑALES REGLAMENTARIAS DE TRÁNSITO. (PARE, CEDA EL PASO, LUZ ROJA DEL SEMAFORO, ETC).;NO IDENTIFICADO;0;0;NO;2025;9;26;4;VIERNES;18,033333333333335;18;NOCHE;-1,0;-1,8369701987210297e-16;-0,433883739117558;-0,9009688679024191;0
2025-09-27;18:27:00;CUENCA;CUENCA;URBANA;-2,888256;-78,987644;GIL RAMIREZ Y ELIA LUT;ATROPELLOS;NO CEDER EL DERECHO DE VÍA O PREFERENCIA DE PASO AL PEATÓN.;MOTOCICLETA;2;0;NO;2025;9;27;5;SABADO;18,45;18;NOCHE;-1,0;-1,8369701987210297e-16;-0,9749279121818236;-0,2225209339563146;2
2025-09-27;20:04:00;CUENCA;CUENCA;URBANA;-2,921372;-79,046487;RICARDO DURAN Y RIO MAGADALENA;ATROPELLOS;NO CEDER EL DERECHO DE VÍA O PREFERENCIA DE PASO AL PEATÓN.;NO IDENTIFICADO;0;0;NO;2025;9;27;5;SABADO;20,066666666666666;20;NOCHE;-0,8660254037844386;0,5000000000000001;-0,9749279121818236;-0,2225209339563146;0
2025-09-27;21:05:00;CUENCA;CUENCA;URBANA;-2,886445;-79,02181;CALLE CAYAMBE Y GUABYSAY;CHOQUE LATERAL;CONDUCE BAJO LA INFLUENCIA DE ALCOHOL, SUSTANCIAS ESTUPEFACIENTES O PSICOTRÓPICAS Y/O MEDICAMENTOS.;MOTOCICLETA;2;0;NO;2025;9;27;5;SABADO;21,083333333333332;21;NOCHE;-0,7071067811865477;0,7071067811865474;-0,9749279121818236;-0,2225209339563146;2
2025-10-01;17:43:00;CUENCA;RICAURTE (CUENCA);RURAL;-2,864569;-78,968632;AVENIDA 25 DE MARZO Y VIA AL PROGRESO;CHOQUE POSTERIOR;NO MANTENER LA DISTANCIA PRUDENCIAL CON RESPECTO AL VEHÍCULO QUE LE ANTECEDE.;VEHÍCULO DEPORTIVO UTILITARIO;0;0;NO;2025;10;1;2;MIERCOLES;17,716666666666665;17;TARDE;-0,9659258262890683;-0,25881904510252063;0,9749279121818236;-0,22252093395631434;0
2025-10-02;10:34:00;CUENCA;CUENCA;URBANA;-2,878547;-78,987558;BARRIAL BLANCO Y ARSOBIZPO SERRANO;CHOQUE FRONTAL;NO RESPETAR LAS SEÑALES REGLAMENTARIAS DE TRÁNSITO. (PARE, CEDA EL PASO, LUZ ROJA DEL SEMAFORO, ETC).;MOTOCICLETA;1;0;NO;2025;10;2;3;JUEVES;10,566666666666666;10;MANANA;0,49999999999999994;-0,8660254037844387;0,43388373911755823;-0,900968867902419;1
2025-10-02;11:52:00;CUENCA;CUENCA;URBANA;-2,907452;-79,026461;AVENIDA PRIMERODE MAYO Y AVENIDA LOJA;CHOQUE LATERAL;NO RESPETAR LAS SEÑALES REGLAMENTARIAS DE TRÁNSITO. (PARE, CEDA EL PASO, LUZ ROJA DEL SEMAFORO, ETC).;MOTOCICLETA;1;0;NO;2025;10;2;3;JUEVES;11,866666666666667;11;MANANA;0,258819045102521;-0,9659258262890682;0,43388373911755823;-0,900968867902419;1
2025-10-02;17:40:00;CUENCA;CUENCA;URBANA;-2,923197;-79,029347;RED ESTATAL E35 KM707 Y VIA A PUNTA CORRAL;CHOQUE POSTERIOR;NO MANTENER LA DISTANCIA PRUDENCIAL CON RESPECTO AL VEHÍCULO QUE LE ANTECEDE.;VEHÍCULO DEPORTIVO UTILITARIO;0;0;NO;2025;10;2;3;JUEVES;17,666666666666668;17;TARDE;-0,9659258262890683;-0,25881904510252063;0,43388373911755823;-0,900968867902419;0
2025-10-03;07:19:00;CUENCA;CUENCA;URBANA;-2,883581;-78,991422;AVENIDA TURUHUAYCO Y AVENIDA ENRIQUE ESPIN;ATROPELLOS;CONDUCIR VEHÍCULO SUPERANDO LOS LÍMITES MÁXIMOS DE VELOCIDAD.;MOTOCICLETA;1;0;NO;2025;10;3;4;VIERNES;7,316666666666666;7;MANANA;0,9659258262890683;-0,25881904510252063;-0,433883739117558;-0,9009688679024191;1
2025-10-03;08:36:00;CUENCA;RICAURTE (CUENCA);RURAL;-2,870906;-78,969564;CALLE JULIA BERNAL Y NINGUNA;CHOQUE LATERAL;NO RESPETAR LAS SEÑALES REGLAMENTARIAS DE TRÁNSITO. (PARE, CEDA EL PASO, LUZ ROJA DEL SEMAFORO, ETC).;VEHÍCULO DEPORTIVO UTILITARIO;0;0;NO;2025;10;3;4;VIERNES;8,6;8;MANANA;0,8660254037844387;-0,4999999999999998;-0,433883739117558;-0,9009688679024191;0
2025-10-03;12:57:00;CUENCA;CUENCA;URBANA;-2,914084;-78,996903;AVENIDA 10 DE AGOSTO Y AVENIDA 27 DE FEBRERO;CHOQUE LATERAL;NO RESPETAR LAS SEÑALES REGLAMENTARIAS DE TRÁNSITO. (PARE, CEDA EL PASO, LUZ ROJA DEL SEMAFORO, ETC).;MOTOCICLETA;1;0;NO;2025;10;3;4;VIERNES;12,95;12;TARDE;1,2246467991473532e-16;-1,0;-0,433883739117558;-0,9009688679024191;1
2025-10-04;00:06:00;CUENCA;RICAURTE (CUENCA);RURAL;-2,864418;-78,965285;VICENTE PACHECO Y VIA AL GUABO RICAURTE;CHOQUE FRONTAL;NO RESPETAR LAS SEÑALES REGLAMENTARIAS DE TRÁNSITO. (PARE, CEDA EL PASO, LUZ ROJA DEL SEMAFORO, ETC).;MOTOCICLETA;2;0;NO;2025;10;4;5;SABADO;0,1;0;MADRUGADA;0,0;1,0;-0,9749279121818236;-0,2225209339563146;2
2025-10-04;03:04:00;CUENCA;CUENCA;URBANA;-2,903009;-78,996755;HYANACAPAC Y HONORATO VASQUEZ;CHOQUE LATERAL;NO RESPETAR LAS SEÑALES REGLAMENTARIAS DE TRÁNSITO. (PARE, CEDA EL PASO, LUZ ROJA DEL SEMAFORO, ETC).;CAMIONETA;2;0;NO;2025;10;4;5;SABADO;3,066666666666667;3;MADRUGADA;0,7071067811865476;0,7071067811865476;-0,9749279121818236;-0,2225209339563146;2
2025-10-04;20:18:00;CUENCA;CUENCA;URBANA;-2,884489;-79,00233;AVENIDA DE LAS AMERICAS Y LUIS CORDERO;ATROPELLOS;CONDUCE BAJO LA INFLUENCIA DE ALCOHOL, SUSTANCIAS ESTUPEFACIENTES O PSICOTRÓPICAS Y/O MEDICAMENTOS.;CAMIONETA;0;1;NO;2025;10;4;5;SABADO;20,3;20;NOCHE;-0,8660254037844386;0,5000000000000001;-0,9749279121818236;-0,2225209339563146;1
2025-10-04;22:51:00;CUENCA;RICAURTE (CUENCA);RURAL;-2,853961;-78,971535;VIA  A BIBIN;CHOQUE POSTERIOR;NO MANTENER LA DISTANCIA PRUDENCIAL CON RESPECTO AL VEHÍCULO QUE LE ANTECEDE.;NO IDENTIFICADO;1;0;NO;2025;10;4;5;SABADO;22,85;22;NOCHE;-0,5000000000000004;0,8660254037844384;-0,9749279121818236;-0,2225209339563146;1
2025-10-04;23:28:00;CUENCA;CUENCA;URBANA;-2,913419;-79,030996;AVENIDA DON BOSCO Y AVENIDA LOJA;CHOQUE LATERAL;NO RESPETAR LAS SEÑALES REGLAMENTARIAS DE TRÁNSITO. (PARE, CEDA EL PASO, LUZ ROJA DEL SEMAFORO, ETC).;MOTOCICLETA;1;0;NO;2025;10;4;5;SABADO;23,466666666666665;23;NOCHE;-0,25881904510252157;0,9659258262890681;-0,9749279121818236;-0,2225209339563146;1
2025-10-05;14:56:00;CUENCA;CUENCA;URBANA;-2,887641;-78,967177;AVENIDA DE LAS AMERICAS Y SAN PABLO DEL LAGO;ROZAMIENTOS;REALIZAR CAMBIO BRUSCO O INDEBIDO DE CARRIL.;VEHÍCULO DEPORTIVO UTILITARIO;1;0;NO;2025;10;5;6;DOMINGO;14,933333333333334;14;TARDE;-0,4999999999999997;-0,8660254037844388;-0,7818314824680299;0,6234898018587334;1
2025-10-06;07:45:00;CUENCA;CUENCA;URBANA;-2,896335;-79,015372;AVENIDA 12 DE ABRIL Y EL ORO;ROZAMIENTOS;NO GUARDAR LA DISTANCIA LATERAL MÍNIMA DE SEGURIDAD ENTRE VEHÍCULOS.;VEHÍCULO DEPORTIVO UTILITARIO;1;0;NO;2025;10;6;0;LUNES;7,75;7;MANANA;0,9659258262890683;-0,25881904510252063;0,0;1,0;1
2025-10-06;16:15:00;CUENCA;CUENCA;URBANA;-2,897728;-78,968863;CALLE CUZCO Y POPAYAN;CHOQUE POSTERIOR;NO MANTENER LA DISTANCIA PRUDENCIAL CON RESPECTO AL VEHÍCULO QUE LE ANTECEDE.;VEHÍCULO DEPORTIVO UTILITARIO;0;0;NO;2025;10;6;0;LUNES;16,25;16;TARDE;-0,8660254037844385;-0,5000000000000004;0,0;1,0;0
2025-10-08;18:00:00;CUENCA;SININCAY;RURAL;-2,854871;-79,036024;VIA A L CARMEN DE SININCAY Y NINGUNA;ESTRELLAMIENTOS;CONDUCE BAJO LA INFLUENCIA DE ALCOHOL, SUSTANCIAS ESTUPEFACIENTES O PSICOTRÓPICAS Y/O MEDICAMENTOS.;VEHÍCULO DEPORTIVO UTILITARIO;1;0;NO;2025;10;8;2;MIERCOLES;18,0;18;NOCHE;-1,0;-1,8369701987210297e-16;0,9749279121818236;-0,22252093395631434;1
2025-10-10;01:21:00;CUENCA;CUENCA;URBANA;-2,899435;-78,968889;RED ESTATAL E35;PÉRDIDA DE PISTA;NO RESPETAR LAS SEÑALES REGLAMENTARIAS DE TRÁNSITO. (PARE, CEDA EL PASO, LUZ ROJA DEL SEMAFORO, ETC).;AUTOMÓVIL;0;0;SI;2025;10;10;4;VIERNES;1,35;1;MADRUGADA;0,25881904510252074;0,9659258262890683;-0,433883739117558;-0,9009688679024191;0
2025-10-10;11:18:00;CUENCA;CUENCA;URBANA;-2,903034;-78,996771;HUAYNA CAPAC Y VIRACOCHABAMBA;ATROPELLOS;NO RESPETAR LAS SEÑALES REGLAMENTARIAS DE TRÁNSITO. (PARE, CEDA EL PASO, LUZ ROJA DEL SEMAFORO, ETC).;NO IDENTIFICADO;0;0;SI;2025;10;10;4;VIERNES;11,3;11;MANANA;0,258819045102521;-0,9659258262890682;-0,433883739117558;-0,9009688679024191;0
2025-10-10;22:33:00;CUENCA;CUENCA;URBANA;-2,913093;-79,036862;AVENIDA DE LAS AMERICAS Y CAMINO VIEJO A BAÑOS;ESTRELLAMIENTOS;NO RESPETAR LAS SEÑALES REGLAMENTARIAS DE TRÁNSITO. (PARE, CEDA EL PASO, LUZ ROJA DEL SEMAFORO, ETC).;AUTOMÓVIL;0;0;SI;2025;10;10;4;VIERNES;22,55;22;NOCHE;-0,5000000000000004;0,8660254037844384;-0,433883739117558;-0,9009688679024191;0
2025-10-11;09:57:00;CUENCA;CUENCA;URBANA;-2,898032;-79,004149;MARISCAL SUCRE Y LUIS CORDERO;ATROPELLOS;NO CEDER EL DERECHO DE VÍA O PREFERENCIA DE PASO AL PEATÓN.;CAMIONETA;1;0;SI;2025;10;11;5;SABADO;9,95;9;MANANA;0,7071067811865476;-0,7071067811865475;-0,9749279121818236;-0,2225209339563146;1
2025-10-11;13:45:00;CUENCA;CUENCA;URBANA;-2,874417;-78,983653;CAVENIDA  BARRIAL BLANCO Y AVENIDA DEL TORIL;CHOQUE POSTERIOR;NO MANTENER LA DISTANCIA PRUDENCIAL CON RESPECTO AL VEHÍCULO QUE LE ANTECEDE.;SCOOTER ELÉCTRICO;0;0;SI;2025;10;11;5;SABADO;13,75;13;TARDE;-0,2588190451025208;-0,9659258262890683;-0,9749279121818236;-0,2225209339563146;0
2025-10-11;18:41:00;CUENCA;CUENCA;RURAL;-2,869338;-79,002004;MANUEL ANTONIO MUÑOZ BORRERO;PÉRDIDA DE CARRIL;CONDUCE BAJO LA INFLUENCIA DE ALCOHOL, SUSTANCIAS ESTUPEFACIENTES O PSICOTRÓPICAS Y/O MEDICAMENTOS.;AUTOMÓVIL;4;0;SI;2025;10;11;5;SABADO;18,683333333333334;18;NOCHE;-1,0;-1,8369701987210297e-16;-0,9749279121818236;-0,2225209339563146;4
2025-10-12;16:41:00;CUENCA;CUENCA;URBANA;-2,89986;-78,988094;PASEO HUAGRA HUMA Y PASEO DE LOS CAÑARIS;PÉRDIDA DE CARRIL;NO RESPETAR LAS SEÑALES REGLAMENTARIAS DE TRÁNSITO. (PARE, CEDA EL PASO, LUZ ROJA DEL SEMAFORO, ETC).;VEHÍCULO DEPORTIVO UTILITARIO;0;0;SI;2025;10;12;6;DOMINGO;16,683333333333334;16;TARDE;-0,8660254037844385;-0,5000000000000004;-0,7818314824680299;0,6234898018587334;0
2025-10-12;17:06:00;CUENCA;CUENCA;URBANA;-2,901493;-78,992107;AVENIDA GUAPONDELING Y GUSTAVO LEMUS;ESTRELLAMIENTOS;CONDUCE BAJO LA INFLUENCIA DE ALCOHOL, SUSTANCIAS ESTUPEFACIENTES O PSICOTRÓPICAS Y/O MEDICAMENTOS.;AUTOMÓVIL;0;0;SI;2025;10;12;6;DOMINGO;17,1;17;TARDE;-0,9659258262890683;-0,25881904510252063;-0,7818314824680299;0,6234898018587334;0
2025-10-14;03:19:00;CUENCA;CUENCA;URBANA;-2,887714;-78,985316;AVENIDA ESPAÑA Y CALLE VALENCIA;CHOQUE LATERAL;NO RESPETAR LAS SEÑALES REGLAMENTARIAS DE TRÁNSITO. (PARE, CEDA EL PASO, LUZ ROJA DEL SEMAFORO, ETC).;AUTOMÓVIL;1;0;NO;2025;10;14;1;MARTES;3,3166666666666664;3;MADRUGADA;0,7071067811865476;0,7071067811865476;0,7818314824680298;0,6234898018587336;1
2025-10-14;07:40:00;CUENCA;CUENCA;URBANA;-2,931169;-79,04353;RED ESTATAL E35 KM 1 Y JHANN STRAUSS;CHOQUE LATERAL;NO RESPETAR LAS SEÑALES REGLAMENTARIAS DE TRÁNSITO. (PARE, CEDA EL PASO, LUZ ROJA DEL SEMAFORO, ETC).;MOTOCICLETA;1;0;NO;2025;10;14;1;MARTES;7,666666666666667;7;MANANA;0,9659258262890683;-0,25881904510252063;0,7818314824680298;0,6234898018587336;1
2025-10-15;11:57:00;CUENCA;CUENCA;RURAL;-2,873323;-79,001727;MANUEL ANTONIO GUERRERO Y DEL MAPANAGUA;CAÍDA DE PASAJERO;NO RESPETAR LAS SEÑALES REGLAMENTARIAS DE TRÁNSITO. (PARE, CEDA EL PASO, LUZ ROJA DEL SEMAFORO, ETC).;NO IDENTIFICADO;0;0;NO;2025;10;15;2;MIERCOLES;11,95;11;MANANA;0,258819045102521;-0,9659258262890682;0,9749279121818236;-0,22252093395631434;0
2025-10-16;02:01:00;CUENCA;CUENCA;URBANA;-2,89016;-78,963843;AVENIDA DE LAS AMERICAS Y GONZALES SUAREZ;PÉRDIDA DE CARRIL;NO RESPETAR LAS SEÑALES REGLAMENTARIAS DE TRÁNSITO. (PARE, CEDA EL PASO, LUZ ROJA DEL SEMAFORO, ETC).;VEHÍCULO DEPORTIVO UTILITARIO;0;0;NO;2025;10;16;3;JUEVES;2,0166666666666666;2;MADRUGADA;0,49999999999999994;0,8660254037844387;0,43388373911755823;-0,900968867902419;0
2025-10-16;07:59:00;CUENCA;CUENCA;URBANA;-2,88578;-78,998845;AVENIDA DE LAS AMERICAS Y MARIANO CUEVA;CHOQUE LATERAL;NO RESPETAR LAS SEÑALES REGLAMENTARIAS DE TRÁNSITO. (PARE, CEDA EL PASO, LUZ ROJA DEL SEMAFORO, ETC).;AUTOMÓVIL;1;0;NO;2025;10;16;3;JUEVES;7,983333333333333;7;MANANA;0,9659258262890683;-0,25881904510252063;0,43388373911755823;-0,900968867902419;1
2025-10-16;16:08:00;CUENCA;CUENCA;URBANA;-2,904618;-78,976849;RED ESTATAL E35 KM 700;CHOQUE LATERAL;REALIZAR CAMBIO BRUSCO O INDEBIDO DE CARRIL.;MOTOCICLETA;3;0;NO;2025;10;16;3;JUEVES;16,133333333333333;16;TARDE;-0,8660254037844385;-0,5000000000000004;0,43388373911755823;-0,900968867902419;3
2025-10-16;21:12:00;CUENCA;CUENCA;URBANA;-2,906478;-79,009244;REMIGIO CRESPO Y FEDERICO PROAÑO;CHOQUE LATERAL;NO RESPETAR LAS SEÑALES REGLAMENTARIAS DE TRÁNSITO. (PARE, CEDA EL PASO, LUZ ROJA DEL SEMAFORO, ETC).;BICICLETA;1;0;NO;2025;10;16;3;JUEVES;21,2;21;NOCHE;-0,7071067811865477;0,7071067811865474;0,43388373911755823;-0,900968867902419;1
2025-10-17;07:33:00;CUENCA;CUENCA;URBANA;-2,891791;-79,019959;CALLE GRAN COLOMBIA Y UNIDAD NACIONAL;COLISIÓN;NO MANTENER LA DISTANCIA PRUDENCIAL CON RESPECTO AL VEHÍCULO QUE LE ANTECEDE.;AUTOMÓVIL;0;0;NO;2025;10;17;4;VIERNES;7,55;7;MANANA;0,9659258262890683;-0,25881904510252063;-0,433883739117558;-0,9009688679024191;0
2025-10-17;13:32:00;CUENCA;CUENCA;URBANA;-2,93501;-79,045261;PANAMERICANA SUR Y LAS COMETAS;CHOQUE LATERAL;NO RESPETAR LAS SEÑALES REGLAMENTARIAS DE TRÁNSITO. (PARE, CEDA EL PASO, LUZ ROJA DEL SEMAFORO, ETC).;BUS;0;0;NO;2025;10;17;4;VIERNES;13,533333333333333;13;TARDE;-0,2588190451025208;-0,9659258262890683;-0,433883739117558;-0,9009688679024191;0
2025-10-17;15:47:00;CUENCA;CUENCA;URBANA;-2,902274;-79,0227;UNIDAD NACIONAL Y AMAZONAS;ATROPELLOS;NO CEDER EL DERECHO DE VÍA O PREFERENCIA DE PASO AL PEATÓN.;NO IDENTIFICADO;0;0;NO;2025;10;17;4;VIERNES;15,783333333333333;15;TARDE;-0,7071067811865471;-0,7071067811865479;-0,433883739117558;-0,9009688679024191;0
2025-10-17;17:21:00;CUENCA;TURI;RURAL;-2,922344;-79,009513;CAMINO A TURI Y SIN NOMBRE;CHOQUE LATERAL;NO RESPETAR LAS SEÑALES REGLAMENTARIAS DE TRÁNSITO. (PARE, CEDA EL PASO, LUZ ROJA DEL SEMAFORO, ETC).;NO IDENTIFICADO;0;0;NO;2025;10;17;4;VIERNES;17,35;17;TARDE;-0,9659258262890683;-0,25881904510252063;-0,433883739117558;-0,9009688679024191;0
2025-10-17;20:57:00;CUENCA;VALLE;RURAL;-2,934939;-78,957459;VIA AL CEMENTERIO DE EL VALLE;CHOQUE POSTERIOR;NO MANTENER LA DISTANCIA PRUDENCIAL CON RESPECTO AL VEHÍCULO QUE LE ANTECEDE.;VEHÍCULO DEPORTIVO UTILITARIO;0;0;NO;2025;10;17;4;VIERNES;20,95;20;NOCHE;-0,8660254037844386;0,5000000000000001;-0,433883739117558;-0,9009688679024191;0
2025-10-18;23:54:00;CUENCA;CUENCA;URBANA;-2,911855;-79,000309;SANTIAGO CARRASCO Y VICTOER LEON VIVAR;PÉRDIDA DE CARRIL;CONDUCE BAJO LA INFLUENCIA DE ALCOHOL, SUSTANCIAS ESTUPEFACIENTES O PSICOTRÓPICAS Y/O MEDICAMENTOS.;VEHÍCULO DEPORTIVO UTILITARIO;0;0;NO;2025;10;18;5;SABADO;23,9;23;NOCHE;-0,25881904510252157;0,9659258262890681;-0,9749279121818236;-0,2225209339563146;0
2025-10-19;00:26:00;CUENCA;CUENCA;URBANA;-2,893184;-78,975799;AVENIDA DE LOS ANDES Y YANAHURCO;CHOQUE LATERAL;CONDUCE BAJO LA INFLUENCIA DE ALCOHOL, SUSTANCIAS ESTUPEFACIENTES O PSICOTRÓPICAS Y/O MEDICAMENTOS.;MOTOCICLETA;1;0;NO;2025;10;19;6;DOMINGO;0,43333333333333335;0;MADRUGADA;0,0;1,0;-0,7818314824680299;0,6234898018587334;1
2025-10-19;02:39:00;CUENCA;CUENCA;URBANA;-2,876169;-79,032308;CAMINO A SAN PEDRO DEL CEBOLLAR;PÉRDIDA DE CARRIL;NO RESPETAR LAS SEÑALES REGLAMENTARIAS DE TRÁNSITO. (PARE, CEDA EL PASO, LUZ ROJA DEL SEMAFORO, ETC).;VEHÍCULO DEPORTIVO UTILITARIO;0;0;NO;2025;10;19;6;DOMINGO;2,65;2;MADRUGADA;0,49999999999999994;0,8660254037844387;-0,7818314824680299;0,6234898018587334;0
2025-10-19;03:27:00;CUENCA;NULTI;RURAL;-2,865539;-78,881471;VIA A JADAN;PÉRDIDA DE CARRIL;CONDUCE BAJO LA INFLUENCIA DE ALCOHOL, SUSTANCIAS ESTUPEFACIENTES O PSICOTRÓPICAS Y/O MEDICAMENTOS.;CAMIONETA;2;0;NO;2025;10;19;6;DOMINGO;3,45;3;MADRUGADA;0,7071067811865476;0,7071067811865476;-0,7818314824680299;0,6234898018587334;2
2025-10-19;16:16:00;CUENCA;CUENCA;URBANA;-2,909933;-78,985076;AVENIDA 24 DE AMYO Y AMBATO;ESTRELLAMIENTOS;NO RESPETAR LAS SEÑALES REGLAMENTARIAS DE TRÁNSITO. (PARE, CEDA EL PASO, LUZ ROJA DEL SEMAFORO, ETC).;MOTOCICLETA;1;0;NO;2025;10;19;6;DOMINGO;16,266666666666666;16;TARDE;-0,8660254037844385;-0,5000000000000004;-0,7818314824680299;0,6234898018587334;1
2025-10-20;11:40:00;CUENCA;CUENCA;URBANA;-2,912974;-79,032205;AVENIDA DON BOSCO Y EL SALADO;CHOQUE LATERAL;NO RESPETAR LAS SEÑALES REGLAMENTARIAS DE TRÁNSITO. (PARE, CEDA EL PASO, LUZ ROJA DEL SEMAFORO, ETC).;VEHÍCULO DEPORTIVO UTILITARIO;1;0;NO;2025;10;20;0;LUNES;11,666666666666666;11;MANANA;0,258819045102521;-0,9659258262890682;0,0;1,0;1
2025-10-20;13:57:00;CUENCA;CUENCA;URBANA;-2,917988;-79,034859;AVENIDA LOJA Y PUERTA DE PALOS;ATROPELLOS;NO RESPETAR LAS SEÑALES REGLAMENTARIAS DE TRÁNSITO. (PARE, CEDA EL PASO, LUZ ROJA DEL SEMAFORO, ETC).;MOTOCICLETA;1;0;NO;2025;10;20;0;LUNES;13,95;13;TARDE;-0,2588190451025208;-0,9659258262890683;0,0;1,0;1
2025-10-21;23:01:00;CUENCA;RICAURTE (CUENCA);URBANA;-2,870802;-78,972301;AVENIDA DE LOS MIGRANTES;ATROPELLOS;NO RESPETAR LAS SEÑALES REGLAMENTARIAS DE TRÁNSITO. (PARE, CEDA EL PASO, LUZ ROJA DEL SEMAFORO, ETC).;NO IDENTIFICADO;0;0;NO;2025;10;21;1;MARTES;23,016666666666666;23;NOCHE;-0,25881904510252157;0,9659258262890681;0,7818314824680298;0,6234898018587336;0
2025-10-22;13:33:00;CUENCA;CUENCA;URBANA;-2,907168;-79,016547;AVENIDA RICARDO MUÑOZ DAVILA Y ALFONSO MORENO MORA;CHOQUE LATERAL;NO RESPETAR LAS SEÑALES REGLAMENTARIAS DE TRÁNSITO. (PARE, CEDA EL PASO, LUZ ROJA DEL SEMAFORO, ETC).;AUTOMÓVIL;0;0;NO;2025;10;22;2;MIERCOLES;13,55;13;TARDE;-0,2588190451025208;-0,9659258262890683;0,9749279121818236;-0,22252093395631434;0
2025-10-24;01:13:00;CUENCA;CUENCA;URBANA;-2,898981;-78,967168;RED ESTATAL E35 KM 700 Y CUZCO;ESTRELLAMIENTOS;CONDUCE BAJO LA INFLUENCIA DE ALCOHOL, SUSTANCIAS ESTUPEFACIENTES O PSICOTRÓPICAS Y/O MEDICAMENTOS.;VEHÍCULO DEPORTIVO UTILITARIO;0;0;NO;2025;10;24;4;VIERNES;1,2166666666666668;1;MADRUGADA;0,25881904510252074;0,9659258262890683;-0,433883739117558;-0,9009688679024191;0
2025-10-03;06:30:00;CUENCA;MOLLETURO;RURAL;-2,712703;-79,452628;SE ENCUENTRA UBICADO EN LA RED VIAL E-582 SENTIDO CUENCA  - TAMARINDO AL LLEGAR AL KM 78 APROXIMADAMENTE;PÉRDIDA DE CARRIL;CONDUCIR DESATENTO A LAS CONDICIONES DE TRÁNSITO (CELULAR, PANTALLAS DE VIDEO, COMIDA, MAQUILLAJE O CUALQUIER OTRO ELEMENTO DISTRACTOR).;CAMIÓN;0;0;NO;2025;10;3;4;VIERNES;6,5;6;MANANA;1,0;6,123233995736766e-17;-0,433883739117558;-0,9009688679024191;0
2025-10-07;11:30:00;CUENCA;SAYAUSI;RURAL;-2,849613;-79,110805;SE ENCUENTRA UBICADO EN LA RED VIAL E-582 SENTIDO EL  CAJAS  -  Y DE SAYAUSI AL LLEGAR AL KM 7+500 APROXIMADAMENTE SECTOR MARIANZA.;ROZAMIENTOS;NO GUARDAR LA DISTANCIA LATERAL MÍNIMA DE SEGURIDAD ENTRE VEHÍCULOS.;CAMIONETA;0;0;NO;2025;10;7;1;MARTES;11,5;11;MANANA;0,258819045102521;-0,9659258262890682;0,7818314824680298;0,6234898018587336;0
2025-10-08;09:15:00;CUENCA;SAYAUSI;RURAL;-2,780447;-79,236303;SE ENCUENTRA UBICADO EN LA RED VIAL E-582 SENTIDO MOLLETURO  - CUENCA AL LLEGAR AL KM 27 APROXIMADAMENTE REFERENCIA CONTROL INTEGRADOS CAJAS (QUINUAS).;PÉRDIDA DE CARRIL;CONDUCIR DESATENTO A LAS CONDICIONES DE TRÁNSITO (CELULAR, PANTALLAS DE VIDEO, COMIDA, MAQUILLAJE O CUALQUIER OTRO ELEMENTO DISTRACTOR).;CAMIÓN;0;0;NO;2025;10;8;2;MIERCOLES;9,25;9;MANANA;0,7071067811865476;-0,7071067811865475;0,9749279121818236;-0,22252093395631434;0