FECHA;HORA;CANTON;PARROQUIA;ZONA;LATITUD_Y;LONGITUD_X;DIRECCION;TIPO_DE_SINIESTRO;CAUSA_PROBABLE;TIPO_DE_VEHICULO_1;LESIONADOS;FALLECIDOS;FERIADO;ANIO;MES;DIA;DIA_SEMANA;NOMBRE_DIA;HORA_DECIMAL;HORA_NUM;RANGO_HORARIO;HORA_SIN;HORA_COS;DIA_SIN;DIA_COS;TOTAL_VICTIMAS
2025-12-04;02:33:00;CUENCA;RICAURTE (CUENCA);RURAL;-2,862997;-78,967782;AV 25 DE MARZO VICENTE PACHECO;ESTRELLAMIENTOS;NO RESPETAR LAS SEÑALES REGLAMENTARIAS DE TRÁNSITO. (PARE, CEDA EL PASO, LUZ ROJA DEL SEMAFORO, ETC).;NO IDENTIFICADO;0;0;NO;2025;12;4;3;JUEVES;2,55;2;MADRUGADA;0,49999999999999994;0,8660254037844387;0,43388373911755823;-0,900968867902419;0
2025-12-05;15:40:00;CUENCA;CUENCA;URBANA;-2,898788;-78,991656;AV GONZÁLEZ SUAREZ LEONIDAS PLAZA GUTIÉRREZ;ATROPELLOS;NO RESPETAR LAS SEÑALES REGLAMENTARIAS DE TRÁNSITO. (PARE, CEDA EL PASO, LUZ ROJA DEL SEMAFORO, ETC).;AUTOMÓVIL;1;0;NO;2025;12;5;4;VIERNES;15,666666666666666;15;TARDE;-0,7071067811865471;-0,7071067811865479;-0,433883739117558;-0,9009688679024191;1
2025-12-05;17:39:00;CUENCA;CUENCA;URBANA;-2,846905;-78,986603;VÍA CHECA CHIQUINTAD SUBIDA A BELLAVISTA;CHOQUE FRONTAL;NO RESPETAR LAS SEÑALES REGLAMENTARIAS DE TRÁNSITO. (PARE, CEDA EL PASO, LUZ ROJA DEL SEMAFORO, ETC).;MOTOCICLETA;1;0;NO;2025;12;5;4;VIERNES;17,65;17;TARDE;-0,9659258262890683;-0,25881904510252063;-0,433883739117558;-0,9009688679024191;1
2025-12-05;18:45:00;CUENCA;CUENCA;URBANA;-2,882898;-79,017819;ABELARDO J ANDRADE ALEXANDER FLEMING;CHOQUE LATERAL;NO RESPETAR LAS SEÑALES REGLAMENTARIAS DE TRÁNSITO. (PARE, CEDA EL PASO, LUZ ROJA DEL SEMAFORO, ETC).;MOTOCICLETA;2;0;NO;2025;12;5;4;VIERNES;18,75;18;NOCHE;-1,0;-1,8369701987210297e-16;-0,433883739117558;-0,9009688679024191;2
2025-12-05;20:29:00;CUENCA;CUENCA;URBANA;-2,885703;-78,983251;AV. ESPAÑA Y CALE TOLEDO;ESTRELLAMIENTOS;NO RESPETAR LAS SEÑALES REGLAMENTARIAS DE TRÁNSITO. (PARE, CEDA EL PASO, LUZ ROJA DEL SEMAFORO, ETC).;VEHÍCULO DEPORTIVO UTILITARIO;1;0;NO;2025;12;5;4;VIERNES;20,483333333333334;20;NOCHE;-0,8660254037844386;0,5000000000000001;-0,433883739117558;-0,9009688679024191;1
2025-12-06;00:06:00;CUENCA;CUENCA;URBANA;-2,856956;-78,988652;VIA A LA COMPAÑIA Y CALLE NO EXISTE;ESTRELLAMIENTOS;NO RESPETAR LAS SEÑALES REGLAMENTARIAS DE TRÁNSITO. (PARE, CEDA EL PASO, LUZ ROJA DEL SEMAFORO, ETC).;MOTOCICLETA;0;0;NO;2025;12;6;5;SABADO;0,1;0;MADRUGADA;0,0;1,0;-0,9749279121818236;-0,2225209339563146;0
2025-12-06;07:10:00;CUENCA;CUENCA;URBANA;-2,874508;-78,983631;DE LOS X JUEGOS BOLIVARIANOS  Y  AV. DEL TORIL;CHOQUE LATERAL;NO RESPETAR LAS SEÑALES REGLAMENTARIAS DE TRÁNSITO. (PARE, CEDA EL PASO, LUZ ROJA DEL SEMAFORO, ETC).;AUTOMÓVIL;1;0;NO;2025;12;6;5;SABADO;7,166666666666667;7;MANANA;0,9659258262890683;-0,25881904510252063;-0,9749279121818236;-0,2225209339563146;1
2025-12-06;08:56:00;CUENCA;CUENCA;URBANA;-2,879062;-78,980091;AV. DE LAS AMÉRICAS Y  DE LA INDEPENDENCIA;COLISIÓN;NO MANTENER LA DISTANCIA PRUDENCIAL CON RESPECTO AL VEHÍCULO QUE LE ANTECEDE.;AUTOMÓVIL;0;0;NO;2025;12;6;5;SABADO;8,933333333333334;8;MANANA;0,8660254037844387;-0,4999999999999998;-0,9749279121818236;-0,2225209339563146;0
2025-12-06;12:28:00;CUENCA;CUENCA;URBANA;-2,885509;-78,94814;RED ESTATAL E35 KM 697 Y NINGUNA;CHOQUE LATERAL;NO RESPETAR LAS SEÑALES REGLAMENTARIAS DE TRÁNSITO. (PARE, CEDA EL PASO, LUZ ROJA DEL SEMAFORO, ETC).;VEHÍCULO DEPORTIVO UTILITARIO;7;0;NO;2025;12;6;5;SABADO;12,466666666666667;12;TARDE;1,2246467991473532e-16;-1,0;-0,9749279121818236;-0,2225209339563146;7
2025-12-06;13:45:00;CUENCA;CUENCA;URBANA;-2,847365;-78,916258;PANAMERICANA NORTE KM 11 Y NINGUNA;CHOQUE FRONTAL;NO RESPETAR LAS SEÑALES REGLAMENTARIAS DE TRÁNSITO. (PARE, CEDA EL PASO, LUZ ROJA DEL SEMAFORO, ETC).;VEHÍCULO DEPORTIVO UTILITARIO;3;1;NO;2025;12;6;5;SABADO;13,75;13;TARDE;-0,2588190451025208;-0,9659258262890683;-0,9749279121818236;-0,2225209339563146;4
2025-12-11;00:34:00;CUENCA;CUENCA;URBANA;-2,906621;-78,999799;12 DE ABRIL Y AV PAUCARBAMBA;ESTRELLAMIENTOS;CONDUCIR DESATENTO A LAS CONDICIONES DE TRÁNSITO (CELULAR, PANTALLAS DE VIDEO, COMIDA, MAQUILLAJE O CUALQUIER OTRO ELEMENTO DISTRACTOR).;AUTOMÓVIL;0;0;NO;2025;12;11;3;JUEVES;0,5666666666666667;0;MADRUGADA;0,0;1,0;0,43388373911755823;-0,900968867902419;0
2025-12-11;02:12:00;CUENCA;CUENCA;URBANA;-2,915879;-79,023237;DON BOSCO Y 12 DE OCTUBRE;CHOQUE LATERAL;NO RESPETAR LAS SEÑALES REGLAMENTARIAS DE TRÁNSITO. (PARE, CEDA EL PASO, LUZ ROJA DEL SEMAFORO, ETC).;MOTOCICLETA;0;1;NO;2025;12;11;3;JUEVES;2,2;2;MADRUGADA;0,49999999999999994;0,8660254037844387;0,43388373911755823;-0,900968867902419;1
2025-12-11;12:58:00;CUENCA;CUENCA;URBANA;-2,87656;-79,065508;DE LA GUAYUSA Y DEL ORÉGANO;CHOQUE FRONTAL;NO RESPETAR LAS SEÑALES REGLAMENTARIAS DE TRÁNSITO. (PARE, CEDA EL PASO, LUZ ROJA DEL SEMAFORO, ETC).;MOTOCICLETA;1;0;NO;2025;12;11;3;JUEVES;12,966666666666667;12;TARDE;1,2246467991473532e-16;-1,0;0,43388373911755823;-0,900968867902419;1
2025-12-11;18:28:00;CUENCA;CUENCA;URBANA;-2,912973;-79,032242;DON BOSCO Y EL SALADO;PÉRDIDA DE PISTA;CONDUCIR VEHÍCULO SUPERANDO LOS LÍMITES MÁXIMOS DE VELOCIDAD.;NO IDENTIFICADO;1;0;NO;2025;12;11;3;JUEVES;18,466666666666665;18;NOCHE;-1,0;-1,8369701987210297e-16;0,43388373911755823;-0,900968867902419;1
2025-12-12;00:46:00;CUENCA;CUENCA;URBANA;-2,888314;-78,987756;ELIA LIUT Y GIL RAMIREZ;CHOQUE LATERAL;CONDUCE BAJO LA INFLUENCIA DE ALCOHOL, SUSTANCIAS ESTUPEFACIENTES O PSICOTRÓPICAS Y/O MEDICAMENTOS.;AUTOMÓVIL;0;0;NO;2025;12;12;4;VIERNES;0,7666666666666667;0;MADRUGADA;0,0;1,0;-0,433883739117558;-0,9009688679024191;0
2025-12-12;10:51:00;CUENCA;CUENCA;URBANA;-2,897223;-78,978714;GONZÁLEZ SUÁREZ Y 13 DE ABRIL;COLISIÓN;NO MANTENER LA DISTANCIA PRUDENCIAL CON RESPECTO AL VEHÍCULO QUE LE ANTECEDE.;AUTOMÓVIL;0;0;NO;2025;12;12;4;VIERNES;10,85;10;MANANA;0,49999999999999994;-0,8660254037844387;-0,433883739117558;-0,9009688679024191;0
2025-12-12;17:55:00;CUENCA;CUENCA;URBANA;-2,921467;-79,001167;HERNAN MALO Y RED ESTATAL E35 KM 704;CHOQUE POSTERIOR;NO MANTENER LA DISTANCIA PRUDENCIAL CON RESPECTO AL VEHÍCULO QUE LE ANTECEDE.;AUTOMÓVIL;0;0;NO;2025;12;12;4;VIERNES;17,916666666666668;17;TARDE;-0,9659258262890683;-0,25881904510252063;-0,433883739117558;-0,9009688679024191;0
2025-12-14;05:10:00;CUENCA;CUENCA;URBANA;-2,88255;-78,998179;TURUHUAYCO Y MIRAFLORES;PÉRDIDA DE CARRIL;CONDUCIR DESATENTO A LAS CONDICIONES DE TRÁNSITO (CELULAR, PANTALLAS DE VIDEO, COMIDA, MAQUILLAJE O CUALQUIER OTRO ELEMENTO DISTRACTOR).;VEHÍCULO DEPORTIVO UTILITARIO;0;0;NO;2025;12;14;6;DOMINGO;5,166666666666667;5;MADRUGADA;0,9659258262890683;0,25881904510252074;-0,7818314824680299;0,6234898018587334;0
2025-12-14;05:51:00;CUENCA;CUENCA;URBANA;-2,892874;-78,97824;SARAHURCO Y NAMANGOZA;CHOQUE LATERAL;CONDUCIR DESATENTO A LAS CONDICIONES DE TRÁNSITO (CELULAR, PANTALLAS DE VIDEO, COMIDA, MAQUILLAJE O CUALQUIER OTRO ELEMENTO DISTRACTOR).;AUTOMÓVIL;1;0;NO;2025;12;14;6;DOMINGO;5,85;5;MADRUGADA;0,9659258262890683;0,25881904510252074;-0,7818314824680299;0,6234898018587334;1
2025-12-20;06:07:00;CUENCA;CUENCA;URBANA;-2,914625;-79,011806;PRIMERO DE MAYO Y FERNANDO DE ROJAS;PÉRDIDA DE CARRIL;CONDUCE BAJO LA INFLUENCIA DE ALCOHOL, SUSTANCIAS ESTUPEFACIENTES O PSICOTRÓPICAS Y/O MEDICAMENTOS.;VEHÍCULO DEPORTIVO UTILITARIO;1;0;NO;2025;12;20;5;SABADO;6,116666666666666;6;MANANA;1,0;6,123233995736766e-17;-0,9749279121818236;-0,2225209339563146;1
2025-12-20;19:40:00;CUENCA;CUENCA;URBANA;-2,921167;-79,038847;AV AMERICAS Y PASAJE JUAN RUIZ MORALES;PÉRDIDA DE CARRIL;CONDUCIR DESATENTO A LAS CONDICIONES DE TRÁNSITO (CELULAR, PANTALLAS DE VIDEO, COMIDA, MAQUILLAJE O CUALQUIER OTRO ELEMENTO DISTRACTOR).;AUTOMÓVIL;0;0;NO;2025;12;20;5;SABADO;19,666666666666668;19;NOCHE;-0,9659258262890684;0,2588190451025203;-0,9749279121818236;-0,2225209339563146;0
2025-12-20;19:50:00;CUENCA;VALLE;URBANA;-2,911684;-78,957372;VIA MONAY BAGUANCHI PACCHA Y ENTRADA A LA SUBESTACIÓN DE LA EMPRESA ELÉCTRICA CENTROSUR.;CHOQUE FRONTAL;CONDUCIR EN SENTIDO CONTRARIO A LA VÍA NORMAL DE CIRCULACIÓN.;MOTOCICLETA;0;0;NO;2025;12;20;5;SABADO;19,833333333333332;19;NOCHE;-0,9659258262890684;0,2588190451025203;-0,9749279121818236;-0,2225209339563146;0
2025-12-22;13:09:00;CUENCA;CUENCA;URBANA;-2,93134;-79,043648;PANAMERICA SUR Y JOHANN STRAUSS;CHOQUE LATERAL;NO CEDER EL DERECHO DE VÍA O PREFERENCIA DE PASO A VEHÍCULOS.;CAMIÓN;2;0;NO;2025;12;22;0;LUNES;13,15;13;TARDE;-0,2588190451025208;-0,9659258262890683;0,0;1,0;2
2025-12-23;22:15:00;CUENCA;CUENCA;URBANA;-2,915881;-79,022359;DON BOSCO Y 12 DE OCTUBRE;ESTRELLAMIENTOS;CONDUCIR DESATENTO A LAS CONDICIONES DE TRÁNSITO (CELULAR, PANTALLAS DE VIDEO, COMIDA, MAQUILLAJE O CUALQUIER OTRO ELEMENTO DISTRACTOR).;MOTOCICLETA;0;0;NO;2025;12;23;1;MARTES;22,25;22;NOCHE;-0,5000000000000004;0,8660254037844384;0,7818314824680298;0,6234898018587336;0
2025-12-23;23:25:00;CUENCA;CUENCA;URBANA;-2,907891;-79,000105;PAUCARBAMBA Y MANUEL J CALLE;CHOQUE LATERAL;NO RESPETAR LAS SEÑALES REGLAMENTARIAS DE TRÁNSITO. (PARE, CEDA EL PASO, LUZ ROJA DEL SEMAFORO, ETC).;AUTOMÓVIL;0;0;NO;2025;12;23;1;MARTES;23,416666666666668;23;NOCHE;-0,25881904510252157;0,9659258262890681;0,7818314824680298;0,6234898018587336;0
2025-12-27;00:28:00;CUENCA;CUENCA;URBANA;-2,891765;-78,968744;GONZÁLEZ SUÁREZ Y DAQUILEMA;PÉRDIDA DE PISTA;CONDUCIR DESATENTO A LAS CONDICIONES DE TRÁNSITO (CELULAR, PANTALLAS DE VIDEO, COMIDA, MAQUILLAJE O CUALQUIER OTRO ELEMENTO DISTRACTOR).;VEHÍCULO DEPORTIVO UTILITARIO;1;0;NO;2025;12;27;5;SABADO;0,4666666666666667;0;MADRUGADA;0,0;1,0;-0,9749279121818236;-0,2225209339563146;1
2025-12-27;23:23:00;CUENCA;CUENCA;URBANA;-2,89559;-78,991511;HURTADO DE MENDOZA Y RIO PALORA;CHOQUE LATERAL;REALIZAR CAMBIO BRUSCO O INDEBIDO DE CARRIL.;AUTOMÓVIL;0;0;NO;2025;12;27;5;SABADO;23,383333333333333;23;NOCHE;-0,25881904510252157;0,9659258262890681;-0,9749279121818236;-0,2225209339563146;0
2025-12-28;15:41:00;CUENCA;CUENCA;URBANA;-2,894915;-78,999472;VARGAS MACHUCA Y GASPAR SANGURIMA;ATROPELLOS;PEATÓN QUE CRUZA LA CALZADA SIN RESPETAR LA SEÑALIZACIÓN EXISTENTE (SEMÁFOROS O SEÑALES MANUALES).;BUS;0;1;NO;2025;12;28;6;DOMINGO;15,683333333333334;15;TARDE;-0,7071067811865471;-0,7071067811865479;-0,7818314824680299;0,6234898018587334;1
2025-12-31;00:37:00;CUENCA;CUENCA;URBANA;-2,908994;-79,015104;10 DE AGOSTO Y CESAR DAVILA ANDRADE;ESTRELLAMIENTOS;MAL ESTACIONADO - EL CONDUCTOR QUE DETENGA O ESTACIONE VEHÍCULOS EN SITIOS O ZONAS QUE ENTRAÑEN PELIGRO, TALES COMO ZONA DE SEGURIDAD, CURVAS, PUENTES, TÚNELES, PENDIENTES.;NO IDENTIFICADO;1;0;SI;2025;12;31;2;MIERCOLES;0,6166666666666667;0;MADRUGADA;0,0;1,0;0,9749279121818236;-0,22252093395631434;1
2025-12-31;21:53:00;CUENCA;SAN JOAQUIN;RURAL;-2,903482;-79,074526;CAMINO A SOLDADOS Y SN;OTROS;NO GUARDAR LA DISTANCIA LATERAL MÍNIMA DE SEGURIDAD ENTRE VEHÍCULOS.;NO IDENTIFICADO;1;0;SI;2025;12;31;2;MIERCOLES;21,883333333333333;21;NOCHE;-0,7071067811865477;0,7071067811865474;0,9749279121818236;-0,22252093395631434;1
2025-12-05;16:35:00;CUENCA;TARQUI (CUENCA);RURAL;-3,012333;-79,039278;RED VIAL E 59 KM 10;ROZAMIENTOS;NO GUARDAR LA DISTANCIA LATERAL MÍNIMA DE SEGURIDAD ENTRE VEHÍCULOS.;CAMIONETA;0;0;NO;2025;12;5;4;VIERNES;16,583333333333332;16;TARDE;-0,8660254037844385;-0,5000000000000004;-0,433883739117558;-0,9009688679024191;0
2025-12-06;16:35:00;CUENCA;CUMBE;RURAL;-3,067617;-79,026822;RED VIAL E 35 KM 4+100 APROX.;ROZAMIENTOS;NO GUARDAR LA DISTANCIA LATERAL MÍNIMA DE SEGURIDAD ENTRE VEHÍCULOS.;CAMIONETA;0;0;NO;2025;12;6;5;SABADO;16,583333333333332;16;TARDE;-0,8660254037844385;-0,5000000000000004;-0,9749279121818236;-0,2225209339563146;0
2025-12-07;12:02:00;CUENCA;SAYAUSI;RURAL;-2,804167;-79,1575;E 582 KM 19 APROX.;ROZAMIENTOS;NO GUARDAR LA DISTANCIA LATERAL MÍNIMA DE SEGURIDAD ENTRE VEHÍCULOS.;VEHÍCULO DEPORTIVO UTILITARIO;0;0;NO;2025;12;7;6;DOMINGO;12,033333333333333;12;TARDE;1,2246467991473532e-16;-1,0;-0,7818314824680299;0,6234898018587334;0
2025-12-07;17:35:00;CUENCA;TARQUI (CUENCA);RURAL;-2,99925;-79,044917;RED VIAL E 59 KM 9 APROX.;ATROPELLOS;CONDUCIR DESATENTO A LAS CONDICIONES DE TRÁNSITO (CELULAR, PANTALLAS DE VIDEO, COMIDA, MAQUILLAJE O CUALQUIER OTRO ELEMENTO DISTRACTOR).;NO IDENTIFICADO;1;0;NO;2025;12;7;6;DOMINGO;17,583333333333332;17;TARDE;-0,9659258262890683;-0,25881904510252063;-0,7818314824680299;0,6234898018587334;1
2025-12-09;07:20:00;CUENCA;TARQUI (CUENCA);RURAL;-3,001417;-79,04225;RED VIAL E 35 KM 9+400 APROX.;ATROPELLOS;CONDUCIR DESATENTO A LAS CONDICIONES DE TRÁNSITO (CELULAR, PANTALLAS DE VIDEO, COMIDA, MAQUILLAJE O CUALQUIER OTRO ELEMENTO DISTRACTOR).;CAMIONETA;0;1;NO;2025;12;9;1;MARTES;7,333333333333333;7;MANANA;0,9659258262890683;-0,25881904510252063;0,7818314824680298;0,6234898018587336;1
2025-12-09;07:50:00;CUENCA;SAYAUSI;RURAL;-2,787083;-79,203722;RED VIAL E 582 KM 35+180;PÉRDIDA DE CARRIL;CONDUCIR DESATENTO A LAS CONDICIONES DE TRÁNSITO (CELULAR, PANTALLAS DE VIDEO, COMIDA, MAQUILLAJE O CUALQUIER OTRO ELEMENTO DISTRACTOR).;CAMIÓN;0;0;NO;2025;12;9;1;MARTES;7,833333333333333;7;MANANA;0,9659258262890683;-0,25881904510252063;0,7818314824680298;0,6234898018587336;0
2025-12-12;07:33:00;CUENCA;SAYAUSI;RURAL;-2,871833;-79,077111;RED VIAL E 582 KM 6+500;CHOQUE LATERAL;NO RESPETAR LAS SEÑALES REGLAMENTARIAS DE TRÁNSITO. (PARE, CEDA EL PASO, LUZ ROJA DEL SEMAFORO, ETC).;AUTOMÓVIL;1;0;NO;2025;12;12;4;VIERNES;7,55;7;MANANA;0,9659258262890683;-0,25881904510252063;-0,433883739117558;-0,9009688679024191;1
2025-12-14;14:45:00;CUENCA;MOLLETURO;RURAL;-2,789838;-79,273772;SE ENCUENTRA UBICADO EN LA RED VIAL E-582 SENTIDO CUENCA  -  MOLLETURO AL LLEGAR AL KM 11 APROXIMADAMENTE SECTOR MARRIANZA.;CHOQUE LATERAL;NO RESPETAR LAS SEÑALES REGLAMENTARIAS DE TRÁNSITO. (PARE, CEDA EL PASO, LUZ ROJA DEL SEMAFORO, ETC).;VEHÍCULO DEPORTIVO UTILITARIO;2;0;NO;2025;12;14;6;DOMINGO;14,75;14;TARDE;-0,4999999999999997;-0,8660254037844388;-0,7818314824680299;0,6234898018587334;2
2025-12-14;18:15:00;CUENCA;TARQUI (CUENCA);RURAL;-2,977296;-79,04781;SE ENCUENTRA UBICADO EN LA RED VIAL E-35 SENTIDO TARQUI ¿ CUENCA AL LLEGAR AL KM 9 APROXIMADAMENTE REFERENCIA INGRESO A ZONA FRANCA.;PÉRDIDA DE CARRIL;CONDUCIR DESATENTO A LAS CONDICIONES DE TRÁNSITO (CELULAR, PANTALLAS DE VIDEO, COMIDA, MAQUILLAJE O CUALQUIER OTRO ELEMENTO DISTRACTOR).;VEHÍCULO DEPORTIVO UTILITARIO;2;0;NO;2025;12;14;6;DOMINGO;18,25;18;NOCHE;-1,0;-1,8369701987210297e-16;-0,7818314824680299;0,6234898018587334;2
2025-12-20;13:05:00;CUENCA;SAYAUSI;RURAL;-2,787472;-79,209528;RED VIAL E 582 KM 30;PÉRDIDA DE CARRIL;CONDUCIR DESATENTO A LAS CONDICIONES DE TRÁNSITO (CELULAR, PANTALLAS DE VIDEO, COMIDA, MAQUILLAJE O CUALQUIER OTRO ELEMENTO DISTRACTOR).;CAMIONETA;0;0;NO;2025;12;20;5;SABADO;13,083333333333334;13;TARDE;-0,2588190451025208;-0,9659258262890683;-0,9749279121818236;-0,2225209339563146;0
2025-12-20;23:00:00;CUENCA;TARQUI (CUENCA);RURAL;-2,961611;-79,05;RED VIAL E 59 KM 4;CHOQUE LATERAL;NO RESPETAR LAS SEÑALES REGLAMENTARIAS DE TRÁNSITO. (PARE, CEDA EL PASO, LUZ ROJA DEL SEMAFORO, ETC).;CAMIONETA;0;0;NO;2025;12;20;5;SABADO;23,0;23;NOCHE;-0,25881904510252157;0,9659258262890681;-0,9749279121818236;-0,2225209339563146;0
2025-12-23;10:21:00;CUENCA;MOLLETURO;RURAL;-2,706306;-79,436944;RED VIAL E 582 KM 75 APROX.;CHOQUE LATERAL;NO RESPETAR LAS SEÑALES REGLAMENTARIAS DE TRÁNSITO. (PARE, CEDA EL PASO, LUZ ROJA DEL SEMAFORO, ETC).;CAMIÓN;4;1;NO;2025;12;23;1;MARTES;10,35;10;MANANA;0,49999999999999994;-0,8660254037844387;0,7818314824680298;0,6234898018587336;5
2025-12-23;16:56:00;CUENCA;VICTORIA DEL PORTETE;RURAL;-3,07296;-79,064623;RED VIAL E 59 KM 17+400;CHOQUE LATERAL;NO RESPETAR LAS SEÑALES REGLAMENTARIAS DE TRÁNSITO. (PARE, CEDA EL PASO, LUZ ROJA DEL SEMAFORO, ETC).;MOTOCICLETA;1;0;NO;2025;12;23;1;MARTES;16,933333333333334;16;TARDE;-0,8660254037844385;-0,5000000000000004;0,7818314824680298;0,6234898018587336;1
2025-12-23;20:51:00;CUENCA;MOLLETURO;RURAL;-2,795528;-79,371472;RED VIAL E 582 KM 57 APROXIMADAMENTE;ROZAMIENTOS;NO GUARDAR LA DISTANCIA LATERAL MÍNIMA DE SEGURIDAD ENTRE VEHÍCULOS.;CAMIÓN;1;0;NO;2025;12;23;1;MARTES;20,85;20;NOCHE;-0,8660254037844386;0,5000000000000001;0,7818314824680298;0,6234898018587336;1
2025-12-24;12:07:00;CUENCA;SAYAUSI;RURAL;-2,788122;-79,203034;RED VIAL E582 KM 29 A 2 KM DEL CONTROL QUINOAS;PÉRDIDA DE CARRIL;CONDUCIR DESATENTO A LAS CONDICIONES DE TRÁNSITO (CELULAR, PANTALLAS DE VIDEO, COMIDA, MAQUILLAJE O CUALQUIER OTRO ELEMENTO DISTRACTOR).;VEHÍCULO DEPORTIVO UTILITARIO;0;0;SI;2025;12;24;2;MIERCOLES;12,116666666666667;12;TARDE;1,2246467991473532e-16;-1,0;0,9749279121818236;-0,22252093395631434;0
2025-12-25;01:30:00;CUENCA;CUMBE;RURAL;-3,086443;-79,013587;RED VIAL ESTATAL E-35 KM 6 APROXIMADAMENTE SECTOR CUMBE FRENTE A TRANSMIX SAUCES;ESTRELLAMIENTOS;CONDUCIR DESATENTO A LAS CONDICIONES DE TRÁNSITO (CELULAR, PANTALLAS DE VIDEO, COMIDA, MAQUILLAJE O CUALQUIER OTRO ELEMENTO DISTRACTOR).;NO IDENTIFICADO;0;0;SI;2025;12;25;3;JUEVES;1,5;1;MADRUGADA;0,25881904510252074;0,9659258262890683;0,43388373911755823;-0,900968867902419;0
2025-12-25;05:25:00;CUENCA;MOLLETURO;RURAL;-2,613611;-79,470556;E-582;ESTRELLAMIENTOS;CONDUCIR DESATENTO A LAS CONDICIONES DE TRÁNSITO (CELULAR, PANTALLAS DE VIDEO, COMIDA, MAQUILLAJE O CUALQUIER OTRO ELEMENTO DISTRACTOR).;MOTOCICLETA;1;0;SI;2025;12;25;3;JUEVES;5,416666666666667;5;MADRUGADA;0,9659258262890683;0,25881904510252074;0,43388373911755823;-0,900968867902419;1
2025-12-25;09:07:00;CUENCA;TARQUI (CUENCA);RURAL;-3,008259;-79,040051;RED VIAL E 59 KM 8 RESTAURANTE RANCHO ALEGRE;CHOQUE FRONTAL;CONDUCIR EN SENTIDO CONTRARIO A LA VÍA NORMAL DE CIRCULACIÓN.;CAMIONETA;0;0;SI;2025;12;25;3;JUEVES;9,116666666666667;9;MANANA;0,7071067811865476;-0,7071067811865475;0,43388373911755823;-0,900968867902419;0
2025-12-26;14:56:00;CUENCA;TARQUI (CUENCA);RURAL;-3,016972;-79,040139;RED VIAL E 59 KM 11+500 APROX.;ROZAMIENTOS;NO GUARDAR LA DISTANCIA LATERAL MÍNIMA DE SEGURIDAD ENTRE VEHÍCULOS.;AUTOMÓVIL;0;0;NO;2025;12;26;4;VIERNES;14,933333333333334;14;TARDE;-0,4999999999999997;-0,8660254037844388;-0,433883739117558;-0,9009688679024191;0
2025-12-26;20:40:00;CUENCA;TARQUI (CUENCA);RURAL;-3,00975;-79,039583;RED VIAL E 59 KM 10+300 APROX.;ROZAMIENTOS;NO GUARDAR LA DISTANCIA LATERAL MÍNIMA DE SEGURIDAD ENTRE VEHÍCULOS.;CAMIONETA;0;0;NO;2025;12;26;4;VIERNES;20,666666666666668;20;NOCHE;-0,8660254037844386;0,5000000000000001;-0,433883739117558;-0,9009688679024191;0
2025-12-27;03:30:00;CUENCA;MOLLETURO;RURAL;-2,613611;-79,470556;E582 KM 107;ATROPELLOS;CONDUCIR DESATENTO A LAS CONDICIONES DE TRÁNSITO (CELULAR, PANTALLAS DE VIDEO, COMIDA, MAQUILLAJE O CUALQUIER OTRO ELEMENTO DISTRACTOR).;NO IDENTIFICADO;1;0;NO;2025;12;27;5;SABADO;3,5;3;MADRUGADA;0,7071067811865476;0,7071067811865476;-0,9749279121818236;-0,2225209339563146;1
2025-12-28;07:05:00;CUENCA;TARQUI (CUENCA);RURAL;-2,977725;-79,047693;RED VIAL E 35 KM 8. FERRETERIA REYNA DEL CISNE;CHOQUE FRONTAL;CONDUCIR EN SENTIDO CONTRARIO A LA VÍA NORMAL DE CIRCULACIÓN.;AUTOMÓVIL;0;0;NO;2025;12;28;6;DOMINGO;7,083333333333333;7;MANANA;0,9659258262890683;-0,25881904510252063;-0,7818314824680299;0,6234898018587334;0
2025-12-30;19:10:00;CUENCA;TARQUI (CUENCA);RURAL;-2,997425;-79,046564;SE ENCUENTRA UBICADO EN LA RED VIAL E-59 SENTIDO TARQUI ¿ CUENCA AL LLEGAR AL KM 10 APROXIMADAMENTE SECTOR ROSA DE ORO.;PÉRDIDA DE CARRIL;CONDUCIR DESATENTO A LAS CONDICIONES DE TRÁNSITO (CELULAR, PANTALLAS DE VIDEO, COMIDA, MAQUILLAJE O CUALQUIER OTRO ELEMENTO DISTRACTOR).;MOTOCICLETA;0;1;NO;2025;12;30;1;MARTES;19,166666666666668;19;NOCHE;-0,9659258262890684;0,2588190451025203;0,7818314824680298;0,6234898018587336;1